Date,INTERBANK CALL LOAN RATE,Real GDP,CPI,Wholesale Price,Industrial Production,Intl Trade Merch Exports,Intl Trade Merch Imports,FX Rate
2001-04-01,9.875,2.414137607121236,7.551018164178491,7.2146119111955676,21.064873366080782,13.683626034969043,31.13520554016933,21.84350178421328
2001-05-01,9.34375,3.268184788982209,7.426241153884194,8.432629319763961,15.650250254110665,2.63552238648066,49.747061423526226,20.888136818750034
2001-06-01,9.0921875,3.268184788982209,7.411171256730054,8.469949804726662,10.694178010301547,7.047289941865542,45.58276662264122,20.725387993594225
2001-07-01,9.196022727,3.268184788982209,7.236183933812379,9.88213791854793,8.655032001233254,-8.622024150749596,38.405294474700625,19.994097300266244
2001-08-01,9.264204545,3.1104413690406396,7.400006654784441,9.784558406306676,7.508969461597692,-3.5006026225951947,28.56569975048351,15.79156845617964
2001-09-01,9.23046875,3.1104413690406396,6.965171618466992,9.472740216228924,11.640447270074162,-14.299049931047758,26.34893244154448,12.054296334086345
2001-10-01,8.984375,3.1104413690406396,6.838448500679628,8.745577763412848,5.269903711920354,-12.68009688244045,3.6480656402308576,7.539927872759877
2001-11-01,8.689144737,3.348573566297075,6.0963647176983216,6.46288663678245,0.35735835668282423,-7.311718699020253,-4.653690721668169,4.494482854231818
2001-12-01,8.851102941,3.348573566297075,5.048544213043327,4.663214111206626,3.1603138704634492,-17.191585997204772,-13.24763867401353,3.7933788478670127
2002-01-01,7.811079545,3.348573566297075,4.52793343618223,5.410122907630388,-2.568322651992627,-21.75653335612121,7.624421474783172,0.8640678340961383
2002-02-01,7.498355263,3.876541250939902,3.7142860063543726,5.484146477856311,-8.365021407026651,-7.66883107735744,-30.090635243492393,6.195905566873061
2002-03-01,6.990811765,3.876541250939902,3.2288730748268435,5.097706325200835,-5.462966143458625,-0.2912023270301489,-0.5219607325367859,5.361828438726524
2002-04-01,6.970240476,3.876541250939902,3.510433465875984,5.962517286155,-11.063464441124548,4.486679912980152,6.504537568496249,1.597679334670099
2002-05-01,7.076706818,3.660184710781933,3.5037929858610317,5.917157655588068,13.043477907677193,24.108432113131762,12.535607228123325,-1.386229240609993
2002-06-01,7.125002778,3.660184710781933,3.4971614191070532,5.625527010503362,4.566640712562586,10.817769487214157,-1.057510019620933,-2.100635615039792
2002-07-01,7.110130952,3.660184710781933,2.9053373796066095,4.207919171054142,2.123894333825338,11.298036736602835,3.370966731434377,-4.937349051866313
2002-08-01,7.09375,2.676963822642753,2.6070737664841026,3.761246953647168,2.7255626909282515,18.121494597764464,5.5586167965322675,-0.3743284649217915
2002-09-01,7.0484375,2.676963822642753,2.9767441896888958,4.081635438879649,-2.5086511728373173,15.673171547685861,17.23460643447423,1.7157849971182415
2002-10-01,7.051136364,2.676963822642753,2.690167104467056,3.7368016497975054,7.602862642897534,18.834247437721928,17.890488111246338,2.268655003626918
2002-11-01,7.0625,4.565112658803661,2.5949928678218326,4.840030323064792,9.833189953924904,5.476621677691629,18.57876672667116,2.5356951958275253
2002-12-01,7.080882353,4.565112658803661,2.4029596685465116,5.1980234265193825,9.52805276343016,21.019577797246946,45.18335742686408,3.3415859155828898
2003-01-01,7.067434211,4.565112658803661,2.488482048024898,6.456956389516111,10.654206930231114,14.024248964390495,18.836364165059493,4.189518599697828
2003-02-01,7.060855263,4.618476885401868,2.7548235241004804,6.255075313279557,14.834025365274496,8.32099867610967,56.76668315036557,5.446696881619895
2003-03-01,7.117564286,4.618476885401868,3.2198689804313174,6.467255045941678,11.165525103959917,11.927679384445433,37.38294592857088,6.902441699788597
2003-04-01,7.19065,4.618476885401868,3.0247485441522226,5.546626368798857,21.69720354439466,17.260294984211466,28.342995841626074,3.568737521129739
2003-05-01,7.121875,4.388969046672586,3.293687418593083,4.30965827213412,2.504476584863391,2.5748324019946756,3.0500622604268557,5.355075781482355
2003-06-01,7.06719,4.388969046672586,3.37899835982467,4.292529123709965,8.734401460796626,2.117225701143366,29.11579246965097,5.937186430732111
2003-07-01,6.842391304,4.388969046672586,3.916214039232857,4.196363699529537,5.1126459303050265,10.395315869529199,11.284470027193617,6.161531149234056
2003-08-01,6.8265625,5.521910708229916,3.720505801367713,4.097708736870631,13.815187436131282,-0.8622016936104648,16.24142185576394,6.175068980769649
2003-09-01,6.941761364,5.521910708229916,3.4327064636638926,4.2352954260806985,9.228034379888129,5.168255459793891,5.151139047568254,5.552089404173133
2003-10-01,6.821022727,5.521910708229916,3.6133723230998616,4.1503510170775915,2.4106407507130667,10.854814990365336,7.947059179340643,3.8652800824654276
2003-11-01,6.817565789,5.736621674406028,3.6133723230998616,4.538341384664779,-0.23980982445932497,14.335634942241171,19.86197034196484,3.8710544975898653
2003-12-01,6.970394737,5.736621674406028,3.8808671648658866,5.568628199832348,-0.731709153135407,3.2934783737816664,17.404645021277144,3.5980077040334013
2004-01-01,6.840625,5.736621674406028,3.8669015151581165,5.6765155531637745,1.182434469810545,13.006197128627628,29.209161903201995,3.6640622812176282
2004-02-01,6.875,7.1762663460158915,4.110806200417261,4.740061938781648,10.027101549426408,8.036833919353704,14.819833670914996,3.6888445059575004
2004-03-01,7.088315217,7.1762663460158915,4.010695182150337,5.011388989467491,8.458144946417278,11.750367528059801,13.736285210478583,3.1361586723963164
2004-04-01,7.205882353,7.1762663460158915,4.181499674505962,6.5498858573894925,1.4263062428628626,10.97849542935585,9.66232138635359,5.8649754965719225
2004-05-01,7.151713158,7.492913156741743,4.251547957244495,7.804128427478996,8.551482013593613,16.14587344078542,16.442937253909594,6.357515119369461
2004-06-01,7.230654762,7.492913156741743,4.5052981476121134,8.307925091033109,6.065568782936381,22.765531799672445,5.4713766022544075,4.842054154028896
2004-07-01,7.154829545,7.492913156741743,5.433832353332857,9.270508985229075,12.448475254329061,13.704533437363441,24.778872786850247,4.1682027680289835
2004-08-01,7.151928571,6.253248794458721,6.561680572943618,9.538228637683876,6.430869828489483,7.513594861536399,12.071174657990834,1.5327451912478862
2004-09-01,7.017647727,6.253248794458721,6.812220058995311,9.857029525386318,3.655565714890252,15.929325977973452,11.40537439745719,2.1621340303357828
2004-10-01,7.0,6.253248794458721,7.236266386159351,9.92481593490262,11.282470659394562,10.992583351953588,19.529568793146357,2.5285215261440674
2004-11-01,7.118578947,5.5063080412562915,7.672189032426591,10.404197264124315,13.782058493349169,15.163332983579348,20.782278862481718,1.7161503482678864
2004-12-01,7.046877778,5.5063080412562915,8.16681190198314,9.583953135948619,14.905820964341343,21.363534633073144,4.81197180253119,1.3305558113271498
2005-01-01,7.023809524,5.5063080412562915,8.571434090016506,9.492276142700806,14.02337437234693,4.574181138396716,-0.6584950524440969,0.43239211143948353
2005-02-01,7.110197368,5.020577912012536,8.412020245468256,10.364965387670754,3.625422122436217,15.967130458400725,0.876920909304979,-2.2413880498158845
2005-03-01,7.096875,5.020577912012536,8.48328831410672,10.267536140772716,4.512593767016204,-2.5507132718571968,-5.422093874365929,-3.3083777424444683
2005-04-01,7.3203125,5.020577912012536,8.454310197419822,10.721938765346328,4.739498368566641,-6.080189036269457,-5.595919048611975,-2.5260008067943596
2005-05-01,7.194068421,5.657725392187696,8.496176892147055,11.426551534082318,11.541370857159983,5.908023514886729,6.28739172850703,-2.6935207831276786
2005-06-01,7.228829545,5.657725392187696,8.45308556715041,10.767067181517875,10.816908767954715,-1.5603375100964323,3.1496230265066316,-1.4392661956163733
2005-07-01,7.323115789,5.657725392187696,7.564415656411949,10.848405645509906,5.759579196314113,-0.11519702652247332,9.947636168450202,0.09556768700846874
2005-08-01,7.209635417,4.379516389521343,7.1428573897035275,11.402909185678634,11.20329319050979,12.769479825614095,2.001757415344474,0.2114701555659959
2005-09-01,7.355113636,4.379516389521343,7.195423777563503,12.05479534058611,17.577049164380696,2.6338557510928506,15.180540551531196,-0.10139970404871024
2005-10-01,7.6984375,4.379516389521343,6.9918730820864194,12.380304013896492,9.784631496022133,0.7407999821733124,13.405983359546504,-1.124800324551889
2005-11-01,7.922763158,4.724401633528341,7.044534499887289,11.864404576338284,13.960101016501758,-4.4183179784966775,2.4023688659770226,-3.1275026422296404
2005-12-01,7.763888889,4.724401633528341,7.068268619800988,11.796605594778665,12.529444345100238,-4.575884214240533,5.2356372168839815,-4.576279231200453
2006-01-01,7.734375,4.724401633528341,6.618817785216091,11.693543783216187,15.410458381278836,11.109375969386658,22.649109203144647,-5.6468876314908485
2006-02-01,8.1234375,4.501927238963188,7.142334501023817,11.24338333906385,9.433975205014189,-4.822677663646302,-0.10189607145609791,-5.465949201295828
2006-03-01,7.919836957,4.501927238963188,7.651158671397762,11.213114102180398,7.917797424899109,8.609908568747816,0.5309576656979731,-5.917110805106695
2006-04-01,7.923611111,4.501927238963188,7.637939730366039,9.6836681688359,13.282480366496351,18.789553579487173,3.7606279912451024,-5.747730616624091
2006-05-01,7.948863636,5.919076820269731,7.263956521511261,9.49044252938236,1.7044187405783173,13.796504341830307,1.4021724870412866,-4.073937967439301
2006-06-01,8.050597619,5.919076820269731,6.9773689052075705,10.35578241777566,4.799717390058378,12.591207563869444,12.377139854426677,-3.6651247885711835
2006-07-01,8.0703125,5.919076820269731,6.600988338349145,10.037645689248208,3.0568603248781523,16.018309660778264,3.6289124339172973,-6.443215215458298
2006-08-01,8.110795455,4.702968714051847,6.125241240184054,10.049625239834059,-1.282535074143143,5.40872615296768,7.437799447303561,-8.204358485222773
2006-09-01,8.151315789,4.702968714051847,5.955192529810849,8.618581222345378,-0.9233684634701311,11.285163580009705,5.61087387992909,-10.248152751016804
2006-10-01,8.065478571,4.702968714051847,5.5526245754972114,6.208152992778504,-2.071478712708208,1.7679018039217675,-9.961817177552213,-10.23896243461946
2006-11-01,7.311014286,6.012351501971014,5.282258520929739,4.969697936054462,-4.451669179060202,3.8053279740438484,1.2733107125846743,-8.645711733539652
2006-12-01,7.647569444,6.012351501971014,4.620423127192574,4.912066868787601,-0.33527518964742153,1.2357893812787735,3.72074502299784,-7.731047764715759
2007-01-01,7.644886364,6.012351501971014,4.410595358474989,4.813473219162567,-2.168626650989647,-10.902544007394077,-8.25030159789586,-7.037285640609669
2007-02-01,7.5734375,6.164153381002713,3.771670389402848,3.0321035355970416,-0.5344777661172584,11.807024635017793,-1.9841952932724727,-6.629992589276068
2007-03-01,7.920454545,6.164153381002713,2.9352226314264263,2.0047161998056007,-10.35840155962282,0.814220222640083,0.911124251863682,-5.274781541063978
2007-04-01,7.994791667,6.164153381002713,2.6236166715063236,2.5897615324710355,-5.74098114729058,3.029610733965038,2.385678087060028,-6.887260336948053
2007-05-01,7.691964286,6.842205770910503,2.618333868413103,2.6759720662137276,-4.27233687311579,-1.9806517679545554,-8.57722423832602,-10.192610493796273
2007-06-01,7.41875,6.842205770910503,2.6130569291862304,2.0725330274504294,-8.427342386991088,-4.468239388547768,-13.32070005221756,-13.162068100583236
2007-07-01,7.242052273,6.842205770910503,2.699993837591652,1.482325830556941,-4.0230908034380235,-11.035876654805698,-9.80165558494649,-12.925227664834072
2007-08-01,6.72172619,6.546757446526019,2.8884460365354414,0.8455411921989286,0.12479777140856907,-6.36665376895359,-0.37520374272695944,-10.295708580071029
2007-09-01,6.5968775,6.546757446526019,2.681226974902784,0.7315705956923546,-2.4416605844187256,-12.994769652442429,-8.055552610324046,-8.471543603276043
2007-10-01,6.397321429,6.546757446526019,2.879841094159441,3.381087003488248,-3.419050723963757,-3.7384111843650314,-0.348426938704971,-11.246190766417785
2007-11-01,6.434210526,6.502260762786927,2.874132617428482,5.542719575141319,-3.2960275709338127,-1.6494269981483178,-2.6081367172282266,-13.293220756244818
2007-12-01,6.314236111,6.502260762786927,3.0662754267547943,7.167629820906973,-6.134747258787043,-14.584052859719199,-2.3530116828105574,-15.6146746540342
2008-01-01,5.829545455,6.502260762786927,3.754939218725273,6.773828996096021,2.6097187843168834,2.3648094286141896,0.8499965860246927,-16.30652857733611
2008-02-01,5.321875,4.16965938296876,4.61689124993121,7.963072386044345,-3.009036262152054,-11.358365417506155,7.0281177248816995,-15.936409380887461
2008-03-01,5.189144737,4.16965938296876,5.113075075818263,8.55491912334534,7.455261679453851,-7.085763102954379,2.3305987496560876,-14.9737717096592
2008-04-01,5.15625,4.16965938296876,5.899710781091483,10.728634876764875,-4.488518003063291,-20.140290720585853,-4.2964914717741,-12.55241777288606
2008-05-01,5.139883333,4.773042383055803,7.2620123431105466,11.444760784213548,7.182838328421437,-8.130910369638078,-2.07818141361501,-8.356855935884289
2008-06-01,5.3671875,4.773042383055803,8.32517906550978,14.551609032335167,8.668533836746107,-6.048949026564854,2.050389728501778,-4.071910511555976
2008-07-01,5.675,4.773042383055803,9.444985918006378,19.269654164583415,7.686421942014721,4.776408829959489,8.521983374933239,-1.465925932856471
2008-08-01,5.8515625,5.435238743205084,10.164564275909193,21.07322624985164,10.261102603559301,2.9474173404970383,15.009830834287442,-2.597504750478241
2008-09-01,5.484379545,5.435238743205084,10.541592158391765,18.6033496214155,6.5502731318809015,3.8878603609168616,-1.453085962585332,1.2156072976836851
2008-10-01,5.534090909,5.435238743205084,10.13513222952036,15.07760037512369,14.519234305973349,2.8674551297060535,4.695278423427385,8.212974521856943
2008-11-01,5.7140625,3.1436274968777544,9.730247330960129,9.135667966537376,10.505430246480607,-7.106364508432506,-3.576427076330002,13.810494011337893
2008-12-01,5.793269231,3.1436274968777544,9.021107310965792,4.422870479400953,-0.16708073191161743,0.8847414935461817,-21.947328683867863,15.215397339016711
2009-01-01,5.4828125,3.1436274968777544,7.714283293881685,1.7741909189791016,-10.121283770492006,-31.254669673347944,-23.970887569736266,15.313511088805942
2009-02-01,5.219791667,1.1172643634175916,7.042258666405132,-0.6413668892901625,-26.560740367271187,-31.404938269086646,-24.409244775039785,16.998433777301326
2009-03-01,4.89732381,1.1172643634175916,7.202992844343203,-1.4377024759581247,-23.172654863478147,-28.545490297558295,-20.138378665160594,17.46730505251566
2009-04-01,4.724264706,1.1172643634175916,6.499528760244844,-4.455959567975166,-15.044255080475244,-18.967234644572173,-25.271150841929146,15.296557732888827
2009-05-01,4.572434211,1.892132572048033,5.580975953435208,-5.388915330162581,-20.755687918392475,-25.40011515992483,-27.538541390887815,10.773863105353133
2009-06-01,4.329166667,1.892132572048033,4.43038078582545,-7.336285297262524,-15.52707507410772,-19.189726849393907,-16.275817301928274,8.18584167153682
2009-07-01,4.244485294,1.892132572048033,3.113881218403769,-8.761183177636722,-15.985139670004001,-18.641880660724887,-16.576563356606943,7.0952055814637705
2009-08-01,4.112980769,0.9278771365438754,2.108962737351505,-11.172664837934764,-17.360732557399704,-19.97901222614268,-26.64653851549247,7.3172865944795
2009-09-01,4.13334,0.9278771365438754,1.7497825339386042,-8.384358377040558,-13.632671489119396,-15.298539334765382,-23.15429434413193,3.0993867969069555
2009-10-01,4.033653846,0.9278771365438754,2.1910621315641476,-6.406552182857195,-12.994719136374577,-15.894564439207192,-22.874281047421963,-2.4444539091671658
2009-11-01,4.4375,1.7838363867850981,2.8094783477399243,-1.6040058740302232,-10.279141927606917,-8.364932132008363,-18.856044509040505,-4.378827694289056
2009-12-01,4.191673333,1.7838363867850981,3.6091595534709198,2.634296494531796,2.259253827225849,1.2889997978373202,0.3727093694289918,-3.478967182462611
2010-01-01,4.156266667,1.7838363867850981,4.5092891512460875,5.652403712886445,9.683607908588598,20.01128377762649,15.26210652330715,-2.498668104301993
2010-02-01,4.12918,8.120344703950334,3.9473617468805955,8.337817786239142,35.63521373626863,38.83308268361765,28.485254698468832,-2.675133000101926
2010-03-01,4.130225,8.120344703950334,3.9267045296220715,8.806050667527732,30.10303346637253,38.24092582174039,23.90883036781868,-5.603955273481153
2010-04-01,4.226570833,8.120344703950334,4.010466881980745,9.652923893501896,23.591519432209452,35.699098048249375,31.42377135802046,-7.445470760189332
2010-05-01,4.218754545,7.974927709201984,3.986130539662347,9.02739815192346,24.32993057350492,19.391423656542806,38.49951677393826,-4.054874704423117
2010-06-01,4.078125,7.974927709201984,3.7229411621962916,7.226351854563706,19.254617194106928,31.91280794586122,27.797505233707053,-3.34532127382301
2010-07-01,4.183042857,7.974927709201984,3.710093782670576,3.9235912475100054,17.9221388121793,29.32812356471417,-0.5306839986185197,-3.7920642893019108
2010-08-01,4.082409091,7.069162795475603,3.700515356750933,4.209978263764369,15.11153604717197,30.697336155136323,11.919873440418582,-6.183972943769067
2010-09-01,4.200673684,7.069162795475603,4.0412699133195895,3.650381572265715,16.355500803718193,28.74805854755429,15.517231958533406,-7.947197790860095
2010-10-01,4.14376,7.069162795475603,3.8593510572753953,3.5512111790280354,7.654632971743136,35.1297882046409,15.292128051233679,-7.270608734797102
2010-11-01,4.25,6.29893204123626,3.330487395441506,3.4640841390897403,9.506803566945244,18.25543543481032,19.20081736120305,-7.527953841471002
2010-12-01,4.25,6.29893204123626,3.6533549743636984,4.428791903894669,8.593549855645644,3.289741298694615,25.597560074548632,-5.31289682539674
2011-01-01,4.239583333,6.29893204123626,3.637900839095254,5.09999804019623,8.891908391171931,19.90062958216976,19.1790883186393,-4.03108031661329
2011-02-01,4.238489474,4.827020969669649,4.050632331187742,6.703073968806628,11.551255553064088,7.3442035570606246,18.093416460462784,-5.632498121420982
2011-03-01,4.290782609,4.827020969669649,4.7019363529990255,8.689174387733601,10.891536244700184,3.865345954603394,17.865832076631616,-4.867419399910922
2011-04-01,4.473705263,4.827020969669649,4.777868829690424,9.49554849680101,9.47562094813248,-0.8389415546487422,16.032933998024014,-3.106715964642326
2011-05-01,4.707257895,3.5603275744885643,4.666671888041396,10.694929169135259,5.198689050785843,15.327797613102124,16.982963908174177,-5.409067036594129
2011-06-01,4.674128571,3.5603275744885643,5.0918160563487636,10.009912144141575,4.444822584713948,-8.122211597814532,-3.8085212681454816,-6.3431146203856485
2011-07-01,4.654790476,3.5603275744885643,5.241264677341251,9.885746645764627,2.232854045842103,-15.055696882648151,-0.20484828897414653,-7.580937278124599
2011-08-01,4.708892105,3.035783400688663,4.979256768669815,9.775559798893152,4.223386232228665,-8.552776474669754,-1.4566062054393702,-6.1120409092441434
2011-09-01,4.712505,3.035783400688663,4.710741950898134,8.184528639800725,1.5848154688174576,-17.903653555610155,6.867896940836227,-2.906620913857194
2011-10-01,4.680292308,3.035783400688663,4.706851904711207,9.095433638123595,1.9043218787179406,-28.915212567989578,7.724488022177267,0.014961479943575995
2011-11-01,4.617803846,4.034919686904992,5.206611847444309,8.222550706114863,-10.260834001991581,-13.289437090832934,2.3690149996727694,-0.49967023458729054
2011-12-01,4.699519231,4.034919686904992,4.754098307351695,7.421686371043124,-4.015709170464577,-19.31581122526914,0.7437412535293397,-0.6965767554782953
2012-01-01,4.664616667,4.034919686904992,4.163270057288981,5.804000186597658,-6.375296900431682,-19.37616129241464,-6.938833973410352,-1.2520267007037011
2012-02-01,4.392377778,6.040022677967993,4.05112160998411,3.5423131511837402,4.25451596547366,1.536561792399871,-4.482959195068004,-2.3850438418283826
2012-03-01,4.187521053,6.040022677967993,2.9872815236737127,1.6502624231818697,10.160764445939098,10.156410409166284,0.08682314593257967,-1.513549875072151
2012-04-01,4.156272222,6.040022677967993,2.948309905337587,0.7038554994738044,13.553320679809167,-2.0967255269665808,-4.618253555434815,-1.249718186215909
2012-05-01,4.09766875,6.219336594064684,3.1816859783408313,-0.8301981431462546,6.143327681620647,6.353505670083259,-14.367760210423253,-0.6475029403208987
2012-06-01,4.1187575,6.219336594064684,2.8324740104816337,0.4316804705826849,-1.9254459867264484,19.012190516111826,9.414180654490046,-1.3587169573472835
2012-07-01,4.087178947,6.219336594064684,2.756163690099256,1.097291625813246,8.883327366416127,2.7148918082990914,11.541215084016665,-2.1102054197748576
2012-08-01,3.8633,7.399509651961789,3.06473912474039,1.8051470757687094,2.5408545512676906,3.9235935492914598,-1.0535187249087752,-0.8856346598396625
2012-09-01,3.795967647,7.399509651961789,3.723631004359551,2.4320225247410843,2.36260775381818,-9.410593339527418,1.328648251888609,-2.9672689855097745
2012-10-01,3.803580952,7.399509651961789,3.6418282264095048,1.7786955060773435,8.162760881358011,19.609613205722233,1.5332621256541001,-4.601148953459733
2012-11-01,3.613842857,7.843869981168594,3.234750835401101,1.3354767899514286,17.04639468677098,1.3947518415922566,0.3462533267578394,-4.973753855434737
2012-12-01,3.623266667,7.843869981168594,2.830858715804929,-0.3739388261362997,7.862836768175718,1.81545241102814,-1.6157563175500322,-6.052544493174183
2013-01-01,3.544283333,7.843869981168594,2.8900591889729377,0.2510486760946895,6.0349585442673215,9.470390452729593,7.462370625313208,-6.624712609797879
2013-02-01,3.1652,7.593128949876937,2.8397614746589417,0.7013997785150439,-0.7525398254892401,2.339708491542325,-14.009609438579297,-4.661219856319376
2013-03-01,2.860210526,7.593128949876937,2.9382004960514685,0.9017975680822188,-5.976774259632767,-19.483549420375123,-10.187269459251835,-5.00410340788825
2013-04-01,2.66877,7.593128949876937,2.7300264279405573,0.6999969999999855,-13.439660643221584,3.1794602606844524,-12.443765706165188,-3.647652900316234
2013-05-01,2.166690476,7.512418484037142,2.2088326392664337,1.1010990770550677,-6.75290669543126,-6.221375767226,3.8117020706373683,-3.626208569501166
2013-06-01,2.241794737,7.512418484037142,2.311555341979088,1.199996999999997,1.8931092450449993,0.2909731400544846,-5.648437940186124,0.3050682523235482
2013-07-01,2.069321739,7.512418484037142,2.5024994277053736,1.1964077408851193,-7.414098900160171,4.72321579769599,-3.5831059310417634,3.461272675233129
2013-08-01,2.042317647,6.708965473955697,2.395215663298278,2.189051741293535,-3.7942838723435623,6.389454540635731,12.676923126934136,4.325654759217934
2013-09-01,2.010433333,6.708965473955697,1.7821791833839695,1.6966118272438768,-2.927122350702138,35.67812576907736,11.949804565193812,4.98901055909069
2013-10-01,2.025319048,6.708965473955697,2.2772264411034415,2.1956138381920454,-3.3038980298734644,10.144130002886854,12.527030329192135,4.174307957641754
2013-11-01,2.0328325,5.351246094477569,2.3762354282579112,2.2021981541101354,-2.258142508342953,18.741860413182355,-4.370937083232718,5.915161630111188
2013-12-01,2.01565,5.351246094477569,2.8712826859773832,3.112448857679695,-5.099327297593237,26.962091330671335,13.830041974966868,7.5537750585608965
2014-01-01,2.0268,5.351246094477569,3.76610396149073,3.400001999999991,-3.084945765867686,34.528070446561834,10.643636665991373,10.30474577044016
2014-02-01,2.021394737,5.698822273565307,3.7475335131887944,3.0845751243781194,3.3082512358235006,6.575706183427621,40.290797122352615,10.382386024869517
2014-03-01,2.020861905,5.698822273565307,3.641732213036142,3.5749812385794,5.089437888504911,37.084195668711615,13.74125874982013,10.01864152172731
2014-04-01,2.019757895,5.698822273565307,3.543306768550303,3.972194755874714,0.031851268591376325,23.27256082896769,21.800608078653028,8.505470324754505
2014-05-01,2.010433333,6.936488730880086,3.6345775986174944,3.7623792079207963,10.850326874574744,9.729385812011436,12.82881553891768,6.358842731441605
2014-06-01,2.115655,6.936488730880086,4.02750359907067,3.8537560430955464,11.44832744584936,22.747398083278124,2.094012746725582,2.122156637619721
2014-07-01,2.269371429,6.936488730880086,3.808601185328331,3.842366502463057,10.116624879691848,24.005542805810222,0.6750515984553784,0.25522321525568437
2014-08-01,2.2747,5.935092017294252,4.191029817844449,2.434274657281632,6.02406889288174,11.862603370582757,1.4690240536083587,-0.22028432558798272
2014-09-01,2.425628571,5.935092017294252,4.182876090864607,3.532873335959308,4.489974811219999,10.085002064858006,4.748996837430575,0.5551523790072732
2014-10-01,2.531263636,5.935092017294252,3.8722152068392246,3.4179686832428002,5.495249008206637,16.63261732966468,1.9923053528303258,3.7408402398279472
2014-11-01,2.59065,6.7276088463027905,3.6750474017379187,4.113619081559627,8.012417877375144,6.359147221523664,19.826721340539265,3.2070091333636253
2014-12-01,2.593788235,6.7276088463027905,2.983641175588514,3.700100400197681,6.934929354066766,23.456960901955213,2.141714988195287,1.3229712796670734
2015-01-01,2.560679412,6.7276088463027905,1.9102199662132557,2.8046430792138644,3.2137821793313037,-2.097649879986485,1.571030584944011,-0.7170804573363831
2015-02-01,2.518118421,5.24949402729904,1.520914149534125,2.6061824827448454,-1.1469945606922383,-0.8480352264835345,-6.505925086028908,-1.5004601379827842
2015-03-01,2.521340909,5.24949402729904,1.519468669419699,2.684558887308941,-7.791249143289781,-4.30740198312839,8.657187943801613,-0.7721821218101499
2015-04-01,2.528005263,5.24949402729904,1.520914149534125,2.387774662495934,8.344215656008313,2.4251542429620354,3.0158347381324724,-0.5107346231386867
2015-05-01,2.51565,6.3987760639389935,1.4218034394192447,2.480915005317308,-7.093387062872914,-3.2449953280952792,-6.225584053655842,1.564035403449271
2015-06-01,2.510955,6.3987760639389935,0.9442905753263231,2.378687010060654,-9.354508570520082,-16.092728786726585,-3.1062656868274474,2.6602221878082144
2015-07-01,2.516395238,6.3987760639389935,0.5644372519629348,1.7077751099093819,-9.645408906923269,0.8994721605243283,26.394917397067054,4.137403048990174
2015-08-01,2.521410526,6.5874003241178425,0.18709011206332615,1.8060846522647722,-8.915998590555397,3.180288903029993,28.22561697290331,5.425702188246717
2015-09-01,2.528319048,6.5874003241178425,0.0,1.327016113744084,-8.32162016962762,-0.9980741437689122,11.620617069005279,6.069828798869481
2015-10-01,2.524186364,6.5874003241178425,-0.37278533512415946,0.8498592851773568,-8.124785041760973,-10.153746042111544,14.55508419324747,3.4891071307174615
2015-11-01,2.51760625,7.045169987486433,-0.18656544793071994,0.47036687289652157,-8.98996716476137,-7.7322043341773945,20.97531692371055,4.572243578620472
2015-12-01,2.543427778,7.045169987486433,0.28037234364262087,0.37558873239436075,-5.336177113846574,3.5255500812546803,15.24597919053483,5.6895911002159405
2016-01-01,2.52504,7.045169987486433,0.749760974882463,0.7525822929656867,-6.710092160316716,2.5404259652055616,20.66155222785291,6.516593584121866
2016-02-01,2.519768421,6.918608046680141,0.7490600558966554,0.6585107998538842,-2.0312879879268997,4.08985703903868,28.453021887273124,7.721915815883262
2016-03-01,2.528319048,6.918608046680141,0.4677247317095956,0.18674603523336497,7.220586083484792,4.0820686993197075,13.757478053139515,5.125858542589401
2016-04-01,2.523847619,6.918608046680141,0.5617947674413593,0.09328918171518374,0.23295989722607047,-8.765451702551463,22.98793411749367,4.212551445972257
2016-05-01,2.525338095,7.439518318733995,0.6542017698753622,0.3724404027478645,6.625974861424533,0.7903056558829391,41.6963458787061,4.912925883726538
2016-06-01,2.51565,7.439518318733995,0.935449463419169,0.09293587533338865,4.129153637994687,3.3782090633279527,53.3632628220398,3.2930373340431585
2016-07-01,2.521405263,7.439518318733995,1.3096373658276317,0.652989757079947,6.873919666415218,-6.177291666491391,25.92533380640567,3.9615475764890773
2016-08-01,2.517215,7.329800884047444,1.307191739337621,0.6535994519813126,9.270251081762982,-7.386025189862466,8.667607834979263,1.1678376237779897
2016-09-01,2.514826316,7.329800884047444,1.307191739337621,0.8419092452402355,10.1972041012109,-0.9923427831376785,13.807350596670176,1.4522912445926073
2016-10-01,2.5058625,7.329800884047444,1.683817589954284,1.3108557684216482,7.603533306813204,9.920259921746055,19.98437001843769,4.286565876424109
2016-11-01,2.501565,6.913046088932995,1.7756999114239447,2.0599222267811967,6.326429963531455,14.39772995945412,15.855754289743018,4.570227374562363
2016-12-01,2.518775,6.913046088932995,2.050324807224513,2.05799434877465,12.990002711356553,-0.14015635219734035,26.58360802218578,5.473781335805739
2017-01-01,2.527788889,6.913046088932995,2.232564904370604,2.0541597022252,21.920001676404155,12.409413019522454,25.553924661158376,4.683507042113777
2017-02-01,2.51759375,6.374132030726565,2.5092978722330628,2.0560719626168122,13.909998494873976,37.67085290856891,21.538968040569316,4.881370389112183
2017-03-01,2.535536364,6.374132030726565,3.072628022191659,2.4231117682261383,10.209999584763096,24.099811258603697,26.788599573186445,7.600430509681821
2017-04-01,2.577241176,6.374132030726565,3.072628022191659,2.329916057877468,15.809995210785011,36.865034483345106,30.918927112754346,7.730712028117348
2017-05-01,2.57815,7.177093432227855,3.156918873344461,1.948050966195236,4.489994354547955,40.16262589197011,11.815848781032301,6.5339382913921495
2017-06-01,2.5543,7.177093432227855,2.8730335741483426,2.2284132468453066,8.28999603755831,32.15008173308733,28.070718606313605,7.286527922615349
2017-07-01,2.5655,7.177093432227855,2.4930712561656465,1.9462446349166829,7.899997787113122,25.641294828972416,8.018130120430044,7.607809231971729
2017-08-01,2.553335294,7.5315994685905885,2.396309619876713,2.133576007414395,6.150004437088263,31.137286921566965,7.299303652508526,8.984089673276085
2017-09-01,2.5712,7.5315994685905885,2.5806407965681677,2.133576007414395,14.600006225058792,29.707703718147126,36.57408426661293,7.548148485945849
2017-10-01,2.65784,7.5315994685905885,3.0358796902334895,1.6635887707094899,9.369998110476164,19.76512539918247,12.460772532800535,6.19485316930104
2017-11-01,2.69046,6.641204960911118,3.1221318008648913,1.1926633027522948,11.46000118688324,24.840771689989218,24.460315574807655,3.8314515308717656
2017-12-01,3.085547368,6.641204960911118,3.0136998535491344,1.2832282545046425,7.1747859532520275,18.288134447840633,24.38279705811688,1.162561209952817
2018-01-01,3.098238095,6.641204960911118,2.911731280700147,1.280872791924792,13.406078019573053,9.657406344894248,27.29492848688686,1.552952620583592
2018-02-01,3.075673684,6.454566427002706,3.4451496941859228,2.0146566487543094,10.905857079717585,2.6977253479827823,13.891201945715913,3.6512819475582603
2018-03-01,3.065655,6.454566427002706,3.794035813279284,1.9108261708675744,15.510343018077943,5.063523009709758,17.887866990370128,3.5652310025952927
2018-04-01,3.15159,6.454566427002706,4.33604577172122,2.0036402002648446,10.506790004978406,3.9932493992205664,6.9102080883741035,4.48422431031128
2018-05-01,3.30657619,6.378896018611369,4.500453001350024,2.001816160112524,21.80481127923084,2.617072773525475,34.46305163488756,4.682062664499065
2018-06-01,3.462194737,6.378896018611369,4.594596687371788,2.179838368389442,14.806632184768521,6.569759401026243,22.961564777251464,6.414293208935118
2018-07-01,3.639213636,6.378896018611369,5.225223628281106,1.8181818181818077,10.909027307624374,10.393182461261663,38.25384225653523,5.5189938432588015
2018-08-01,3.934538095,6.145965198590453,5.670571921566059,1.8165304598824816,11.108266416975443,7.886920424492683,47.50428614377067,4.715131195307998
2018-09-01,4.20315,6.145965198590453,6.379156883066939,2.089013661925776,4.10636697232547,8.807470850084398,17.854028449096802,5.748896746627796
2018-10-01,4.641321739,6.145965198590453,6.696428505994234,2.181820000000001,3.207118116858032,7.048099049970391,37.85534484588589,5.191067222775514
2018-11-01,4.782921053,6.383799792643541,6.6785396557550225,2.17587845396523,4.106763351108289,12.019006923125009,32.491080058753205,3.4678102993038085
2018-12-01,4.948788235,6.383799792643541,6.02837154795961,1.9004506787330344,2.3058964983796226,4.605482453008247,13.526638989285367,4.711448318230693
2019-01-01,5.096627273,6.383799792643541,5.128204676281101,1.2646802510753563,-9.098257473554995,-7.9169654957177755,-0.2915329890742946,3.879022262006071
2019-02-01,5.116333333,5.873677434204216,4.382114419281602,1.256733370615204,-3.067495913350271,-2.8675514359455367,11.772297391970255,0.7809578917496562
2019-03-01,5.169666667,5.873677434204216,3.8294214735015153,0.8035732142857244,-11.217749700617363,1.1632027358670527,3.5519676027792046,0.6641914961099893
2019-04-01,5.220527778,5.873677434204216,3.290043351571992,1.0714258928571363,-9.30134859736419,0.8132950483632273,12.76614194361314,0.026147002457332924
2019-05-01,5.035757143,5.625401214596004,3.014643030591979,1.070477271551784,-16.79106037877848,3.0080341131036414,2.847460099470478,0.12873018754828713
2019-06-01,4.934044444,5.625401214596004,3.1869077406396107,1.1555582222222194,-10.624626270292747,1.832302621560955,-1.1774079920456315,-2.3463575987375695
2019-07-01,4.7935,5.625401214596004,2.6541123145919165,1.696430357142864,-14.838821389408253,1.2936038921802728,-9.586458198817194,-4.28582228565455
2019-08-01,4.410036842,6.329041543225022,2.3850044614597277,1.5165076095719598,-47.99083906020611,0.26519175588670674,-5.1717299694273855,-2.287791158280128
2019-09-01,4.324447619,6.329041543225022,1.6891885032996656,1.6903923186762926,-21.265016640567158,-0.8494566057949515,-7.262876053857492,-3.404977436481693
2019-10-01,4.088347826,6.329041543225022,0.9204975175773678,2.0462588603868515,-4.081620372737826,-3.104971947634305,-9.163523768811421,-4.637026172177183
2019-11-01,4.01318,6.612098233410202,0.8347197809716045,1.9520896704194213,-2.5988481651420647,-4.179531991481145,-11.876253616398458,-3.941642904768694
2019-12-01,3.979216667,6.612098233410202,1.2541817767082408,2.309057767478828,-6.016388242132242,-4.144338283938787,-8.221210966068938,-3.7937908256298947
2020-01-01,3.831255,6.612098233410202,2.523131154583358,3.122212366141164,-9.826696087876973,16.93293369915847,-5.851472426053784,-3.105398500852352
2020-02-01,3.672726316,-0.6582824639080775,2.938708584202354,2.9255274044629243,-1.5160408531077585,6.176869336599045,-3.221617994220438,-2.769236526933516
2020-03-01,3.689753571,-0.6582824639080775,2.5984858656976417,2.6572187306072914,3.7942471904484965,0.6422036765658667,-9.826236238748043,-2.880668530965347
2020-04-01,3.028861538,-0.6582824639080775,2.5146643434118765,2.2968251492091474,-20.20911727030277,-18.263006736133914,-19.12051361686249,-2.6429926867231
2020-05-01,2.4218875,-16.907215263874853,2.1739096546323555,2.2947916426798276,-63.306612725943324,-42.77404162716268,-63.84763789174238,-3.265127726898309
2020-06-01,2.352685714,-16.907215263874853,2.086808750877722,1.9332134815497337,-74.39999865361266,-29.095844402439962,-42.45671500883807,-3.292682235535116
2020-07-01,1.8125,-16.907215263874853,2.5020874477047705,2.5460938973469016,-81.70000020910142,-12.99249494111585,-23.416605213454744,-3.2757726050853475
2020-08-01,1.9018,-11.550428375203847,2.7454263518400746,2.7240763780999266,-74.10000113490803,-11.864768931052971,-23.437502607100303,-6.169315700072808
2020-09-01,1.84378,-11.550428375203847,2.408641051083471,2.4496893495269623,-83.09999972732318,-18.34609991624219,-22.79255496782572,-6.908157565710216
2020-10-01,1.875,-11.550428375203847,2.321727684705688,2.179599010800315,-59.00000030602026,-3.6675819728124837,-16.019935138879728,-5.867470275251474
2020-11-01,1.9375,-8.22541985329761,2.4834471365295707,2.001736257585085,-28.899999238972086,-6.570612564042166,-20.76588768922655,-4.878480179480138
2020-12-01,1.916666667,-8.22541985329761,3.3030538629672312,2.3437544013130474,-25.400003016716244,-0.5210408852852177,-17.713866375892994,-5.325079228897112
2021-01-01,1.6875,-8.22541985329761,3.527478889267499,2.4221488308330263,-17.999993514005208,-3.643885722554785,-9.786212695947672,-5.4627251524432925
2021-02-01,1.59375,-3.7667142327869163,3.677030142068327,2.0671852207956087,-17.331976454555242,-9.531346998329472,-16.61760173171872,-5.006667351206751
2021-03-01,1.5351875,-3.7667142327869163,3.942233868819134,2.5021578515589615,-46.05540621831107,-6.229906197187185,3.590344653287336,-4.575842156799936
2021-04-01,1.58546,-3.7667142327869163,3.739586898982239,2.7633824845410437,-73.96989420025457,27.33100921839309,16.52307402670661,-4.479953641378998
2021-05-01,1.82815,12.041712974816466,3.7285252682116354,2.6747178140687167,150.1191743095311,66.54368633340081,141.99131235440433,-5.143703230212493
2021-06-01,1.75,12.041712974816466,3.643710233197206,2.9310362068965423,255.47265667389172,24.006643342537682,47.62811555234636,-3.9373644087144055
2021-07-01,1.791666667,12.041712974816466,3.3285394171699956,2.22602648392054,441.20242452036456,14.443826247898063,37.06742654565445,0.9610481418443673
2021-08-01,2.0,7.03981179492108,3.3012701897247476,2.908469582404294,530.1139205979639,15.234598510714958,29.10885541305115,2.8479179215745276
2021-09-01,1.6875,7.03981179492108,4.039429687810481,3.159696894273223,531.795100335801,22.379048462620332,31.98141347950685,3.3737378470189094
2021-10-01,1.7344,7.03981179492108,3.8600977345348175,3.327645989615524,124.71141129057517,10.17531526620088,27.056014384184635,4.6758643153944845
2021-11-01,1.90625,7.858860135428136,3.713954073187953,3.924919895689083,27.880874481761865,6.849371392619652,28.469294294950377,4.362496934500193
2021-12-01,1.906266667,7.858860135428136,3.2923083830380673,4.156065239082873,29.989826181506587,11.376427621137907,42.811085143714365,4.544149309720957
2022-02-01,1.9375,8.072152790259079,3.0442757740908544,4.641350210970474,14.281831470384043,16.827514441738224,33.59709526437029,6.382228368916953
2022-03-01,1.875011111,8.072152790259079,3.041477419354832,5.639727972060737,77.08287465788099,23.947810425369465,34.239548775219845,7.204739668226812
2022-04-01,1.875,8.072152790259079,3.9741248791347106,7.647063865546233,370.0739131283067,15.548203203439282,32.37190213996695,7.251042053567702
2022-05-01,1.9140625,7.520951286108102,4.9028715060660755,8.319322689075626,4.950313969969478,14.414369016551642,38.540413054684386,9.189002641009392
2022-06-01,2.25,7.520951286108102,5.365406204725365,7.872697523070404,6.612302658653313,16.92010617939921,42.38145758821772,11.311894093378584
2022-07-01,2.871895,7.520951286108102,6.0941817333098225,8.961477236826187,7.7601097437017375,14.279698953322306,40.94689810730907,11.912734720185503
2022-08-01,3.38871875,7.701545338717408,6.43382335200855,7.980042195011405,12.10841716706308,7.468734841142388,36.5880794195222,10.980063909998927
2022-09-01,3.85629,7.701545338717408,6.30713059767587,7.615891367155014,12.334022380693321,9.809233753020541,40.55098192696149,14.541912391298695
2022-10-01,4.22348,7.701545338717408,6.86184793608835,8.17506371882848,12.588505008421746,24.296243176451004,31.26198872273116,15.912696625418054
2022-11-01,4.52817,7.129323250539477,7.67123470319635,7.635470255283994,14.508748460484068,39.68945232450136,24.723199073027004,14.48694869933802
2022-12-01,5.236842105,7.129323250539477,7.985483883452371,7.1661260464301435,13.180284323964209,30.417977024075114,12.53471401843802,10.818551623542373
2023-01-01,4.934215789,7.129323250539477,8.054300452488693,6.650443471603151,10.133242919133846,2.2048756324229535,0.06252085890019465,7.330885243707597
2023-02-01,5.764430769,6.414647444268851,8.683979642362939,7.0161266129032285,13.140250620393301,-4.065317691381387,11.67867164148757,6.829837037178921
2023-03-01,6.304356522,6.414647444268851,8.586760950265804,6.7729083665338585,6.721874176743192,-12.722550040788526,-5.738516464208465,5.226429634775265
2023-04-01,6.36253,6.414647444268851,7.644442666666662,4.761897513103941,10.04096746188161,-4.829243719869791,3.8988530697736,6.425080806526107
2023-05-01,6.397361905,4.258150488632317,6.613756497111889,4.266873743997235,10.694401848924162,-15.255397325220056,-9.583717017412107,6.4285735987884784
2023-06-01,6.320325,4.258150488632317,6.145741770926394,4.968939325257615,8.51882934341539,9.359776631413963,-2.0458223641566797,4.3421088359179905
2023-07-01,6.315789474,4.258150488632317,5.395992943498817,3.9969229517176075,2.700000749382503,3.7258575548058337,-11.498975690761837,-1.7381104722243301
2023-08-01,6.316966667,5.953722996580346,4.663207133077529,4.4649755719003315,3.4999970876034903,-1.7015225417512103,-16.61954404538565,0.7349976767069277
2023-09-01,6.276342105,5.953722996580346,5.331037695674001,5.000000000000004,6.1000010397257665,5.726439872832079,-12.240424212841782,-1.126274656768178
2023-10-01,6.201565,5.953722996580346,6.0787661109905855,4.427483206106864,9.158052870431877,-7.9293082997637825,-15.317653481377668,-3.4608639859495693
2023-11-01,6.4063,5.535005332334708,4.919418915701113,4.424094381811083,0.7843546552187552,-18.603796604860033,-5.603315085765881,-3.1916178010124696
2023-12-01,6.40825,5.535005332334708,4.117648739495805,4.179331116443863,2.1337032395943867,-15.62610801923089,-1.33119671084434,-0.17281131398978467
2024-01-01,6.462194737,5.535005332334708,3.936344992691043,4.334598479087459,3.7326526671500604,-0.5696964574730345,-3.581356730431562,1.7838953940518154
2024-02-01,6.49844,5.88088317550195,2.8006597561670565,3.5418214817291904,-1.4377264870684248,12.220964351382912,-4.195569449695835,2.339861155678191
2024-03-01,6.5,5.88088317550195,3.377263535794661,2.8358231343283524,1.7913532764420426,20.5261237410612,9.017585145920926,1.9229620797286628
2024-04-01,6.505216667,5.88088317550195,3.7159373033185394,2.533538804773605,-6.204353081484437,-3.9204575023563226,-15.938580788511892,2.955862280915844
2024-05-01,6.508536364,6.450078217118382,3.8047956359835267,2.604166782924122,6.486747168426654,32.1983257798264,16.64362733148601,3.649879732107264
2024-06-01,6.51565,6.450078217118382,3.8875069662943407,2.292903897031895,3.3247749227563794,0.5772087125435421,4.932786268822942,5.012524079320357
2024-07-01,6.51192381,6.450078217118382,3.7159373033185394,2.5868439929007225,3.644485446462098,-12.965886492402001,-2.32488532577223,6.488274096852775
2024-08-01,6.471885,5.239308167674284,4.372939877217985,2.4318371945137196,6.585333990100217,6.600449140723752,14.301046960047948,1.8404478033369198
2024-09-01,6.35158,5.239308167674284,3.3469371428571426,1.9047663003663118,0.018788615634335315,0.9341987019798159,4.144189810364263,-1.2601749447747168
2024-10-01,6.244331818,5.239308167674284,1.9370467806772096,1.9736819742613543,-6.966527346486373,-8.713098728274392,8.727525535394797,0.9016071957078209
2024-11-01,6.159405,5.2528089116240295,2.263543304693849,2.118341217750541,-1.5999969667419345,-3.973003376856643,12.816407364104808,5.16453200205198
2024-12-01,6.086827778,5.2528089116240295,2.502016101662363,2.2611166041816233,-4.130874440779298,-3.839991875752946,1.6527973141483576,5.145625828271272
2025-01-01,5.895855556,5.2528089116240295,2.90088562289903,2.6967908752942638,0.07997124650123144,2.981742831889811,3.4880133246267375,4.3206148375103615
2025-02-01,5.923455,5.379357208697777,2.8846081037353644,2.9112082785098137,2.836625191460329,14.402545191019733,16.015168709785055,3.619466011711414
