Date,Interbank Call Loan Rate,CPI,Wholesale Price,Industrial Production,Intl Trade Merch Exports,Intl Trade Merch Imports,FX Rate
1998-02-01,13.174409523809524,-9.518831459340415,-7.58158022719968,-2.5874199468729153,-8.87940411661734,31.490785367315777,4.214554447020236
1998-03-01,13.459377499999999,-8.263595300479864,-6.436121751785128,-5.173595785492613,-10.075985562147572,18.80878248942548,0.23968380895262875
1998-04-01,13.24858409090909,-7.135362438760307,-6.513415705756853,-7.138309785754271,-8.565695412206797,-1.7183741789078333,0.524069183160214
1998-05-01,13.2015625,-6.617642019665659,-6.106869075954102,-11.52010786568589,-2.0339287206870726,-4.914043594567441,3.854883228751249
1998-06-01,13.588815789473685,-5.456453759546564,-5.328252485407436,-12.871929108661927,-8.771208733710012,7.498424233776291,6.595717121320188
1998-07-01,13.253187500000001,-4.692387970430801,-4.58452171688738,-7.060337532397787,-10.432057291842922,-9.365905912056792,9.145037054995564
1998-08-01,13.202458695652172,-4.5833370693856175,-4.3062194729764025,0.4768341137102672,-4.234252010861351,-3.579057970906918,9.61914784750546
1998-09-01,16.275321428571427,-4.465215926561039,-5.014197720328129,-4.714478123376297,-9.397919547801015,3.4243593095941716,8.966264776697596
1998-10-01,16.071029545454547,-4.648760517001516,-5.16431578913652,-4.194942213743158,-17.90916018426898,4.514500113971032,6.3825866744782855
1998-11-01,14.141445238095239,-4.73251318841691,-3.1984955619442257,-12.720632138038157,-22.26938106469908,-2.134426120237831,-0.9851554773911975
1998-12-01,14.09047105263158,-3.4907630857401784,-3.2740899597878403,-6.510412383037922,-16.97927993220192,-0.3990427446669109,-3.815397708091084
1999-01-01,13.862504999999999,-3.7948665589392916,-4.363973667399024,-15.48862567682151,-17.51871100089353,-25.19555517447194,-5.002567850744155
1999-02-01,13.215625,-2.149440310998363,-4.051561517243385,-6.901034210983726,-9.884466399498892,-14.11787139822096,-4.416378904507335
1999-03-01,12.6234375,-2.448982694846946,-4.9315084224494825,-7.26009876810314,-15.465387230839367,-13.199399765405573,-4.952153107506952
1999-04-01,12.282608695652174,-2.755104994811919,-4.657532338731485,-7.92253805670089,-14.180099861259855,-8.042068165245208,-7.154109307219281
1999-05-01,11.09046052631579,-3.1536169999576202,-3.941339193983362,-3.040311297272469,-18.35395992416763,-4.5398458686249255,-9.49097100083911
1999-06-01,10.12202380952381,-3.2487309080677984,-4.280509777799468,-9.854228496246254,-15.269376601257868,-6.032598229555408,-11.136469681942085
1999-07-01,9.525568181818182,-3.618090909312044,-5.0770644460960135,-15.326083719516713,-25.639076790555094,-4.9849797550264086,-13.698020887632156
1999-08-01,9.090909090909092,-3.99999688517364,-6.193898535105713,-16.162189881167144,-23.727308337037766,-10.149156323518882,-12.554548747057881
1999-09-01,8.90922619047619,-4.1791046463935055,-5.540659898071587,-17.794759643214007,-20.21482910552764,-11.743643266205183,-12.162776368009254
1999-10-01,8.813920454545455,-4.063434808184718,-5.918730114461123,-13.730707354284167,-7.31460671639399,-24.46570964320428,-16.195623538950667
1999-11-01,8.788692857142857,-4.424776838138356,-7.1615660321311285,-18.17729063218544,-15.127415708576464,-23.686717012164483,-18.91873498782578
1999-12-01,8.649671052631579,-5.436888109487581,-7.685662781402581,-20.249226891387963,-24.753188733682506,-28.47182045274942,-18.584423657460334
2000-01-01,8.736328125,-6.0693693186619875,-6.020943141772439,-16.263511034725354,-31.591333211627003,-3.657926738541639,-20.684332178066423
2000-02-01,8.700892857142858,-6.952378415392468,-6.940874468190872,-17.47486265955751,-24.917292504502488,-30.173282443354367,-15.98270438623558
2000-03-01,8.7421875,-6.9325710785850365,-6.966866195111388,-17.10235142058938,-12.774190968868272,-15.65575953093532,-15.534629239384401
2000-04-01,8.846467391304348,-7.020870925323763,-6.729131209439365,-17.3996575392963,-12.03658478553452,-23.74282742145243,-17.92750656731653
2000-05-01,8.878472222222221,-6.912874428182192,-7.7768374452088835,-13.532396358610033,-2.5678462243865496,-33.22072630382223,-17.27889714279246
2000-06-01,9.765625,-6.899814209283828,-7.808568013514083,-9.661012171124572,-6.583342694329519,-31.31055115939261,-17.167381557468197
2000-07-01,10.367559523809524,-6.7478939182306625,-8.993397931402857,-7.965606232700761,9.435560451649394,-27.74842871471279,-16.662567367988256
2000-08-01,10.617061904761906,-6.890136123147794,-8.912508779326277,-6.984505106134343,3.627590138106762,-22.218756484756796,-13.637926030992343
2000-09-01,10.29211956521739,-6.511625712443103,-8.653058466900998,-10.426729339335461,16.68482078616771,-20.85409977938266,-10.757549445624859
2000-10-01,10.925595238095237,-6.400737371842435,-8.042237618562986,-5.0060877098756285,14.52142802468428,-3.5196659172526457,-7.011282248283668
2000-11-01,13.678977272727273,-5.74606371662173,-6.070553636998188,-0.35608585412614246,7.888503914834133,4.88082942789454,-4.301167613319401
2000-12-01,15.105902777777779,-4.805915446866771,-4.455447074510699,-3.0634977268795383,20.760675354348002,15.2706375613608,-3.6547406876763167
2001-01-01,13.981907894736842,-4.3317927441344555,-5.132451000338179,2.6360242601788153,27.80619812660523,-7.084285676341217,-0.8566656616679214
2001-02-01,12.744047619047619,-3.5812674891545826,-5.199024366194749,9.128633558351783,8.305787922800567,43.042352549329046,-5.83441097262587
2001-03-01,11.3171875,-3.1278778685168374,-4.850444889279649,5.778651942632984,0.2920527915553084,0.524699457669664,-5.088966771153469
2001-04-01,10.585227272727273,-3.391381282383732,-5.627006076170349,12.439729489800744,-4.294020938091636,-6.107286803919498,-1.572554949220073
2001-05-01,9.875,-3.385183175209494,-5.58659029996722,-11.538461262072829,-19.42529746178373,-11.139236315410939,1.405715682439812
2001-06-01,9.34375,-3.3789925937634635,-5.325916158452825,-4.367206100763587,-9.761764324684652,1.0688128223078408,2.145709145546304
2001-07-01,9.0921875,-2.823310679104163,-4.038003257839717,-2.079723210400386,-10.151155463182771,-3.2610382180060293,5.193784312369054
2001-08-01,9.196022727272727,-2.540832391748493,-3.6249053129897346,-2.65324678641935,-15.34140306933386,-5.265905300035034,0.37573494778400107
2001-09-01,9.264204545454545,-2.890695577057256,-3.921571199058005,2.5732038822078307,-13.549530403620558,-14.700954742495043,-1.68684240815411
2001-10-01,9.23046875,-2.6196929855322293,-3.6021947759797834,-7.0656694962932365,-15.84917466456165,-15.175514494743748,-2.2183287768343773
2001-11-01,8.984375,-2.5293562534431713,-4.616586153352142,-8.952840173402898,-5.192261176535151,-15.667869754031061,-2.4729877639047992
2001-12-01,8.689144736842104,-2.3465724782997577,-4.941179745786939,-8.699189406763052,-17.36874163654959,-31.121581858736892,-3.2335345794988424
2002-01-01,8.851102941176471,-2.4280602056910405,-6.065321242033916,-9.628379458675907,-12.299356577012166,-15.850673568989748,-4.021055722307532
2002-02-01,7.811079545454546,-2.680967598036277,-5.88684850567115,-12.917796200289134,-7.681796491731263,-36.21093590142288,-5.165355618236822
2002-03-01,7.498355263157895,-3.1194275019296502,-6.074407613074073,-10.04405375993873,-10.656594910251505,-27.210761623940783,-6.456767114050155
2002-04-01,6.9908117647058825,-2.935943631889515,-5.2551432098056345,-17.828843155364382,-14.719641449422827,-22.083788566538566,-3.445767136440814
2002-05-01,6.970240476190476,-3.188662832071787,-4.131600413156966,-2.4432850820812035,-2.5101989851699757,-2.9597869166917867,-5.08288351724917
2002-06-01,7.076706818181818,-3.2685539746318604,-4.115854855354262,-8.032785708528278,-2.0733286540114637,-22.55014039161377,-5.604440358262853
2002-07-01,7.125002777777777,-3.768626556924326,-4.0273609851017245,-4.863968445523648,-9.41644651102308,-10.140201974665574,-5.803920763513326
2002-08-01,7.110130952380952,-3.5870494196130864,-3.9364062730991134,-12.138263572147467,0.86970026401616,-13.97214658636644,-5.815931216289649
2002-09-01,7.09375,-3.318782405514853,-4.0632066218723395,-8.44841201462403,-4.914273263541702,-4.898795290498937,-5.26004689771079
2002-10-01,7.0484375,-3.487360986410326,-3.984961141798804,-2.3538967562765634,-9.791920171720792,-7.361996926787584,-3.7214361520967687
2002-11-01,7.051136363636363,-3.487360986410326,-4.341317572626546,0.24038629440998882,-12.538203815007542,-16.570702354799327,-3.7267884843507515
2002-12-01,7.0625,-3.735882526574108,-5.274889230625812,0.7371026003300196,-3.1884669057844706,-14.824494395535137,-3.473047198274759
2003-01-01,7.080882352941177,-3.722939125698077,-5.371596066969142,-1.1686163473002331,-11.509277773345051,-22.606107394369023,-3.5345540205416914
2003-02-01,7.067434210526316,-3.9484913722633075,-4.525548153248293,-9.11330154863893,-7.438975789824564,-12.907032868023583,-3.557609811868967
2003-03-01,7.060855263157895,-3.8560411264693006,-4.772233790727332,-7.798533665310203,-10.514835689564384,-12.07731128641878,-3.040794531002533
2003-04-01,7.117564285714286,-4.013668153722316,-6.1472481220262605,-1.40624882803837,-9.892452935933239,-8.810976517916359,-5.54005275971734
2003-05-01,7.190650000000001,-4.0781629055408715,-7.239173992050696,-7.877812310773191,-13.901375023036922,-14.121025836075363,-5.977494972719278
2003-06-01,7.121875,-4.311071522181054,-7.670652986889248,-5.718697266734685,-18.543911687541915,-5.187546402174725,-4.618427398336911
2003-07-01,7.067189999999999,-5.153784351803559,-8.483999087514304,-11.070381546903029,-12.052759044047157,-19.858227786027538,-4.001415650139528
2003-08-01,6.842391304347826,-6.15763615744781,-8.707671062705591,-6.042297539099939,-6.988506775550507,-10.770989681181275,-1.5096067661332313
2003-09-01,6.8265625,-6.377753458576874,-8.972597901082423,-3.526646822752444,-13.740549117830646,-10.237723681773758,-2.116375162732753
2003-10-01,6.941761363636363,-6.747965618367802,-9.028731001724022,-10.138587499487805,-9.903889989745075,-16.338692584881265,-2.46616403758374
2003-11-01,6.8210227272727275,-7.12550668967642,-9.423733446685855,-12.112681626475208,-13.1668063008748,-17.206397377336835,-1.6871955361974833
2003-12-01,6.817565789473684,-7.550201173890203,-8.745763281653907,-12.97220701200773,-17.602927187036055,-4.591051689779368,-1.3130844893465055
2004-01-01,6.970394736842105,-7.894741523732607,-8.66935685064174,-12.298683887878248,-4.374101798935525,0.6628599524355128,-0.4305305313844321
2004-02-01,6.840625,-7.759305865181398,-9.391535938295736,-3.498583695179236,-13.768669100705555,-0.8692978546533836,2.2927781042534123
2004-03-01,6.875,-7.819903365709068,-9.311476886238479,-4.317751195684472,2.6174776209219486,5.732939220671041,3.421576414999028
2004-04-01,7.088315217391305,-7.795273587587626,-9.683662411357696,-4.525034435327213,6.47380885233837,5.927624094443029,2.5914611359974193
2004-05-01,7.205882352941177,-7.830853708875718,-10.254783421693936,-10.347166050110557,-5.5784475234364805,-5.915463373649343,2.7680795819613246
2004-06-01,7.151713157894737,-7.79423243049785,-9.720458847098934,-9.761063440783035,1.5850699511047894,-3.053450835876792,1.460283563303122
2004-07-01,7.230654761904762,-7.032451773432779,-9.78670426727003,-5.445917277737089,0.1153298831185312,-9.047612586422026,-0.09547644238083741
2004-08-01,7.154829545454546,-6.666666881697303,-10.23573735105342,-10.074605588628282,-11.323524632161753,-1.9624734573870484,-0.21102390299005958
2004-09-01,7.151928571428571,-6.71243559099538,-10.757946863359159,-14.949387902911893,-2.5662640576229356,-13.179778874834769,0.1015026274125086
2004-10-01,7.017647727272728,-6.534957170739597,-11.016435773625954,-8.912569421318917,-0.7353524910506892,-11.821231087114414,1.137596008143582
2004-11-01,7.0,-6.580938048634977,-10.606058845324473,-12.249990033336577,4.622557256842041,-2.3460090743810946,3.2284732277305883
2004-12-01,7.1185789473684205,-6.601646511068915,-10.551845945606797,-11.134369691434276,4.795312145741071,-4.975156092886735,4.79574595743153
2005-01-01,7.046877777777778,-6.20792644554522,-10.469310389069541,-13.352739948720826,-9.998594513254734,-18.466590870734134,5.9848451097576305
2005-02-01,7.023809523809524,-6.666211385337661,-10.107013110878349,-8.620700461022768,5.067044906562002,0.10200000545455001,5.781989828125256
2005-03-01,7.110197368421052,-7.107363047296788,-10.082546642725976,-7.336878266450142,-7.9273693185165754,-0.5281533947618322,6.289252866001349
2005-04-01,7.096875,-7.095954966714468,-8.828723847865705,-11.725096699440464,-15.817513420415608,-3.624330407447429,6.098241086636236
2005-05-01,7.3203125,-6.772038583207129,-8.66782735564846,-1.675855151314365,-12.123838444445845,-1.3827834775635317,4.246956333990304
2005-06-01,7.194068421052632,-6.522285018423101,-9.383996190223732,-4.579895356200348,-11.183117968360756,-11.013930297976993,3.8045669136200555
2005-07-01,7.228829545454545,-6.1922393415319466,-9.122010586808639,-2.9661880977565724,-13.806708361476405,-3.5018339464205184,6.886956654503273
2005-08-01,7.323115789473683,-5.771710074440561,-9.131903191794299,1.2991977408520317,-5.131193925177147,-6.922888858079867,8.93763402034946
2005-09-01,7.209635416666667,-5.620482005292315,-7.934720860239275,0.9319740176367164,-10.140762000045134,-5.312780468333389,11.41831958353694
2005-10-01,7.355113636363637,-5.260527246791169,-5.8452697065550225,2.115296632153907,-1.7371899907379529,11.06399181466886,11.406911854334956
2005-11-01,7.6984375,-5.017235187711744,-4.7344119624712295,4.659075821431946,-3.665831078531312,-1.2573013596823612,9.46393639269787
2005-12-01,7.922763157894737,-4.416368228195067,-4.682079969819942,0.33640306566380396,-1.2207040502489552,-3.5872717865388037,8.378818202033678
2006-01-01,7.763888888888889,-4.224279483640537,-4.592418389855002,2.2166985668831796,12.236650178091368,8.992183888973582,7.570008781589355
2006-02-01,7.734375,-3.6345857932609915,-2.9428725916960996,0.5373497812241945,-10.560181413968028,2.024362600714613,7.1007733351797775
2006-03-01,8.1234375,-2.8515240521083673,-1.9653171681579762,11.555351242997357,-0.8076442200732559,-0.902897731661001,5.568508182803122
2006-04-01,7.919836956521739,-2.55654278868811,-2.524385956050146,6.090643863227041,-2.9405242943097876,-2.3300896488974376,7.396689606461004
2006-05-01,7.923611111111111,-2.5515263888132966,-2.606230077362248,4.463011770644543,2.0206742889839147,9.381933732449355,11.34941183552851
2006-06-01,7.948863636363637,-2.5465150414430426,-2.0304512545927245,9.20290248930582,4.677229185297893,15.367798378900432,15.157049244135257
2006-07-01,8.050597619047618,-2.629010710420676,-1.4606738842702027,4.191727819864122,12.404861914937126,10.866779926517879,14.843825964979418
2006-08-01,8.0703125,-2.8073570432872064,-0.8384517373826506,-0.12464222069489272,6.799558090387436,0.3766168231431388,11.477386886513784
2006-09-01,8.110795454545455,-2.611214390297578,-0.7262575093052615,2.502769726345666,14.935618928347827,8.761325821213827,9.25563910589371
2006-10-01,8.151315789473685,-2.7992277821694,-3.270508273311312,3.540088132900654,3.8835959704810463,0.3496451967603731,12.671220383138792
2006-11-01,8.06547857142857,-2.793834119716865,-5.2516361123281285,3.408368330837175,1.6770893628827777,2.677982153042535,15.33123577208897
2006-12-01,7.311014285714285,-2.975052134229761,-6.688241433430175,6.535695669728359,17.074156932039198,2.4097124994446384,18.504016652204204
2007-01-01,7.647569444444445,-3.6190462324010353,-6.344091112761053,-2.5433446414588112,-2.3101781186466552,-0.842832538223881,19.483632713698572
2007-02-01,7.644886363636363,-4.413141314724578,-7.375737101636693,3.1023882495744948,12.813804112485716,-6.566608732620738,18.957564462234842
2007-03-01,7.5734375,-4.86435685772697,-7.880729120736419,-6.938014540128689,7.626132807618946,-2.277518922133659,17.610767889795078
2007-04-01,7.920454545454546,-5.571035782417722,-9.689124126478465,4.699453834469081,25.219589330232537,4.489377179423815,14.354219354270569
2007-05-01,7.994791666666667,-6.770348779100621,-10.269447126701303,-6.701481730137004,8.850539830483829,2.122286374595528,9.118910117310719
2007-06-01,7.691964285714286,-7.6853591541031445,-12.703103129898064,-7.977041311488497,6.438404854326962,-2.0091934327313155,4.244753057493655
2007-07-01,7.41875,-8.629893675606425,-16.15637632183683,-7.137781907317509,-4.558668199547733,-7.852771493763244,1.4877350264209666
2007-08-01,7.242052272727273,-9.226709462084248,-17.405356165502738,-9.306185373869159,-2.863031843478403,-13.050911148556022,2.666774340661471
2007-09-01,6.721726190476191,-9.5363129411842,-15.685349259357173,-6.147589245288376,-3.7423625314931375,1.4745118878442431,-1.2010077597108926
2007-10-01,6.5968775,-9.20245159228471,-13.102115725366659,-12.678424191329063,-2.7875241261587247,-4.484708856150988,-7.589639373786994
2007-11-01,6.397321428571429,-8.867424951310365,-8.370927797261018,-9.506709510155675,7.6500014999171695,3.709079603554155,-12.134640246761496
2007-12-01,6.434210526315789,-8.274642895741714,-4.235538114491344,0.16736035882407574,-0.876982465780296,28.11861312853201,-13.206045103716491
2008-01-01,6.314236111111111,-7.161801627398356,-1.7432621207389531,11.26104621326256,45.46442576512102,31.52856426112183,-13.279893174887903
2008-02-01,5.829545454545454,-6.57895185895897,0.6455069571815741,36.166950075616185,45.7830891563052,32.29130956873916,-14.528770367692868
2008-03-01,5.321875,-6.719022159019216,1.4586738662493381,30.161988315879505,39.94917943798144,25.216591309517145,-14.869929164295225
2008-04-01,5.189144736842105,-6.102870910233593,4.6637755194635755,17.708343437781735,23.40687074096217,33.817128360259005,-13.267141737506883
2008-05-01,5.15625,-5.285967384783985,5.695860425835075,26.19202233343614,34.04846430309749,38.0043983649879,-9.725997454026214
2008-06-01,5.139883333333334,-4.242425195127508,7.917106842518784,18.381126364133316,23.746642724038324,19.4398043401899,-7.566462990961298
2008-07-01,5.3671875,-3.019846776796542,9.602473467728379,19.026562214371488,22.913362319728094,19.870391371511253,-6.625138392462093
2008-08-01,5.675,-2.0654041337940687,12.577957919766792,21.00784904640902,24.967215204346395,36.32621825368159,-6.818367130478597
2008-09-01,5.8515625,-1.719691669468637,9.151666929918001,15.784523759354151,18.061718433911977,30.13088909329813,-3.0062126392782273
2008-10-01,5.484379545454545,-2.1440839207085505,6.845086202373829,14.93555219566829,18.89837955564517,29.658434771268173,2.5057047058002935
2008-11-01,5.534090909090909,-2.732703630921285,1.6301536340765255,11.456802964716406,9.12852724031239,23.23776847573238,4.579349519256559
2008-12-01,5.7140625,-3.483436762758685,-2.566682468245063,-2.209339245759634,-1.2725960374868173,-0.3713254048540171,3.6043617446978926
2009-01-01,5.793269230769231,-4.314725693636889,-5.3500001081348,-8.828673758305804,-16.674501886594406,-13.241217763290658,2.562701509529064
2009-02-01,5.4828125,-3.797462177532418,-7.69612860643959,-26.272833399708674,-27.97105843433092,-22.170057385431864,2.7486634018258904
2009-03-01,5.219791666666667,-3.7783402710540592,-8.093346476140251,-23.137841343378973,-27.662521496023174,-19.295501617476507,5.9366420380395635
2009-04-01,4.89732380952381,-3.855830093072632,-8.80316142128329,-19.088299537533814,-26.30754261576311,-23.91026450794569,8.044415353135182
2009-05-01,4.724264705882353,-3.833329040108835,-8.279935415265339,-19.568844333200087,-16.241889963827518,-27.797582021010193,4.2262435865619175
2009-06-01,4.572434210526316,-3.5893131456565253,-6.739343202093783,-16.14580436979376,-24.19234981258125,-21.751211170259488,3.461106402619496
2009-07-01,4.329166666666667,-3.577370000691793,-3.775457718897879,-15.198281673575153,-22.67729767998895,0.533515278833474,3.9415296267293787
2009-08-01,4.244485294117647,-3.568463805623734,-4.039899378069678,-13.127733818945275,-23.48734645876709,-10.650363580659528,6.591595421177399
2009-09-01,4.112980769230769,-3.8842950654932595,-3.5218216439663053,-14.05649126233277,-22.328925866432325,-13.432828761083492,8.63330349553555
2009-10-01,4.1333400000000005,-3.715939891774489,-3.4294250531636927,-7.11036093890386,-25.99707190500459,-13.263809342159194,7.8406734214435
2009-11-01,4.033653846153846,-3.223141087775827,-3.3481030329644446,-8.681472983670291,-15.4372907830303,-16.10795780285684,8.140788653649444
2009-12-01,4.4375,-3.524589218812335,-4.240968245587351,-7.913499344177555,-3.1849642155471147,-20.380618906414394,5.6110036607622815
2010-01-01,4.191673333333333,-3.5102031299759195,-4.852519633963926,-8.165811879455331,-16.59760224072181,-16.0926623866779,4.200401890437355
2010-02-01,4.156266666666666,-3.8929435030195525,-6.28198768740833,-10.355110299560232,-6.841732775218445,-15.321274464542556,5.968684143687741
2010-03-01,4.12918,-4.490782612793909,-7.9945168750074185,-9.821792188599709,-3.7214972126437873,-15.157770290049765,5.116458913663036
2010-04-01,4.130225,-4.559998101752316,-8.67208633333476,-8.655462162321825,0.8460393301581215,-13.817571826889285,3.206327451455393
2010-05-01,4.226570833333334,-4.458603492268464,-9.661625197658363,-4.941781212003626,-13.290635848716459,-14.517467621614522,5.718377932361363
2010-06-01,4.218754545454545,-4.845111872097252,-9.099100207466737,-4.255665790526675,8.84023411867556,3.9593125278406527,6.772715742868707
2010-07-01,4.078125,-4.980237260936027,-8.996386653887889,-2.1840865802698506,17.72419848079567,0.2052687785548013,8.20278528569216
2010-08-01,4.1830428571428575,-4.743086321940726,-8.90504208477897,-4.0522443041892675,9.352691251802403,1.4781368383516957,6.5099305261668405
2010-09-01,4.082409090909091,-4.498814413049557,-7.565341128444558,-1.5600909067988833,21.808100276103847,-6.426529516753199,2.993634520926891
2010-10-01,4.200673684210526,-4.495266373775331,-8.337135052135835,-1.8687351464684587,40.677075380784885,-7.170596179196531,-0.014959241819600955
2010-11-01,4.14376,-4.948939763400229,-7.5978164000622295,11.434064366298324,15.326203227113378,-2.314191456936787,0.5021794759528353
2010-12-01,4.25,-4.538341109483868,-6.90892744450875,4.1837149972763,23.940020366566017,-0.7382505794158112,0.7014629835701225
2011-01-01,4.25,-3.9968695827225953,-5.485615077276506,6.809417482105817,24.03279427402365,7.456207857343822,1.26790116178781
2011-02-01,4.239583333333333,-3.89339542649908,-3.4211261496655543,-4.08089369182113,-1.513308866555385,4.693360637316291,2.4433180484799477
2011-03-01,4.2384894736842105,-2.900631494955064,-1.6234708930820463,-9.223578373882324,-9.219990349577657,-0.08674782873864251,1.536810264916899
2011-04-01,4.290782608695652,-2.8638740238170035,-0.6989360000000056,-11.935644504863053,2.141629621942931,4.84186306875698,1.26553379216936
2011-05-01,4.473705263157894,-3.0835762646955645,0.837148131388421,-5.787766236279779,-5.973950393127914,16.778447283089882,0.6517228650347429
2011-06-01,4.707257894736842,-2.754454794302552,-0.4298249999999948,1.9632472521525335,-15.974994186446779,-8.604168671900304,1.3774323644591746
2011-07-01,4.674128571428572,-2.682236851904596,-1.0853818219726308,-8.158574486359871,-2.6431335909558373,-10.34704084523682,2.1556950127681107
2011-08-01,4.654790476190476,-2.973605862458051,-1.7731393034825849,-2.477894847265316,-3.7754598501546943,1.064735917166959,0.893548232690744
2011-09-01,4.708892105263158,-3.5899543510996446,-2.3742795122039695,-2.308076948860327,10.388182996714113,-1.3112266617687163,3.058008317901173
2011-10-01,4.712505,-3.5138594993266548,-1.7476108307667881,-7.546738650940698,-16.39467989248885,-1.5101082084377215,4.823065375509672
2011-11-01,4.680292307692308,-3.1333933672767045,-1.3178768504929494,-14.563793043253492,-1.3755661079690507,-0.34505855004903774,5.234084326416588
2011-12-01,4.617803846153846,-2.752927235226754,0.3753423770149089,-7.289662504496263,-1.7830814164623732,1.6422917502574075,6.442478362529402
2012-01-01,4.699519230769231,-2.808880869302355,-0.25042000000000675,-5.691480080833777,-8.651097720181244,-6.944170858962428,7.09471723724302
2012-02-01,4.664616666666666,-2.7613458393315082,-0.696514427860695,0.7582459280731424,-2.2862176627517883,16.292063970302117,4.889112121315864
2012-03-01,4.392377777777778,-2.854334427736749,-0.8937378617796754,6.356699860667248,24.198221953546394,11.342790045370954,5.267704803476514
2012-04-01,4.1875210526315785,-2.6574766140603723,-0.6951311031320073,15.526349299333187,-3.08148564903471,14.212312585765696,3.7857436898163677
2012-05-01,4.156272222222222,-2.161097609892715,-1.0891069306930734,7.241948736540826,6.634108591509635,-3.671746050405522,3.7626501102389964
2012-06-01,4.09766875,-2.259329685931033,-1.18576782171248,-1.857936477816391,-0.2901289427595266,5.986586567168128,-0.3041404164704109
2012-07-01,4.1187575,-2.4414033235066523,-1.1822630541871937,8.007805521237188,-4.510189800531217,3.7162635922280307,-3.3454766075593723
2012-08-01,4.087178947368422,-2.339187087777972,-2.142158777278247,3.9439276844100313,-6.005721683811505,-11.25068272644717,-4.146300130300151
2012-09-01,3.8632999999999997,-1.7509736946906718,-1.668307131142166,3.01538639997585,-26.296151694932114,-10.674252279051421,-4.751935971701293
2012-10-01,3.795967647058824,-2.226523460151497,-2.1484423408507425,3.4167851263478877,-9.209868925943642,-11.132463277974136,-4.007041697209135
2012-11-01,3.8035809523809525,-2.3210810773786394,-2.1547463693388114,2.3103126606077717,-15.783701171572417,4.570720395992023,-5.584811030897319
2012-12-01,3.613842857142857,-2.791141133859665,-3.0184996013193577,5.373331033789297,-21.236332079981945,-12.149729311360813,-7.023254232078813
2013-01-01,3.623266666666667,-3.6294163678809777,-3.2882030311759625,3.1831440329331384,-25.66607127564303,-9.619745867647278,-9.342069281303456
2013-02-01,3.544283333333333,-3.612166367996017,-2.9922761195420144,-3.202310750834114,-6.169986030503205,-28.719486914892624,-9.405835839180288
2013-03-01,3.1651999999999996,-3.513770114870862,-3.4515876284298974,-4.842958522534458,-27.052130617837367,-12.081155862750514,-9.106312696788532
2013-04-01,2.8602105263157895,-3.422052935271458,-3.8204394599934854,-0.03184112678855655,-18.878946516943696,-17.898603646194633,-7.838747944502544
2013-05-01,2.66877,-3.507109000525299,-3.625956957272225,-9.788267820672925,-8.866709441607412,-11.370158835437449,-5.97866859786903
2013-06-01,2.1666904761904764,-3.8715757465380918,-3.7107526871694163,-10.272318758136489,-18.531878018176094,-2.051063221425542,-2.0780570127893028
2013-07-01,2.241794736842105,-3.668868611887832,-3.700191580641532,-9.187191208180224,-19.358443391036428,-0.6705252073252899,-0.2545734846230441
2013-08-01,2.0693217391304346,-4.022447829886655,-2.3764259232821106,-5.681793724562656,-10.6046194287861,-1.4477561672735173,0.22077064872261243
2013-09-01,2.0423176470588236,-4.01493628109908,-3.412320379146916,-4.2970388492598826,-9.161104488072136,-4.5336919501014155,-0.552087452381167
2013-10-01,2.0104333333333333,-3.727864279324866,-3.3050046590178517,-5.209001409892078,-14.260691143243587,-1.9533879011148891,-3.605947504550644
2013-11-01,2.0253190476190475,-3.544775231688302,-3.9510864359994513,-7.418052511769069,-5.978937766658577,-16.546160254350195,-3.107355944419954
2013-12-01,2.0328325,-2.8971991488447757,-3.568077934272307,-6.485186267907716,-19.000112047617822,-2.0968073508877527,-1.3056972796578026
2014-01-01,2.01565,-1.874414525693846,-2.728128803533525,-3.1137141876531937,2.1425940004658584,-1.5467309683642072,0.722259640066536
2014-02-01,2.0267999999999997,-1.4981288951889327,-2.539985817309909,1.1603031749970016,0.8552883731760774,6.958649617117829,1.523316900855276
2014-03-01,2.0213947368421055,-1.4967263809935516,-2.614374465254421,8.449576716853224,4.50129066656646,-7.967432350889836,0.7781911749365156
2014-04-01,2.0208619047619045,-1.4981288951889327,-2.3320896175025085,-7.701579272585358,-2.367733064096089,-2.9275448243454627,0.5133565125886141
2014-05-01,2.019757894736842,-1.4018715810634519,-2.420855634620933,7.634964658192023,3.353826852780406,6.63889397852182,-1.5399500396339638
2014-06-01,2.0104333333333333,-0.9354571417010238,-2.3234201175356906,10.319882900957822,19.179182631052893,3.205847838197262,-2.591288165090433
2014-07-01,2.115655,-0.56126923929255,-1.6790998604225615,10.675062318623363,-0.8914537819319057,-20.88289461367181,-3.973023071301085
2014-08-01,2.2693714285714286,-0.18674073860619478,-1.7740439173490996,9.788764714536224,-3.0822640029810944,-22.012463374512727,-5.1464700501199
2014-09-01,2.2746999999999997,0.0,-1.309637019464227,9.076971239047493,1.0081360894113267,-10.410816007065481,-5.722483827497394
2014-10-01,2.4256285714285712,0.3741802241266301,-0.8426975418717952,8.843282756349492,11.301245844785779,-12.705751382185648,-3.3714728317351783
2014-11-01,2.531263636363636,0.18691416518024084,-0.4681647808567946,9.87799573815833,8.380176721878186,-17.338509587817818,-4.372330000917435
2014-12-01,2.59065,-0.27958845493896156,-0.37418334192360625,5.6369761447983,-3.4054878998349247,-13.229076882004565,-5.383303162580145
2015-01-01,2.5937882352941175,-0.7441813932138053,-0.7469607982625637,7.192731042084288,-2.4774872361731703,-17.12355911751937,-6.117913993349189
2015-02-01,2.560679411764706,-0.7434908628239922,-0.654202803738313,2.0734048107895697,-3.9291600117240866,-22.150527460726245,-7.168379579399097
2015-03-01,2.5181184210526317,-0.46554725207383907,-0.18639794446231317,-6.734328124137157,-3.9219711428990722,-12.093691147682595,-4.875925498875022
2015-04-01,2.521340909090909,-0.5586562657722727,-0.09320223411364292,-0.23241845543117146,9.607601359491348,-18.691210875639786,-4.042268793463133
2015-05-01,2.528005263157895,-0.6499497868663662,-0.3710584312321408,-6.214222069280872,-0.784108799690697,-29.42654986628851,-4.682860421957402
2015-06-01,2.51565,-0.9267799057636306,-0.09284958475903604,-3.965415538043937,-3.267815426419818,-34.795336145111655,-3.1880535407180277
2015-07-01,2.510955,-1.2927075842731117,-0.6487534634151415,-6.431802714704149,6.584004849373115,-20.58786188826992,-3.810589269628173
2015-08-01,2.516395238095238,-1.2903247211718427,-0.6493552694984639,-8.483783088250052,7.97506553951941,-7.976257145682042,-1.1543566129395
2015-09-01,2.521410526315789,-1.2903247211718427,-0.8348803107176228,-9.253596027577304,1.0022889249506228,-12.132213362564793,-1.431501671156199
2015-10-01,2.5283190476190476,-1.6559346706910283,-1.2938946754314506,-7.066248731008685,-9.024960392932524,-16.65581109886791,-4.110372069882451
2015-11-01,2.5241863636363635,-1.7447189387735484,-2.0183458715596347,-5.950006941549091,-12.585678023993218,-13.685771921254297,-4.370486217068437
2015-12-01,2.51760625,-2.009131093994676,-2.016494995719431,-11.496594742581545,0.14035306593476182,-21.000829757930884,-5.189708064394116
2016-01-01,2.5434277777777776,-2.183809930288816,-2.0128133024845396,-17.97900375246342,-11.039478533143187,-20.352947731520644,-4.473968416275554
2016-02-01,2.5250399999999997,-2.447873436183945,-2.0146493227467754,-12.211393800957627,-27.362983603789527,-17.7218618750981,-4.654182502576187
2016-03-01,2.5197684210526314,-2.981031997680428,-2.365786126191327,-9.264131769559192,-19.419700170521313,-21.12855545637856,-7.063568866481374
2016-04-01,2.5283190476190476,-2.981031997680428,-2.2768669687559084,-13.651667269314139,-26.935319617978216,-23.61685036276331,-7.175959280859178
2016-05-01,2.523847619047619,-3.060307449876931,-1.9108270807856709,-4.297056749101569,-28.65430469526542,-10.5672397158753,-6.133198862432443
2016-06-01,2.5253380952380953,-2.792795618375077,-2.179837460124212,-7.65536646125935,-24.32846148216774,-21.918139377824797,-6.791652282634253
2016-07-01,2.51565,-2.4324290662874115,-1.9090890909090885,-7.321592167869939,-20.4083337917492,-7.422948454570156,-7.069941564902105
2016-08-01,2.5214052631578947,-2.340230452418124,-2.0890054875386976,-5.793692114947746,-23.74403775807116,-6.8027502546964325,-8.243487375276082
2016-09-01,2.5172149999999998,-2.5157191225642084,-2.0890054875386976,-12.739969835940812,-22.903576939964577,-26.77966648139106,-7.018389988305762
2016-10-01,2.514826315789474,-2.9464296314648197,-1.6363663636363657,-8.567247208883922,-16.503239430764527,-11.080105757913227,-5.833477785806529
2016-11-01,2.5058625,-3.0276059526134658,-1.17860649559548,-10.281716368967597,-19.897963905313766,-19.653104254026765,-3.6900683505638687
2016-12-01,2.5015650000000003,-2.925533067770225,-1.2669701357466034,-6.694471922138057,-15.460666898846753,-19.60303002892291,-1.1492010443864054
2017-01-01,2.518775,-2.82934826230663,-1.2646739276785945,-11.821304689912004,-8.806889262472417,-21.442274889764068,-1.5292047946509735
2017-02-01,2.527788888888889,-3.330412014841466,-1.9748698029646405,-9.833436544184138,-2.6268598830614387,-12.19690521163952,-3.522659709510989
2017-03-01,2.51759375,-3.6553505059814584,-1.874998214285717,-13.427665967237667,-4.819487168007674,-15.17362850566405,-3.4424979967514036
2017-04-01,2.5355363636363637,-4.155846370877548,-1.964283035714287,-9.50782300753199,-3.8399121311142426,-6.463562471660323,-4.291771642954856
2017-05-01,2.5772411764705883,-4.306634920799713,-1.96252991904603,-17.901436774319624,-2.5503288125371837,-25.630127544975224,-4.4726503713485855
2017-06-01,2.57815,-4.3927667708350215,-2.133335111111112,-12.897018145205141,-6.164750148589504,-18.67377405195437,-6.027661337129975
2017-07-01,2.5543,-4.965751982376155,-1.7857142857142905,-9.836013868705573,-9.414695934605167,-27.66927966135927,-5.230332134759442
2017-08-01,2.5655,-5.366273521993459,-1.7841213520806698,-9.99769573875584,-7.310358283896468,-32.2053598479632,-4.502817445277918
2017-09-01,2.5533352941176473,-5.996622900554637,-2.046266867504154,-3.9443956135911007,-8.09454606496588,-15.149272947261416,-5.436365695995904
2017-10-01,2.5711999999999997,-6.276150570136496,-2.1352330580919343,-3.1074582600269074,-6.584048771085904,-27.460193790966837,-4.934893579681798
2017-11-01,2.6578399999999998,-6.2604340829057525,-2.1295422039807055,-3.9447613381831004,-10.729435346068783,-24.523220766518794,-3.3515837334069376
2017-12-01,2.69046,-5.68562117850957,-1.8650071379219701,-2.253923358578014,-4.402716134001072,-11.914947108195461,-4.499458649365673
2018-01-01,3.0855473684210524,-4.878048371578547,-1.2488858385171442,10.008892261782698,8.597637489183318,0.2923853889382766,-3.734172865260821
2018-02-01,3.0982380952380955,-4.198146822049942,-1.2411356052889455,3.164568936141565,2.95220750463685,-10.532392790215638,-0.7749062006222274
2018-03-01,3.075673684210526,-3.688185313137682,-0.7971673906613352,12.635126574050549,-1.1498279062043149,-3.4301304794172482,-0.6598091001760675
2018-04-01,3.065655,-3.1852473334468057,-1.060068049295082,10.255222600910564,-0.8067339213276181,-11.320899805188544,-0.026140167587063168
2018-05-01,3.1515899999999997,-2.926421858003947,-1.0591394247359442,20.1793947323613,-2.9201936907181314,-2.7686246181641283,-0.1285646859868983
2018-06-01,3.30657619047619,-3.088480709829877,-1.1423576148763437,11.887644019732102,-1.7993333887090124,1.1914360553818115,2.4027343384656286
2018-07-01,3.4621947368421053,-2.5854904930239564,-1.6681316651776745,17.424396457992074,-1.277083490441533,10.6029008573711,4.477729828537402
2018-08-01,3.6392136363636367,-2.329447045497268,-1.4938532119370906,92.27381905999326,-0.2644903492852846,5.453785002889977,2.341356505394354
2018-09-01,3.934538095238095,-1.661128904814535,-1.66229304473422,27.008345887990217,0.8567341909742732,7.831681364278054,3.5250029930296467
2018-10-01,4.20315,-0.9121016445812091,-2.0052267307382743,4.2553058012436695,3.2044698371481717,10.087933998550614,4.8625016461308235
2018-11-01,4.641321739130435,-0.8278098880869167,-1.914712760405357,2.6681903819252284,4.361836336584757,13.476791561608458,4.103383634659696
2018-12-01,4.782921052631579,-1.2386468930972505,-2.2569436351634553,6.401529085339264,4.323519560289446,8.957637219455483,3.9433949827019976
2019-01-01,4.948788235294118,-2.4610359888238453,-3.0276817132816936,10.897566864638142,-14.48089358873268,6.215150227875754,3.20492416791629
2019-02-01,5.096627272727273,-2.854813922401722,-2.842373003313914,1.5393784594367466,-5.817528219839751,3.3288611851643113,2.8481073561667625
2019-03-01,5.116333333333333,-2.532674672313473,-2.5884382642202164,-3.6555467120316987,-0.6381057380556943,10.897001332631984,2.9661123973900194
2019-04-01,5.169666666666667,-2.4529801268119655,-2.245255554958847,25.32760207549525,22.34362435767201,23.640745598069103,2.7147431496311825
2019-05-01,5.220527777777778,-2.1276563282941696,-2.243312299511435,172.52866913898407,74.7458720542209,176.60709886826135,3.3753367841125703
2019-06-01,5.035757142857143,-2.0441512242489246,-1.8965491379310362,290.6249794557605,41.03545717063896,73.78222326959431,3.4047911902122863
2019-07-01,4.934044444444444,-2.441011212558286,-2.4828775047206153,446.4480936755777,14.932614068548332,30.576609040017043,3.3867136428091804
2019-08-01,4.7935,-2.6720667277574717,-2.6518382779839422,286.1004030188588,13.46200467979861,30.612249345557352,6.574944802014615
2019-09-01,4.410036842105264,-2.3519900531459914,-2.3911144729481526,491.7159667841876,22.468124483243756,29.52118796098937,7.420797983009564
2019-10-01,4.3244476190476195,-2.269046601577973,-2.1331058566494643,143.90244084485585,3.8072146925424377,19.075878502085295,6.233201521735854
2019-11-01,4.088347826086957,-2.4232665917463647,-1.962453121905794,40.646974584581244,7.0327043175211434,26.208266974429172,5.128681909924371
2019-12-01,4.01318,-3.197440675228025,-2.2900805379121203,34.048262793372274,0.5237699408217278,21.527158460029327,5.624593277211853
2020-01-01,3.979216666666667,-3.4072875405770087,-2.3648682032961443,21.951209866159616,3.781686040247201,10.847801636976717,5.778382295504136
2020-02-01,3.831255,-3.546619860763478,-2.02531814345992,20.965756420954463,10.53552438561618,19.92938806851288,5.270546060024306
2020-03-01,3.672726315789474,-3.7927161290322586,-2.4410782211849003,85.37538794841053,6.643809283467217,-3.465906658872564,4.7952659580385415
2020-04-01,3.689753571428571,-3.6047829095596007,-2.6890731092436893,284.17054763172723,-21.464535140466868,-14.180087647635853,4.690066443811625
2020-05-01,3.0288615384615385,-3.5945033042461216,-2.6050403361344565,-60.01905880424563,-39.95569438771051,-58.67620245244727,5.422627074189967
2020-06-01,2.4218875,-3.5156115359040063,-2.847572816623567,-71.86844103968892,-19.359159070393716,-32.26222550775449,4.0987470148815985
2020-07-01,2.3526857142857147,-3.2213166236015667,-2.177553564865098,-81.52262527489155,-12.620887226027499,-27.043206018979294,-0.9518999253000482
2020-08-01,1.8125,-3.195769213351951,-2.8262684249475867,-84.12985386751934,-13.220507302152296,-22.54597898798244,-2.769057438524103
2020-09-01,1.9018,-3.8825949930055725,-3.0629179702917786,-84.17208364755446,-18.286666503585238,-24.23175554524024,-3.263631476702189
2020-10-01,1.84378,-3.716632102928674,-3.2204798219732433,-55.49847716870523,-9.235567188181603,-21.29455619658761,-4.466993748726855
2020-11-01,1.875,-3.580958904109588,-3.77668792011443,-21.80222382334286,-6.410305744758704,-22.16038816994529,-4.180138519719567
2020-12-01,1.9375,-3.187370322705174,-3.9902287298804073,-23.070902594816445,-10.214394431680262,-29.97742444196997,-4.3466318677083615
2021-01-01,1.9166666666666667,-2.6012579185520357,-3.974047754078325,-16.36618481222678,-11.025514746890973,-30.431445137292556,-6.194726290753849
2021-02-01,1.6875,-2.9543375905372593,-4.435483870967738,-12.497027118510218,-14.403725459836004,-25.148073165727336,-5.999336982098535
2021-03-01,1.59375,-2.95170206748564,-5.338643027888446,-43.52926549605821,-19.32088218677227,-25.506305025319286,-6.720542105249983
2021-04-01,1.5351875000000001,-3.822224888888892,-7.103829487720715,-78.72674972867405,-13.456032004292117,-24.455267029205075,-6.7608126827766295
2021-05-01,1.58546,-4.673724785295863,-7.68036808442365,-4.716816732331031,-12.598390517249102,-27.818895732230697,-8.415685113656457
2021-06-01,1.82815,-5.09218955062003,-7.298137252372583,-6.202194769044889,-14.471511130376014,-29.766135496933455,-10.162340858101949
2021-07-01,1.75,-5.744124356063973,-8.224445431616667,-7.201282331800241,-12.495394268718595,-29.05129425135301,-10.644664121532553
2021-08-01,1.7916666666666667,-6.044904852031829,-7.3902936438934645,-10.800631632341396,-6.949681553600207,-26.787168818110462,-9.89372642540861
2021-09-01,2.0,-5.932932779030109,-7.076920769230766,-10.97977453250455,-8.932977143874032,-28.851439791458844,-12.695712938352678
2021-10-01,1.6875,-6.421232711783409,-7.557253435114508,-11.180986022933793,-19.547045474222458,-23.81648261384097,-13.72817395219551
2021-11-01,1.7344,-7.124683509335306,-7.0938234739668875,-12.67042794157418,-28.4126336413017,-19.822454248107647,-12.653799287972278
2021-12-01,1.90625,-7.394960504201686,-6.68693206594535,-11.645388949754986,-23.323454111284025,-11.138531010426078,-9.762401209044569
2022-01-01,1.9062666666666666,-7.45393789859401,-6.235739163498099,-9.20089398127888,-2.1573096379009615,-0.06248179474545035,-6.830173092360092
2022-03-01,1.9375,-7.907742044353505,-6.343283582089554,-6.298497124976487,14.57713309306623,6.0878698795670205,-4.966841175658443
2022-04-01,1.8750111111111112,-7.101567417036625,-4.545447940658287,-9.124753892553539,5.0742937312121095,-3.7525467842800087,-6.037186683660112
2022-05-01,1.875,-6.203473842787865,-4.0922620874521805,-9.661194848425936,18.00161525774675,10.599547671361043,-6.040270372336975
2022-06-01,1.9140625,-5.789908919935338,-4.733723477819307,-7.850093292526195,-8.558701306569183,2.0885503952289497,-4.161415639726163
2022-07-01,2.25,-5.119732537072375,-3.843308857871941,-2.629017263564848,-3.5920238623596723,12.993042487940464,1.7688551284503973
2022-08-01,2.871895,-4.455440704342584,-4.2741364246308695,-3.3816397933239095,1.7309754797310228,19.932181774625946,-0.7296348773102479
2022-09-01,3.38871875,-5.061222040816327,-4.761904761904767,-5.74929404330714,-5.416279863125862,13.947679330775564,1.1391040975329059
2022-10-01,3.85629,-5.730426864722727,-4.2397681818764354,-8.389718055251748,8.612195860958693,18.0883668333508,3.584933664048817
2022-11-01,4.22348,-4.6887592082965,-4.236660521694391,-0.778250411883874,22.8558530114082,5.935923587631153,3.296840344312524
2022-12-01,4.52817,-3.954803810253371,-4.011670138074241,-2.0891274593157205,18.520074933597307,1.3491566396555799,0.17311046846499867
2023-01-01,5.2368421052631575,-3.787265169818943,-4.154516854690604,-3.5983391643585327,0.5729605936779292,3.714382000189276,-1.7526303028053136
2023-02-01,4.934215789473685,-2.7243597101516137,-3.420667543842826,1.4586985829621701,-10.890090298205768,4.379306286354745,-2.2863634259956855
2023-03-01,5.76443076923077,-3.2669306772908357,-2.75762185578472,-1.7598285304029182,-17.030435480659456,-8.271679411950661,-1.8866819021845505
2023-04-01,6.30435652173913,-3.5828026048217,-2.4709366655114917,6.61475589253564,4.080428986693474,18.960637279287894,-2.8709994899083546
2023-05-01,6.36253,-3.6653370517928274,-2.5380711764207864,-6.091600448802115,-24.35607681859152,-14.268784083837682,-3.521354526933096
2023-06-01,6.397361904761904,-3.742035091433682,-2.2415082666339514,-3.217790626925554,-0.5738961340568172,-4.700900875905312,-4.7732631162490495
2023-07-01,6.3203249999999995,-3.5828026048217,-2.5216137783512838,-3.5163331949239818,14.89747636858516,2.380222775807672,-6.092946995226511
2023-08-01,6.315789473684211,-4.189725691699609,-2.374102877697848,-6.178461654688694,-6.1917648508314045,-12.511737504072585,-1.8071874614013828
2023-09-01,6.316966666666666,-3.2385450748585343,-1.8691631113229468,-0.018785086176709154,-0.9255522052918463,-3.9792808585005224,1.2762580286828529
2023-10-01,6.276342105263158,-1.9002382763205539,-1.93548172043011,7.488194461397724,9.544741476478524,-8.026969704698805,-0.8935508767061173
2023-11-01,6.201565,-2.2134411067193716,-2.07439838180834,1.626013127460113,4.137381691159869,-11.360410833453516,-4.910906656201552
2023-12-01,6.4063,-2.440943307086618,-2.211120589396298,4.308868383520981,3.9933356398965225,-1.6259240845488576,-4.893808741673511
2024-01-01,6.40825,-2.8191065658364822,-2.6259738520641784,-0.07990734360249219,-2.8954091763209733,-3.370451526289664,-4.14166926090318
2024-02-01,6.462194736842105,-2.8037314394266932,-2.8288544340390853,-2.758380281518513,-12.5893573145349,-13.804374796753871,-3.4930367343355417
2024-03-01,6.4984399999999996,-2.029668913520588,-2.820874411406038,1.1589078678084563,-14.461983615699282,-5.298181707517157,-2.7432651763647398
2024-04-01,6.5,-1.7214436215623574,-3.4385922807017466,0.4806582451392094,-10.432295711204064,-17.311927381356007,0.17177862553647838
2024-05-01,6.505216666666667,-1.4139850413043664,-3.8354255440205987,2.176237118413349,-6.7703816914224895,2.8672547365191425,3.8422993358399715
2024-06-01,6.508536363636364,-1.2578608787231271,-3.354299649714898,0.15657872532035544,-9.978751911963101,5.064099537497979,4.147902367432765
2024-07-01,6.51565,-1.3354320188036506,-2.937060839160832,-2.8026763947795574,-17.900333522167834,-9.984432688065514,3.0520859508589293
2024-08-01,6.51192380952381,-0.9397001003844996,-3.0006998673963725,0.7080492947150185,-12.558165997682934,-2.8130530380722663,-0.10318551789946229
2024-09-01,6.471885,-1.4786007782101152,-2.3174074010143486,-1.8518978199344671,-5.5176582392773454,0.023121303076867328,-2.0590451055825243
2024-10-01,6.35158,-1.7120599221789878,-2.7874564459930307,-0.9641069441474137,-15.79242995097877,-6.907911739839023,-1.7110921914458843
2024-11-01,6.244331818181819,-1.6329750404521781,-2.578395121951216,-1.5061795531077116,-18.200713743894358,1.4859878759712508,-0.3715613810405416
2024-12-01,6.159405,-1.4740062749731386,-2.63889097222223,1.405924272410708,-17.8406450198075,1.6379688481854116,-0.6811236699679535
