index,Date,tone_mean,tone_median,pos_share,neg_share,neu_share,n_sent,label_majority
0,2020-03-03,0.5537756,0.920367,0.6701030927835051,0.10309278350515463,0.21649484536082475,97,positive
1,2020-02-28,0.5535653,0.8362664,0.592,0.048,0.36,125,positive
2,2020-02-27,0.603716,0.9354973,0.71875,0.078125,0.1875,128,positive
3,2020-02-06,0.49448556,0.8718167,0.5909090909090909,0.09090909090909091,0.2840909090909091,88,positive
4,2020-01-31,0.13519135,0.05842969,0.1,0.0,0.9,20,neutral
5,2020-01-30,0.4987567,0.6843862,0.5465116279069767,0.05813953488372093,0.3953488372093023,172,positive
6,2020-01-28,0.61647296,0.9131992,0.6859504132231405,0.04132231404958678,0.2644628099173554,121,positive
7,2020-01-24,0.68571305,0.9510217,0.7142857142857143,0.014285714285714285,0.2714285714285714,70,positive
8,2020-01-21,0.20574044,0.06494611,0.24242424242424243,0.06060606060606061,0.696969696969697,33,neutral
9,2020-01-09,0.56064165,0.9208479,0.6323529411764706,0.051470588235294115,0.29411764705882354,136,positive
10,2019-12-17,0.63245034,0.76730275,0.7,0.0,0.3,20,positive
11,2019-12-02,0.4845694,0.5894209,0.5333333333333333,0.03333333333333333,0.43333333333333335,30,positive
12,2019-12-02,0.47637695,0.64523715,0.5384615384615384,0.0,0.46153846153846156,13,positive
13,2019-11-26,0.39232698,0.5468619,0.5223880597014925,0.1044776119402985,0.3582089552238806,67,positive
14,2019-11-25,0.4886639,0.730445,0.5921052631578947,0.06578947368421052,0.34210526315789475,76,positive
15,2019-11-25,0.40466803,0.3206257,0.45454545454545453,0.022727272727272728,0.5227272727272727,88,neutral
16,2019-11-21,0.30422267,0.31997514,0.42528735632183906,0.13793103448275862,0.41379310344827586,87,neutral
17,2019-11-20,0.46131712,0.6266753,0.5272727272727272,0.03636363636363636,0.41818181818181815,55,positive
18,2019-11-18,0.4634697,0.5053699,0.5,0.0,0.5,16,neutral
19,2019-11-18,0.59061396,0.8543953,0.6078431372549019,0.0,0.39215686274509803,51,positive
20,2019-11-18,0.29183596,0.047629457,0.30434782608695654,0.0,0.6956521739130435,23,neutral
21,2019-10-23,0.3073043,0.21155998,0.3125,0.041666666666666664,0.6458333333333334,48,neutral
22,2019-10-17,0.51686275,0.87488663,0.5454545454545454,0.045454545454545456,0.4090909090909091,22,positive
23,2019-10-16,0.59135354,0.95095944,0.6857142857142857,0.07142857142857142,0.24285714285714285,70,positive
24,2019-10-11,0.29030418,0.14991617,0.4074074074074074,0.08333333333333333,0.5,108,neutral
25,2019-10-11,0.4565278,0.4055029,0.4745762711864407,0.01694915254237288,0.5084745762711864,59,neutral
26,2019-10-10,0.45457652,0.524458,0.5094339622641509,0.05660377358490566,0.42452830188679247,106,positive
27,2019-10-08,0.72147375,0.9504367,0.8095238095238095,0.03571428571428571,0.15476190476190477,84,positive
28,2019-09-25,0.42466003,0.40243208,0.43010752688172044,0.021505376344086023,0.5483870967741935,93,neutral
29,2019-09-24,0.6783046,0.9463725,0.7545454545454545,0.045454545454545456,0.2,110,positive
30,2019-09-17,0.73137,0.9019612,0.7708333333333334,0.020833333333333332,0.20833333333333334,48,positive
31,2019-09-13,0.5710241,0.66360086,0.5757575757575758,0.0,0.42424242424242425,33,positive
32,2019-09-05,0.60499346,0.7527339,0.6923076923076923,0.0,0.3076923076923077,13,positive
33,2019-09-02,0.4613951,0.38487884,0.42857142857142855,0.0,0.5714285714285714,21,neutral
34,2019-08-27,0.5110861,0.8553928,0.625,0.1125,0.2625,80,positive
35,2019-08-19,0.24549234,0.020490669,0.34,0.1,0.52,50,neutral
36,2019-08-18,0.07314862,0.024674872,0.0,0.0,1.0,11,neutral
37,2019-08-16,0.44696426,0.58037966,0.5102040816326531,0.10204081632653061,0.3877551020408163,98,positive
38,2019-08-06,0.49612886,0.77257967,0.6076923076923076,0.08461538461538462,0.3,130,positive
39,2019-07-26,0.3697413,0.32218632,0.3956043956043956,0.06593406593406594,0.5384615384615384,91,neutral
40,2019-07-23,0.40135166,0.48354316,0.5,0.057692307692307696,0.4423076923076923,52,positive
41,2019-07-03,0.38763168,0.30987954,0.375,0.0,0.625,16,neutral
42,2019-06-21,0.20655766,0.024516992,0.2857142857142857,0.047619047619047616,0.6666666666666666,21,neutral
43,2019-06-19,0.4307244,0.8215233,0.5833333333333334,0.13333333333333333,0.26666666666666666,60,positive
44,2019-06-19,0.46148446,0.5511762,0.5294117647058824,0.0392156862745098,0.43137254901960786,102,positive
45,2019-06-18,0.49596685,0.50464326,0.5128205128205128,0.0,0.48717948717948717,39,positive
46,2019-06-14,0.06448013,0.026735445,0.20588235294117646,0.17647058823529413,0.6176470588235294,34,neutral
47,2019-06-06,0.4877431,0.6762376,0.5686274509803921,0.06862745098039216,0.35294117647058826,102,positive
48,2019-05-17,0.40403286,0.5020106,0.5072463768115942,0.07246376811594203,0.391304347826087,69,positive
49,2019-04-29,0.55810976,0.76082593,0.5925925925925926,0.027777777777777776,0.37962962962962965,108,positive
50,2019-03-29,0.37491053,0.51961297,0.5247524752475248,0.12871287128712872,0.32673267326732675,101,positive
51,2019-03-26,0.5042224,0.5471146,0.5591397849462365,0.0,0.44086021505376344,93,positive
52,2019-03-08,0.54809225,0.7469013,0.575,0.05,0.375,40,positive
53,2019-02-28,0.20012194,0.029768333,0.2236842105263158,0.05263157894736842,0.7236842105263158,76,neutral
54,2019-02-26,0.3657867,0.14852645,0.3508771929824561,0.0,0.6491228070175439,57,neutral
55,2019-02-18,0.2473139,0.24690218,0.0,0.0,1.0,69,neutral
56,2019-01-25,0.53939605,0.79451466,0.6395348837209303,0.06976744186046512,0.29069767441860467,86,positive
57,2019-01-24,0.5520984,0.9038445,0.6829268292682927,0.12195121951219512,0.1951219512195122,123,positive
58,2019-01-21,-0.0022886347,0.0074740313,0.17857142857142858,0.20238095238095238,0.6071428571428571,84,neutral
59,2019-01-03,0.36528698,0.15982921,0.40625,0.03125,0.5625,96,neutral
60,2018-12-12,0.52254814,0.61112493,0.5961538461538461,0.019230769230769232,0.38461538461538464,52,positive
61,2018-10-30,0.6183319,0.8998327,0.6956521739130435,0.043478260869565216,0.2608695652173913,46,positive
62,2018-09-17,0.3607228,0.27571547,0.4634146341463415,0.0975609756097561,0.43902439024390244,41,positive
63,2018-08-28,0.26616243,0.11198955,0.42592592592592593,0.16666666666666666,0.4074074074074074,54,positive
64,2018-08-28,0.3647124,0.358987,0.45161290322580644,0.0967741935483871,0.45161290322580644,31,neutral
65,2018-08-17,0.47158644,0.7585969,0.5263157894736842,0.07894736842105263,0.37719298245614036,114,positive
66,2018-08-14,0.3752614,0.48517218,0.5,0.13953488372093023,0.36046511627906974,86,positive
67,2018-08-13,0.34934655,0.16849414,0.38636363636363635,0.045454545454545456,0.5681818181818182,44,neutral
68,2018-08-08,0.4587453,0.756844,0.5803571428571429,0.08928571428571429,0.32142857142857145,112,positive
69,2018-08-07,0.5863315,0.84739494,0.65625,0.03125,0.28125,32,positive
70,2018-08-04,0.22760071,0.14057386,0.3125,0.09375,0.59375,32,neutral
71,2018-07-27,0.45931658,0.471301,0.4915254237288136,0.01694915254237288,0.4915254237288136,59,neutral
72,2018-07-27,0.6108089,0.84695077,0.6836734693877551,0.02040816326530612,0.29591836734693877,98,positive
73,2018-07-26,0.48017207,0.56301993,0.5416666666666666,0.0,0.4583333333333333,48,positive
74,2018-07-25,0.38513914,0.40273833,0.49056603773584906,0.09433962264150944,0.39622641509433965,53,positive
75,2018-07-20,0.18480904,0.06134249,0.43478260869565216,0.2608695652173913,0.30434782608695654,46,positive
76,2018-07-17,0.523184,0.7606038,0.6,0.04,0.352,125,positive
77,2018-07-13,0.47868526,0.5320198,0.5204081632653061,0.02040816326530612,0.45918367346938777,98,positive
78,2018-07-10,0.53170705,0.75236976,0.5294117647058824,0.0196078431372549,0.45098039215686275,51,positive
79,2018-07-03,0.41857395,0.38786474,0.45,0.03,0.52,100,neutral
80,2018-06-30,0.4984383,0.54579866,0.5185185185185185,0.027777777777777776,0.4444444444444444,108,positive
81,2018-05-28,0.38837498,0.2953881,0.42105263157894735,0.05263157894736842,0.5263157894736842,38,neutral
82,2018-05-21,0.58747286,0.8994622,0.6222222222222222,0.022222222222222223,0.34444444444444444,90,positive
83,2018-05-09,0.27001777,0.1269399,0.3333333333333333,0.08333333333333333,0.5833333333333334,24,neutral
84,2018-05-09,0.29979417,0.35045737,0.44642857142857145,0.125,0.4107142857142857,56,positive
85,2018-05-04,0.35039282,0.260471,0.4594594594594595,0.08108108108108109,0.43243243243243246,37,neutral
86,2018-05-03,0.43554184,0.5565669,0.5454545454545454,0.09090909090909091,0.36363636363636365,33,positive
87,2018-04-24,0.5264065,0.816928,0.5833333333333334,0.045454545454545456,0.36363636363636365,132,positive
88,2018-04-23,0.6725332,0.84317935,0.7209302325581395,0.0,0.27906976744186046,43,positive
89,2018-04-18,0.45113328,0.5673203,0.5402298850574713,0.04597701149425287,0.40229885057471265,87,positive
90,2018-04-10,0.6150403,0.8624805,0.6923076923076923,0.038461538461538464,0.2692307692307692,104,positive
91,2018-03-22,0.511832,0.810168,0.5503875968992248,0.05426356589147287,0.3875968992248062,129,positive
92,2018-03-12,0.20015314,0.078762844,0.29464285714285715,0.08035714285714286,0.625,112,neutral
93,2018-03-06,0.481139,0.6420875,0.5476190476190477,0.06349206349206349,0.3888888888888889,126,positive
94,2018-01-19,0.5547959,0.6830105,0.6,0.014285714285714285,0.38571428571428573,70,positive
95,2018-01-17,0.45828426,0.5678147,0.5294117647058824,0.023529411764705882,0.4235294117647059,85,positive
96,2018-01-12,0.656122,0.82379603,0.6785714285714286,0.0,0.32142857142857145,28,positive
97,2018-01-04,0.54113454,0.84603286,0.6363636363636364,0.08080808080808081,0.2727272727272727,99,positive
98,2017-12-13,0.3520293,0.24624601,0.43103448275862066,0.05172413793103448,0.5172413793103449,58,neutral
99,2017-11-28,0.3645549,0.21458316,0.35,0.016666666666666666,0.6166666666666667,60,neutral
100,2017-11-27,0.62372947,0.9301665,0.7378640776699029,0.06796116504854369,0.18446601941747573,103,positive
101,2017-11-27,0.3708597,0.51630884,0.5,0.13043478260869565,0.3695652173913043,46,positive
102,2017-11-21,0.5430635,0.8542352,0.6271186440677966,0.05084745762711865,0.3050847457627119,118,positive
103,2017-11-20,0.5674688,0.7986263,0.65625,0.041666666666666664,0.3020833333333333,96,positive
104,2017-11-17,0.5889509,0.8794047,0.6581196581196581,0.042735042735042736,0.29914529914529914,117,positive
105,2017-11-11,0.31657284,0.13516116,0.3951612903225806,0.07258064516129033,0.5241935483870968,124,neutral
106,2017-11-08,0.48111513,0.69455177,0.5614035087719298,0.043859649122807015,0.3508771929824561,114,positive
107,2017-10-27,0.3086171,0.29944515,0.421875,0.109375,0.4375,64,neutral
108,2017-10-26,0.41573924,0.5844197,0.5118110236220472,0.07874015748031496,0.4094488188976378,127,positive
109,2017-10-25,0.6444782,0.85163826,0.693069306930693,0.019801980198019802,0.26732673267326734,101,positive
110,2017-10-24,0.48110366,0.6103192,0.5213675213675214,0.042735042735042736,0.4358974358974359,117,positive
111,2017-10-23,0.48155442,0.5957302,0.5625,0.044642857142857144,0.39285714285714285,112,positive
112,2017-10-18,0.51288706,0.72778916,0.5543478260869565,0.05434782608695652,0.391304347826087,92,positive
113,2017-10-04,0.5811581,0.84421206,0.6571428571428571,0.02857142857142857,0.3047619047619048,105,positive
114,2017-09-21,0.59455365,0.8746175,0.6186440677966102,0.03389830508474576,0.3305084745762712,118,positive
115,2017-09-20,0.47106487,0.43901223,0.48,0.01,0.51,100,neutral
116,2017-09-06,0.23962025,0.24689458,0.0,0.0,1.0,49,neutral
117,2017-09-04,0.2877723,0.14428806,0.3425925925925926,0.05555555555555555,0.5833333333333334,108,neutral
118,2017-08-30,0.44323102,0.734451,0.5714285714285714,0.12380952380952381,0.2857142857142857,105,positive
119,2017-08-29,0.47796497,0.67624396,0.55,0.075,0.3625,80,positive
120,2017-08-29,0.27087387,0.09870461,0.3010752688172043,0.043010752688172046,0.6559139784946236,93,neutral
121,2017-08-25,0.33843192,0.08476574,0.3880597014925373,0.029850746268656716,0.582089552238806,67,neutral
122,2017-08-22,0.450475,0.5182871,0.5,0.05,0.43,100,positive
123,2017-07-28,0.26810914,0.19757544,0.336283185840708,0.07964601769911504,0.584070796460177,113,neutral
124,2017-07-26,0.32800588,0.07601583,0.3445378151260504,0.025210084033613446,0.6218487394957983,119,neutral
125,2017-07-26,0.5462499,0.80196637,0.59375,0.03125,0.375,96,positive
126,2017-07-26,0.46872503,0.60937583,0.5217391304347826,0.021739130434782608,0.44565217391304346,92,positive
127,2017-07-14,0.40213025,0.30437526,0.40860215053763443,0.010752688172043012,0.5376344086021505,93,neutral
128,2017-07-11,0.4669962,0.31467506,0.46153846153846156,0.0,0.5384615384615384,65,neutral
129,2017-07-10,0.53306854,0.6082364,0.5254237288135594,0.0,0.4745762711864407,59,positive
130,2017-07-04,0.54399025,0.82632834,0.7111111111111111,0.08888888888888889,0.17777777777777778,45,positive
131,2017-07-03,0.5754677,0.74749935,0.6119402985074627,0.029850746268656716,0.3582089552238806,67,positive
132,2017-07-03,0.48551813,0.79557985,0.5555555555555556,0.0707070707070707,0.35353535353535354,99,positive
133,2017-06-06,0.38915417,0.31173557,0.4375,0.020833333333333332,0.5416666666666666,48,neutral
134,2017-06-06,0.31288877,0.18726371,0.3790322580645161,0.08064516129032258,0.5161290322580645,124,neutral
135,2017-05-26,0.2866779,0.14696626,0.33707865168539325,0.056179775280898875,0.6067415730337079,89,neutral
136,2017-05-25,0.35391062,0.25568688,0.3283582089552239,0.029850746268656716,0.6417910447761194,67,neutral
137,2017-05-24,0.3942419,0.3254282,0.4392523364485981,0.04672897196261682,0.514018691588785,107,neutral
138,2017-03-31,0.47786704,0.6776402,0.532258064516129,0.04838709677419355,0.3870967741935484,62,positive
139,2017-03-28,0.34772474,0.47162646,0.4936708860759494,0.13924050632911392,0.34810126582278483,158,positive
140,2017-03-23,0.09245913,0.04019104,0.3387096774193548,0.22580645161290322,0.3709677419354839,62,neutral
141,2017-03-14,0.41739282,0.4458369,0.46938775510204084,0.061224489795918366,0.45918367346938777,98,neutral
142,2017-03-14,0.37795594,0.22902441,0.3793103448275862,0.0,0.6206896551724138,29,neutral
143,2017-03-11,0.33006674,0.103028074,0.4,0.05263157894736842,0.5368421052631579,95,neutral
144,2017-03-10,0.45000282,0.6462251,0.5576923076923077,0.09615384615384616,0.3269230769230769,52,positive
145,2017-03-07,0.4946001,0.5174507,0.5111111111111111,0.0,0.4888888888888889,45,positive
146,2017-01-10,0.5646979,0.9427779,0.6388888888888888,0.08333333333333333,0.2638888888888889,72,positive
147,2017-01-05,0.06326055,0.020682633,0.2767857142857143,0.23214285714285715,0.48214285714285715,112,neutral
148,2016-12-06,0.52214694,0.60428834,0.5227272727272727,0.0,0.4772727272727273,44,positive
149,2016-11-23,0.1453423,0.03696765,0.2647058823529412,0.1568627450980392,0.5490196078431373,102,neutral
150,2016-11-23,0.38480923,0.1316177,0.4393939393939394,0.045454545454545456,0.5151515151515151,66,neutral
151,2016-11-21,0.29537222,0.34240615,0.46875,0.11458333333333333,0.3958333333333333,96,positive
152,2016-09-30,0.4647054,0.3262719,0.475,0.0,0.525,40,neutral
153,2016-09-30,0.40881377,0.34843203,0.46511627906976744,0.046511627906976744,0.4883720930232558,43,neutral
154,2016-09-29,0.2743654,0.31192786,0.4492753623188406,0.18840579710144928,0.34782608695652173,69,positive
155,2016-09-22,0.25503695,0.061281495,0.36134453781512604,0.09243697478991597,0.5462184873949579,119,neutral
156,2016-09-21,-0.17393705,-0.00029329956,0.11392405063291139,0.31645569620253167,0.5316455696202531,79,neutral
157,2016-09-06,0.47964165,0.8653599,0.620253164556962,0.11392405063291139,0.26582278481012656,79,positive
158,2016-08-30,0.47260606,0.82916313,0.6224489795918368,0.11224489795918367,0.25510204081632654,98,positive
159,2016-08-16,0.25696617,0.039113387,0.36470588235294116,0.08235294117647059,0.5411764705882353,85,neutral
160,2016-07-21,0.14847766,0.0070795147,0.25862068965517243,0.13793103448275862,0.603448275862069,58,neutral
161,2016-07-15,0.20365988,0.08778435,0.2702702702702703,0.08108108108108109,0.6351351351351351,74,neutral
162,2016-07-14,0.26128155,0.11543999,0.36046511627906974,0.10465116279069768,0.5232558139534884,86,neutral
163,2016-07-13,0.53603464,0.750745,0.6229508196721312,0.03278688524590164,0.3442622950819672,61,positive
164,2016-07-12,0.3220072,0.16136938,0.39344262295081966,0.08196721311475409,0.5245901639344263,61,neutral
165,2016-07-05,0.27759486,0.18613741,0.3225806451612903,0.06451612903225806,0.6129032258064516,62,neutral
166,2016-06-03,0.30290818,0.08667452,0.3592233009708738,0.05825242718446602,0.5825242718446602,103,neutral
167,2016-05-23,0.3067801,0.21241315,0.3614457831325301,0.04819277108433735,0.5783132530120482,83,neutral
168,2016-05-17,0.43592706,0.55515695,0.5217391304347826,0.08695652173913043,0.391304347826087,46,positive
169,2016-05-16,0.6585334,0.79597974,0.7073170731707317,0.0,0.2926829268292683,41,positive
170,2016-04-28,0.30093512,0.13534874,0.421875,0.125,0.453125,64,neutral
171,2016-04-11,0.3746946,0.19335863,0.35185185185185186,0.0,0.6481481481481481,54,neutral
172,2016-03-18,0.24454859,0.03190416,0.34831460674157305,0.07865168539325842,0.550561797752809,89,neutral
173,2016-03-18,0.23812176,0.11070095,0.37,0.14,0.48,100,neutral
174,2016-02-23,0.26561776,0.19728477,0.4090909090909091,0.1534090909090909,0.4090909090909091,176,positive
175,2016-02-10,0.44433323,0.3282585,0.4074074074074074,0.0,0.5925925925925926,54,neutral
176,2016-01-19,0.53238213,0.8177781,0.6329113924050633,0.06329113924050633,0.2911392405063291,79,positive
177,2016-01-07,0.29621992,0.14107859,0.42857142857142855,0.15178571428571427,0.4107142857142857,112,positive
178,2015-11-24,0.28745714,0.06987766,0.29508196721311475,0.02459016393442623,0.6639344262295082,122,neutral
179,2015-11-24,0.16948661,0.03232531,0.32432432432432434,0.13513513513513514,0.527027027027027,74,neutral
180,2015-11-14,0.3469878,0.16274592,0.3884297520661157,0.024793388429752067,0.5785123966942148,121,neutral
181,2015-11-03,0.5288218,0.7598001,0.5714285714285714,0.023809523809523808,0.40476190476190477,42,positive
182,2015-10-27,0.39953542,0.46484923,0.4606741573033708,0.056179775280898875,0.47191011235955055,89,neutral
183,2015-10-20,0.5230724,0.552439,0.5378151260504201,0.008403361344537815,0.453781512605042,119,positive
184,2015-10-02,0.25427282,0.075250216,0.3445378151260504,0.06722689075630252,0.5882352941176471,119,neutral
185,2015-09-29,0.02285421,0.0091199465,0.21138211382113822,0.21138211382113822,0.5609756097560976,123,neutral
186,2015-09-16,0.23022662,0.106030606,0.3584905660377358,0.1320754716981132,0.5094339622641509,53,neutral
187,2015-09-02,0.08987867,0.0042713303,0.20155038759689922,0.12403100775193798,0.6666666666666666,129,neutral
188,2015-08-28,0.34166786,0.12049419,0.3875,0.0375,0.5625,80,neutral
189,2015-08-07,0.44861194,0.493657,0.48,0.04,0.48,25,neutral
190,2015-07-24,0.38857332,0.40353122,0.4827586206896552,0.10344827586206896,0.41379310344827586,29,positive
191,2015-07-21,0.27551004,0.18496552,0.336734693877551,0.08163265306122448,0.5714285714285714,98,neutral
192,2015-07-03,0.12705123,0.031765506,0.13043478260869565,0.043478260869565216,0.8260869565217391,46,neutral
193,2015-07-02,0.3604082,0.15108028,0.40350877192982454,0.02631578947368421,0.5614035087719298,114,neutral
194,2015-07-01,0.38277873,0.341901,0.42105263157894735,0.03508771929824561,0.543859649122807,57,neutral
195,2015-06-26,0.48412478,0.6264893,0.5825242718446602,0.04854368932038835,0.3592233009708738,103,positive
196,2015-06-17,0.2578533,0.07455671,0.3564356435643564,0.0891089108910891,0.5544554455445545,101,neutral
197,2015-06-10,0.30257884,0.23956564,0.38461538461538464,0.08974358974358974,0.5256410256410257,78,neutral
198,2015-06-03,0.21426839,0.10302251,0.42105263157894735,0.22105263157894736,0.3473684210526316,95,positive
199,2015-05-22,0.52729255,0.5197241,0.5306122448979592,0.0,0.46938775510204084,49,positive
200,2015-05-20,0.4438156,0.5227101,0.5283018867924528,0.05660377358490566,0.39622641509433965,53,positive
201,2015-05-20,0.38084844,0.36369276,0.4675324675324675,0.025974025974025976,0.4935064935064935,77,neutral
202,2015-05-18,0.27243084,0.10442397,0.32558139534883723,0.046511627906976744,0.627906976744186,86,neutral
203,2015-04-07,0.32489488,0.09119669,0.4367816091954023,0.09195402298850575,0.47126436781609193,87,neutral
204,2015-03-24,0.39443806,0.3925315,0.47297297297297297,0.08108108108108109,0.44594594594594594,74,positive
205,2015-03-17,0.33131817,0.17623699,0.4215686274509804,0.06862745098039216,0.5098039215686274,102,neutral
206,2015-02-24,0.1897737,0.04392459,0.3194444444444444,0.1388888888888889,0.5138888888888888,144,neutral
207,2015-02-20,0.18478559,0.107667014,0.29545454545454547,0.14772727272727273,0.5568181818181818,88,neutral
208,2015-01-30,0.190471,0.07172812,0.36633663366336633,0.1782178217821782,0.42574257425742573,101,neutral
209,2015-01-30,0.6946055,0.9054704,0.7727272727272727,0.0,0.22727272727272727,22,positive
210,2015-01-30,0.4879667,0.6788941,0.5405405405405406,0.05405405405405406,0.40540540540540543,37,positive
211,2015-01-23,0.4026882,0.80743414,0.55,0.1375,0.3125,80,positive
212,2015-01-08,0.48469096,0.7319226,0.6326530612244898,0.10204081632653061,0.25510204081632654,98,positive
213,2014-12-03,0.62415504,0.8212804,0.6511627906976745,0.0,0.3488372093023256,43,positive
214,2014-11-27,0.55974084,0.83761,0.64,0.04,0.32,25,positive
215,2014-11-05,0.3480526,0.22905412,0.3673469387755102,0.0,0.6224489795918368,98,neutral
216,2014-10-29,0.21420935,0.036148567,0.3125,0.1125,0.5625,80,neutral
217,2014-10-20,0.33697742,0.22582605,0.3979591836734694,0.08163265306122448,0.5204081632653061,98,neutral
218,2014-10-20,0.5271736,0.6894982,0.5714285714285714,0.04081632653061224,0.3877551020408163,49,positive
219,2014-09-30,0.46347252,0.74861383,0.5932203389830508,0.0847457627118644,0.3220338983050847,59,positive
220,2014-09-25,0.41750133,0.36391196,0.4657534246575342,0.0410958904109589,0.4931506849315068,73,neutral
221,2014-09-24,0.39359617,0.20675452,0.35135135135135137,0.0,0.6486486486486487,37,neutral
222,2014-09-23,0.21044737,0.02920526,0.31724137931034485,0.08275862068965517,0.6,145,neutral
223,2014-09-10,0.4637695,0.51981795,0.5,0.04054054054054054,0.4594594594594595,74,positive
224,2014-09-09,0.5433801,0.58291656,0.5454545454545454,0.0,0.45454545454545453,33,positive
225,2014-09-05,0.43846273,0.40058547,0.4728682170542636,0.023255813953488372,0.5038759689922481,129,neutral
226,2014-08-29,0.45773697,0.51886183,0.5321100917431193,0.045871559633027525,0.42201834862385323,109,positive
227,2014-08-20,0.27319524,0.13604778,0.3402061855670103,0.08247422680412371,0.5567010309278351,97,neutral
228,2014-08-18,0.5901638,0.8215335,0.5555555555555556,0.0,0.4444444444444444,27,positive
229,2014-08-13,0.09220095,0.02538886,0.2553191489361702,0.14893617021276595,0.5851063829787234,94,neutral
230,2014-07-09,0.58371496,0.8581844,0.6521739130434783,0.043478260869565216,0.30434782608695654,46,positive
231,2014-07-01,0.28915644,0.10459236,0.323943661971831,0.056338028169014086,0.6197183098591549,71,neutral
232,2014-06-18,0.5497646,0.735913,0.6428571428571429,0.03571428571428571,0.32142857142857145,28,positive
233,2014-05-28,0.35976255,0.2392454,0.44366197183098594,0.09154929577464789,0.44366197183098594,142,positive
234,2014-05-19,0.23869441,0.09905208,0.3333333333333333,0.09333333333333334,0.5733333333333334,75,neutral
235,2014-04-26,0.17690022,0.0111074345,0.25925925925925924,0.10185185185185185,0.6296296296296297,108,neutral
236,2014-03-19,0.26312053,0.07621381,0.37037037037037035,0.09876543209876543,0.5308641975308642,81,neutral
237,2014-03-18,0.32064527,0.42414492,0.49230769230769234,0.16923076923076924,0.3384615384615385,65,positive
238,2014-03-11,0.19622186,0.0922215,0.30434782608695654,0.10144927536231885,0.5942028985507246,69,neutral
239,2014-02-28,0.2606028,0.05925667,0.35714285714285715,0.10714285714285714,0.5357142857142857,28,neutral
240,2014-02-21,0.33672944,0.21665859,0.39655172413793105,0.08620689655172414,0.5172413793103449,58,neutral
241,2014-02-18,0.21840933,0.07788137,0.3835616438356164,0.1506849315068493,0.4520547945205479,73,neutral
242,2014-01-29,0.17534882,0.09101407,0.3548387096774194,0.16129032258064516,0.4838709677419355,31,neutral
243,2014-01-09,0.32701862,0.33369666,0.4576271186440678,0.13559322033898305,0.4067796610169492,118,positive
244,2013-12-03,-0.03733758,0.0089736115,0.14285714285714285,0.17857142857142858,0.6785714285714286,28,neutral
245,2013-12-03,0.27940717,0.10504252,0.32653061224489793,0.08163265306122448,0.5918367346938775,49,neutral
246,2013-11-29,0.21786399,0.020744989,0.2753623188405797,0.057971014492753624,0.6376811594202898,69,neutral
247,2013-10-25,0.2413575,0.023569252,0.2524271844660194,0.009708737864077669,0.7281553398058253,103,neutral
248,2013-10-09,0.38782778,0.18668468,0.4246575342465753,0.0273972602739726,0.547945205479452,73,neutral
249,2013-09-24,0.18156567,0.015799396,0.2032967032967033,0.03296703296703297,0.7637362637362637,182,neutral
250,2013-08-27,0.4600538,0.28370187,0.42105263157894735,0.0,0.5789473684210527,19,neutral
251,2013-07-25,0.36983317,0.19106403,0.4444444444444444,0.08888888888888889,0.4666666666666667,45,neutral
252,2013-07-19,0.3754167,0.16937476,0.4117647058823529,0.04411764705882353,0.5441176470588235,68,neutral
253,2013-07-17,0.27343956,0.08095997,0.27835051546391754,0.030927835051546393,0.6907216494845361,97,neutral
254,2013-07-16,0.55411726,0.8891705,0.6129032258064516,0.04838709677419355,0.3387096774193548,62,positive
255,2013-07-08,0.558952,0.59390426,0.6190476190476191,0.0,0.38095238095238093,42,positive
256,2013-07-03,0.35373837,0.31345958,0.42452830188679247,0.09433962264150944,0.4716981132075472,106,neutral
257,2013-07-01,0.2275709,0.21297292,0.0,0.0,1.0,17,neutral
258,2013-06-26,0.35836464,0.02679565,0.4142857142857143,0.02857142857142857,0.5571428571428572,70,neutral
259,2013-06-10,0.34914523,0.32942382,0.35714285714285715,0.05714285714285714,0.5857142857142857,70,neutral
260,2013-03-22,0.5211982,0.7729169,0.6326530612244898,0.061224489795918366,0.30612244897959184,98,positive
261,2013-03-20,0.36263904,0.23592974,0.3978494623655914,0.03225806451612903,0.5591397849462365,93,neutral
262,2013-03-18,0.34619284,0.18308347,0.2857142857142857,0.0,0.7142857142857143,35,neutral
263,2013-03-12,0.43605956,0.55026114,0.5072463768115942,0.057971014492753624,0.42028985507246375,69,positive
264,2013-02-13,0.2701488,0.044560753,0.32142857142857145,0.03571428571428571,0.6071428571428571,28,neutral
265,2013-01-18,0.42376778,0.26948494,0.4603174603174603,0.047619047619047616,0.49206349206349204,63,neutral
266,2013-01-03,0.28260818,0.13655889,0.4205607476635514,0.16822429906542055,0.411214953271028,107,positive
267,2012-12-05,0.28756315,0.112465516,0.3181818181818182,0.045454545454545456,0.6363636363636364,44,neutral
268,2012-12-04,0.3718529,0.30007276,0.43859649122807015,0.05263157894736842,0.5087719298245614,57,neutral
269,2012-11-27,0.06957335,0.008790072,0.16470588235294117,0.12941176470588237,0.6823529411764706,85,neutral
270,2012-10-30,0.1385621,0.028589046,0.1951219512195122,0.0975609756097561,0.6829268292682927,82,neutral
271,2012-10-24,0.3203192,0.18293813,0.3508771929824561,0.03508771929824561,0.6140350877192983,57,neutral
272,2012-10-22,0.4131353,0.45674244,0.5,0.043478260869565216,0.43478260869565216,46,positive
273,2012-10-05,0.10498565,0.023707021,0.23478260869565218,0.16521739130434782,0.5826086956521739,115,neutral
274,2012-09-19,0.12450001,0.01128836,0.19,0.07,0.74,100,neutral
275,2012-09-06,0.26097798,0.05786701,0.367816091954023,0.08045977011494253,0.5172413793103449,87,neutral
276,2012-08-23,0.03362115,0.018823843,0.19047619047619047,0.17142857142857143,0.638095238095238,105,neutral
277,2012-07-26,0.5145611,0.7045395,0.53125,0.03125,0.4375,32,positive
278,2012-07-11,0.33679128,0.11083236,0.3804347826086957,0.021739130434782608,0.5869565217391305,92,neutral
279,2012-06-18,0.17475566,0.032123744,0.30851063829787234,0.14893617021276595,0.5425531914893617,94,neutral
280,2012-05-16,0.5157823,0.6337347,0.5454545454545454,0.022727272727272728,0.4318181818181818,44,positive
281,2012-03-26,0.32026562,0.081933096,0.3333333333333333,0.047619047619047616,0.5714285714285714,21,neutral
282,2012-03-21,0.38091612,0.3424182,0.4264705882352941,0.04411764705882353,0.5294117647058824,68,neutral
283,2012-03-20,0.6580666,0.8791115,0.6944444444444444,0.0,0.3055555555555556,36,positive
284,2012-02-07,0.19927078,0.043351628,0.29906542056074764,0.102803738317757,0.5981308411214953,107,neutral
285,2012-01-20,0.49401346,0.73443544,0.5774647887323944,0.07042253521126761,0.3380281690140845,71,positive
286,2011-11-16,0.6568657,0.8588594,0.7,0.0,0.3,30,positive
287,2011-10-25,0.35634658,0.40194666,0.4878048780487805,0.14634146341463414,0.36585365853658536,82,positive
288,2011-10-20,0.45656082,0.5516503,0.5425531914893617,0.06382978723404255,0.3723404255319149,94,positive
289,2011-08-04,0.58625257,0.81900704,0.6185567010309279,0.020618556701030927,0.3402061855670103,97,positive
290,2011-07-06,0.5122494,0.7599693,0.6,0.05714285714285714,0.34285714285714286,70,positive
291,2011-07-05,0.52893573,0.7243093,0.5754716981132075,0.02830188679245283,0.39622641509433965,106,positive
292,2011-05-03,0.556126,0.6706227,0.6170212765957447,0.02127659574468085,0.3617021276595745,47,positive
293,2011-01-14,0.6569025,0.9393289,0.7391304347826086,0.021739130434782608,0.2391304347826087,46,positive
294,2011-01-06,0.3864999,0.33350003,0.4722222222222222,0.07407407407407407,0.4351851851851852,108,positive
295,2010-11-17,0.27183673,0.14618772,0.4166666666666667,0.1388888888888889,0.4305555555555556,72,neutral
296,2010-10-27,0.476636,0.58137846,0.5121951219512195,0.024390243902439025,0.4634146341463415,41,positive
297,2010-08-18,0.4122655,0.3396471,0.48148148148148145,0.07407407407407407,0.4074074074074074,54,positive
298,2010-08-12,0.29396766,0.092425,0.36585365853658536,0.0975609756097561,0.5365853658536586,41,neutral
299,2010-08-07,0.56033707,0.8991649,0.5526315789473685,0.0,0.4473684210526316,38,positive
300,2010-08-04,0.5043814,0.71840155,0.5909090909090909,0.045454545454545456,0.36363636363636365,22,positive
301,2010-07-27,0.22782001,0.04711804,0.22857142857142856,0.02857142857142857,0.7428571428571429,35,neutral
302,2010-07-27,0.34890333,0.057297356,0.358974358974359,0.0,0.6410256410256411,39,neutral
303,2010-07-20,0.60548496,0.91168016,0.6153846153846154,0.0,0.38461538461538464,65,positive
304,2010-07-07,0.34923497,0.3383543,0.4603174603174603,0.12698412698412698,0.4126984126984127,63,positive
305,2010-07-05,0.3963883,0.11236639,0.40145985401459855,0.014598540145985401,0.5766423357664233,137,neutral
306,2010-07-03,0.5260646,0.7664673,0.5641025641025641,0.02564102564102564,0.41025641025641024,39,positive
307,2010-07-02,0.42350498,0.36351648,0.46875,0.03125,0.5,32,neutral
308,2010-06-17,0.60261774,0.9465635,0.6190476190476191,0.0,0.38095238095238093,42,positive
309,2010-06-02,0.34783465,0.09557147,0.38333333333333336,0.016666666666666666,0.6,60,neutral
310,2010-05-31,0.3673703,0.12790012,0.3977272727272727,0.03409090909090909,0.5681818181818182,88,neutral
311,2010-05-21,0.48700505,0.27882147,0.47619047619047616,0.0,0.5238095238095238,42,neutral
312,2010-03-12,0.14020272,0.02165338,0.25,0.1111111111111111,0.625,72,neutral
313,2010-01-27,0.40907168,0.26667884,0.4222222222222222,0.022222222222222223,0.5555555555555556,45,neutral
314,2010-01-14,0.3901858,0.12577839,0.4375,0.046875,0.515625,64,neutral
315,2009-12-08,0.4777032,0.5352557,0.532258064516129,0.016129032258064516,0.45161290322580644,62,positive
316,2009-12-02,0.5424584,0.6412458,0.5555555555555556,0.0,0.4444444444444444,27,positive
317,2009-11-23,0.31608137,0.12943533,0.38461538461538464,0.07692307692307693,0.5384615384615384,26,neutral
318,2009-11-04,0.24033587,0.116193905,0.40384615384615385,0.16346153846153846,0.41346153846153844,104,neutral
319,2009-10-30,0.17396286,0.031671636,0.29473684210526313,0.09473684210526316,0.5684210526315789,95,neutral
320,2009-10-23,0.50488245,0.7364058,0.6037735849056604,0.0660377358490566,0.32075471698113206,106,positive
321,2009-09-09,0.3986576,0.40218478,0.4393939393939394,0.06060606060606061,0.5,66,neutral
322,2009-09-01,0.62364894,0.89845216,0.6666666666666666,0.02564102564102564,0.3076923076923077,78,positive
323,2009-08-11,0.51726234,0.795854,0.6140350877192983,0.07017543859649122,0.30701754385964913,114,positive
324,2009-07-15,0.5154789,0.7337731,0.5483870967741935,0.03225806451612903,0.41935483870967744,62,positive
325,2009-07-14,0.35785306,0.20742449,0.3953488372093023,0.023255813953488372,0.5581395348837209,43,neutral
326,2009-07-14,0.4653724,0.37463197,0.4666666666666667,0.022222222222222223,0.5111111111111111,45,neutral
327,2009-07-03,0.42514002,0.52511317,0.51,0.08,0.41,100,positive
328,2009-07-03,0.42390797,0.33674145,0.47058823529411764,0.0,0.5294117647058824,34,neutral
329,2009-06-19,0.3317431,0.21449369,0.2962962962962963,0.037037037037037035,0.6666666666666666,54,neutral
330,2009-05-15,0.6324209,0.91774344,0.691358024691358,0.037037037037037035,0.2716049382716049,81,positive
331,2009-05-12,0.39999396,0.6352774,0.532258064516129,0.12096774193548387,0.33064516129032256,124,positive
332,2009-04-14,0.34607354,0.40808383,0.496,0.144,0.344,125,positive
333,2009-03-31,0.08422996,0.0046571475,0.2971014492753623,0.2318840579710145,0.4492753623188406,138,neutral
334,2009-03-30,0.11745598,0.0064641437,0.20270270270270271,0.06756756756756757,0.7297297297297297,74,neutral
335,2009-03-25,0.1475323,0.03603669,0.30952380952380953,0.13095238095238096,0.5476190476190477,84,neutral
336,2009-03-18,0.30244455,0.17273335,0.42857142857142855,0.125,0.42857142857142855,112,neutral
337,2009-03-13,0.26341248,0.0603228,0.3116883116883117,0.06493506493506493,0.6233766233766234,77,neutral
338,2009-03-03,0.35548472,0.27967128,0.4647887323943662,0.09859154929577464,0.4084507042253521,71,positive
339,2009-03-02,0.6125639,0.9103314,0.6842105263157895,0.05263157894736842,0.2631578947368421,57,positive
340,2009-02-27,0.62598985,0.9073692,0.6410256410256411,0.0,0.358974358974359,39,positive
341,2009-02-26,0.16373673,0.010179736,0.2631578947368421,0.10526315789473684,0.631578947368421,38,neutral
342,2009-02-25,0.23296995,0.07640871,0.3939393939393939,0.1414141414141414,0.45454545454545453,99,neutral
343,2009-02-11,0.21835089,0.029503433,0.36879432624113473,0.15602836879432624,0.45390070921985815,141,neutral
344,2009-02-02,0.07501147,0.0064380197,0.3576158940397351,0.2980132450331126,0.32450331125827814,151,positive
345,2009-01-28,0.40558746,0.55629736,0.5573770491803278,0.09836065573770492,0.3442622950819672,61,positive
346,2009-01-26,0.34619305,0.37565404,0.4861111111111111,0.1388888888888889,0.3472222222222222,72,positive
347,2009-01-16,0.20889632,0.13852945,0.2608695652173913,0.13043478260869565,0.6086956521739131,23,neutral
348,2009-01-16,0.28554308,0.13656999,0.38461538461538464,0.1076923076923077,0.5076923076923077,65,neutral
349,2009-01-08,0.31112406,0.13018289,0.4322033898305085,0.1016949152542373,0.4661016949152542,118,neutral
350,2009-01-06,0.32725093,0.32808954,0.46153846153846156,0.19230769230769232,0.3269230769230769,52,positive
351,2008-12-17,0.36760545,0.52218884,0.5172413793103449,0.11494252873563218,0.367816091954023,87,positive
352,2008-11-19,0.46332225,0.6008414,0.525,0.05,0.425,40,positive
353,2008-11-14,0.1331352,0.0320421,0.32142857142857145,0.15476190476190477,0.5119047619047619,84,neutral
354,2008-10-29,0.20664294,0.02456349,0.3412698412698413,0.14285714285714285,0.5,126,neutral
355,2008-10-07,0.6357857,0.8654759,0.6538461538461539,0.0,0.34615384615384615,26,positive
356,2008-10-03,0.48007882,0.38278696,0.4888888888888889,0.0,0.5111111111111111,45,neutral
357,2008-10-03,0.3312028,0.19865735,0.46017699115044247,0.10619469026548672,0.4336283185840708,113,positive
358,2008-09-29,0.3019662,0.20247579,0.423728813559322,0.1016949152542373,0.4661016949152542,118,neutral
359,2008-09-17,0.32653737,0.5203929,0.5287356321839081,0.16091954022988506,0.2988505747126437,87,positive
360,2008-09-12,0.3288678,0.28762907,0.4166666666666667,0.10416666666666667,0.4791666666666667,48,neutral
361,2008-08-27,0.27560827,0.22819005,0.15625,0.03125,0.8125,32,neutral
362,2008-08-23,0.50467926,0.69020647,0.5283018867924528,0.018867924528301886,0.4528301886792453,53,positive
363,2008-07-24,0.48731166,0.6032877,0.5483870967741935,0.03225806451612903,0.41935483870967744,62,positive
364,2008-07-23,0.37001154,0.8181274,0.5584415584415584,0.2077922077922078,0.23376623376623376,77,positive
365,2008-07-15,0.5841919,0.94068086,0.6307692307692307,0.06153846153846154,0.3076923076923077,65,positive
366,2008-07-11,0.39908013,0.37293977,0.41935483870967744,0.06451612903225806,0.5161290322580645,31,neutral
367,2008-07-08,0.6940872,0.9155842,0.75,0.013157894736842105,0.23684210526315788,76,positive
368,2008-07-03,0.44157735,0.48682174,0.5,0.05714285714285714,0.44285714285714284,70,positive
369,2008-07-03,0.5392358,0.7744943,0.576271186440678,0.01694915254237288,0.4067796610169492,59,positive
370,2008-05-13,0.3137807,0.16093902,0.35294117647058826,0.08823529411764706,0.5588235294117647,34,neutral
371,2008-05-13,0.31529412,0.20892838,0.3888888888888889,0.05555555555555555,0.5555555555555556,36,neutral
372,2008-03-26,0.6181916,0.91941035,0.6285714285714286,0.0,0.37142857142857144,35,positive
373,2008-03-25,0.5373244,0.66151404,0.6,0.0,0.4,20,positive
374,2008-02-27,0.18207787,0.09331086,0.41414141414141414,0.2727272727272727,0.2727272727272727,99,positive
375,2008-02-13,0.26398546,0.37809533,0.5051546391752577,0.24742268041237114,0.23711340206185566,97,positive
376,2008-02-12,0.15565279,0.058112465,0.48148148148148145,0.2962962962962963,0.2222222222222222,54,positive
377,2008-02-11,0.515921,0.833417,0.6071428571428571,0.09523809523809523,0.2976190476190476,84,positive
378,2008-01-30,0.4691208,0.6282939,0.5522388059701493,0.04477611940298507,0.40298507462686567,67,positive
379,2008-01-15,0.44561183,0.5741719,0.5245901639344263,0.06557377049180328,0.4098360655737705,61,positive
380,2008-01-08,0.42008004,0.7666587,0.5853658536585366,0.12195121951219512,0.2926829268292683,41,positive
381,2008-01-07,0.46569446,0.44724905,0.46875,0.03125,0.5,32,neutral
382,2008-01-03,0.35168886,0.52852947,0.5051546391752577,0.13402061855670103,0.3402061855670103,97,positive
383,2007-10-09,0.22273485,0.03435385,0.42857142857142855,0.20952380952380953,0.3523809523809524,105,positive
384,2007-09-12,0.51058155,0.88162875,0.5892857142857143,0.05357142857142857,0.3392857142857143,56,positive
385,2007-08-29,0.48233938,0.58937037,0.5,0.0,0.5,14,neutral
386,2007-08-27,0.52674425,0.68745726,0.5869565217391305,0.03260869565217391,0.3804347826086957,92,positive
387,2007-08-14,0.25659442,0.11019163,0.26666666666666666,0.06666666666666667,0.6666666666666666,15,neutral
388,2007-07-31,0.47646922,0.45564392,0.46875,0.0,0.53125,32,neutral
389,2007-07-31,0.3244513,0.14216165,0.3225806451612903,0.03225806451612903,0.6451612903225806,31,neutral
390,2007-07-27,0.17743729,0.13735086,0.2,0.06666666666666667,0.7333333333333333,30,neutral
391,2007-07-25,0.43410113,0.34223878,0.43478260869565216,0.0,0.5652173913043478,23,neutral
392,2007-07-24,0.50936115,0.5913666,0.5384615384615384,0.02197802197802198,0.42857142857142855,91,positive
393,2007-07-23,0.40014225,0.37849,0.42857142857142855,0.03571428571428571,0.5,28,neutral
394,2007-07-20,0.5961961,0.8764944,0.6666666666666666,0.06666666666666667,0.26666666666666666,15,positive
395,2007-07-20,0.64888084,0.8660158,0.6666666666666666,0.0,0.3,30,positive
396,2007-07-20,0.7111253,0.9527831,0.7391304347826086,0.0,0.2608695652173913,23,positive
397,2007-07-10,0.40563282,0.35381535,0.44,0.0,0.56,25,neutral
398,2007-07-08,0.13930549,0.04090544,0.20689655172413793,0.08045977011494253,0.7126436781609196,87,neutral
399,2007-07-04,0.5797735,0.8342702,0.6206896551724138,0.06896551724137931,0.3103448275862069,29,positive
400,2007-07-03,0.5874931,0.7800045,0.6206896551724138,0.011494252873563218,0.367816091954023,87,positive
401,2007-07-03,0.26897866,0.09775174,0.2608695652173913,0.0,0.7391304347826086,23,neutral
402,2007-06-29,0.6298678,0.87523055,0.6538461538461539,0.038461538461538464,0.3076923076923077,26,positive
403,2007-06-14,0.60145354,0.8158815,0.6363636363636364,0.0,0.36363636363636365,33,positive
404,2007-06-13,0.58964837,0.76682734,0.6610169491525424,0.03389830508474576,0.3050847457627119,59,positive
405,2007-06-06,0.3917478,0.10340495,0.4,0.0,0.6,45,neutral
406,2007-06-05,0.12657903,0.021741096,0.16,0.1,0.74,50,neutral
407,2007-05-11,0.52172536,0.59359014,0.5555555555555556,0.037037037037037035,0.4074074074074074,54,positive
408,2007-04-19,0.43609208,0.32139087,0.46153846153846156,0.015384615384615385,0.49230769230769234,65,neutral
409,2007-04-12,0.41809186,0.43189266,0.4827586206896552,0.034482758620689655,0.4827586206896552,29,neutral
410,2007-03-30,0.42926866,0.5395359,0.5057471264367817,0.05747126436781609,0.42528735632183906,87,positive
411,2007-03-15,0.6342899,0.8442631,0.6842105263157895,0.0,0.2894736842105263,38,positive
412,2007-03-01,0.3120121,0.13949937,0.35384615384615387,0.046153846153846156,0.6,65,neutral
413,2007-02-28,0.64358056,0.89560753,0.7010309278350515,0.010309278350515464,0.26804123711340205,97,positive
414,2007-02-26,0.67313683,0.8967123,0.6944444444444444,0.0,0.3055555555555556,36,positive
415,2007-02-21,0.6163427,0.7993927,0.6111111111111112,0.0,0.3888888888888889,18,positive
416,2007-02-20,0.4811543,0.8309431,0.5833333333333334,0.08333333333333333,0.3333333333333333,24,positive
417,2007-02-06,0.61145425,0.89418614,0.6629213483146067,0.0449438202247191,0.29213483146067415,89,positive
418,2007-01-16,0.6868425,0.95694214,0.7301587301587301,0.015873015873015872,0.25396825396825395,63,positive
419,2006-12-19,0.27616164,0.13574886,0.3181818181818182,0.06818181818181818,0.6136363636363636,44,neutral
420,2006-12-15,0.53751796,0.6396529,0.6363636363636364,0.0,0.36363636363636365,11,positive
421,2006-12-06,0.36287102,0.25218368,0.41904761904761906,0.047619047619047616,0.5333333333333333,105,neutral
422,2006-12-05,0.25882608,0.25033817,0.26666666666666666,0.06666666666666667,0.6666666666666666,15,neutral
423,2006-12-04,0.47965384,0.4655399,0.48717948717948717,0.05128205128205128,0.4358974358974359,39,positive
424,2006-11-28,0.5565055,0.88093436,0.5942028985507246,0.028985507246376812,0.37681159420289856,69,positive
425,2006-11-23,0.6053209,0.69163835,0.6774193548387096,0.0,0.3225806451612903,31,positive
426,2006-08-04,0.4649903,0.5745305,0.53125,0.0625,0.40625,32,positive
427,2006-06-20,0.785675,0.943443,0.8695652173913043,0.0,0.13043478260869565,23,positive
428,2006-06-20,0.20397033,0.21835777,0.25,0.125,0.625,16,neutral
429,2006-06-20,0.52659523,0.5318525,0.5,0.0,0.4583333333333333,24,neutral
430,2006-06-18,0.3201592,0.09966755,0.34,0.0,0.66,50,neutral
431,2006-06-14,0.07302502,0.003635819,0.043478260869565216,0.043478260869565216,0.9130434782608695,23,neutral
432,2006-06-13,0.4100859,0.49908286,0.5185185185185185,0.1111111111111111,0.3333333333333333,27,positive
433,2006-06-05,0.24960971,0.04811494,0.375,0.0625,0.5625,16,neutral
434,2006-06-01,0.30297953,0.08480311,0.4074074074074074,0.07407407407407407,0.5185185185185185,27,neutral
435,2006-05-19,0.31215587,0.31973562,0.4,0.08888888888888889,0.5111111111111111,45,neutral
436,2006-05-17,0.6209935,0.8839794,0.7123287671232876,0.0547945205479452,0.2191780821917808,73,positive
437,2006-05-08,0.4899439,0.6573901,0.5263157894736842,0.0,0.47368421052631576,19,positive
438,2006-03-29,0.44461855,0.44037527,0.4878048780487805,0.036585365853658534,0.45121951219512196,82,positive
439,2006-03-24,0.5974832,0.8850825,0.6811594202898551,0.057971014492753624,0.2463768115942029,69,positive
440,2006-03-17,0.4552058,0.594717,0.5232558139534884,0.05813953488372093,0.3953488372093023,86,positive
441,2006-03-17,0.27341452,0.17132118,0.2857142857142857,0.05714285714285714,0.6571428571428571,70,neutral
442,2006-03-13,0.46953383,0.632098,0.5223880597014925,0.014925373134328358,0.4626865671641791,67,positive
443,2006-03-08,0.2890267,0.1109415,0.3157894736842105,0.05263157894736842,0.631578947368421,38,neutral
444,2006-03-01,0.6547863,0.83796114,0.6896551724137931,0.017241379310344827,0.29310344827586204,58,positive
445,2006-02-09,0.6957215,0.9633654,0.75,0.0375,0.2,80,positive
446,2006-02-03,0.6521325,0.952674,0.7241379310344828,0.034482758620689655,0.20689655172413793,29,positive
447,2006-01-26,0.5885835,0.8982755,0.59375,0.015625,0.390625,64,positive
448,2006-01-24,0.50158966,0.8874209,0.5978260869565217,0.09782608695652174,0.30434782608695654,92,positive
449,2006-01-17,0.58403707,0.8747206,0.6333333333333333,0.03333333333333333,0.3,30,positive
450,2006-01-14,0.6427219,0.815511,0.6885245901639344,0.0,0.29508196721311475,61,positive
451,2006-01-05,0.4958053,0.9204899,0.5979381443298969,0.08247422680412371,0.29896907216494845,97,positive
452,2005-12-04,0.08319346,0.040013224,0.23076923076923078,0.15384615384615385,0.6153846153846154,26,neutral
453,2005-11-25,0.4931123,0.70677847,0.6,0.07692307692307693,0.27692307692307694,65,positive
454,2005-11-24,0.1076309,0.030114282,0.0625,0.0,0.9375,16,neutral
455,2005-11-15,0.74134344,0.9631945,0.7777777777777778,0.0,0.2222222222222222,18,positive
456,2005-11-14,0.41545925,0.470853,0.48936170212765956,0.06382978723404255,0.44680851063829785,47,positive
457,2005-11-11,0.4093711,0.5111077,0.5,0.07407407407407407,0.42592592592592593,54,positive
458,2005-11-11,0.25399065,0.15266548,0.3723404255319149,0.1276595744680851,0.48936170212765956,94,neutral
459,2005-09-19,0.4341724,0.55001104,0.5352112676056338,0.07042253521126761,0.39436619718309857,71,positive
460,2005-08-23,0.58292854,0.79266363,0.6301369863013698,0.0410958904109589,0.3013698630136986,73,positive
461,2005-07-04,0.46384895,0.6532893,0.5783132530120482,0.07228915662650602,0.3373493975903614,83,positive
462,2005-03-04,0.4787736,0.897815,0.6231884057971014,0.13043478260869565,0.2463768115942029,69,positive
463,2005-02-26,0.09280177,0.076563194,0.16,0.16,0.68,25,neutral
464,2005-02-21,0.6826249,0.9259923,0.6956521739130435,0.0,0.30434782608695654,23,positive
465,2005-02-17,0.54129785,0.81461585,0.6125,0.05,0.3125,80,positive
466,2005-02-14,0.5898621,0.92660224,0.6842105263157895,0.05263157894736842,0.22807017543859648,57,positive
467,2005-02-05,0.22664966,0.0953245,0.3972602739726027,0.1643835616438356,0.4246575342465753,73,neutral
468,2005-01-21,0.32604176,0.10728611,0.4444444444444444,0.05555555555555555,0.5,18,neutral
469,2005-01-21,0.49046868,0.49934667,0.5,0.0,0.5,20,neutral
470,2005-01-19,0.45313162,0.8745574,0.5897435897435898,0.14102564102564102,0.2564102564102564,78,positive
471,2005-01-18,0.375398,0.72538614,0.5454545454545454,0.13636363636363635,0.3181818181818182,66,positive
472,2005-01-17,0.2665164,0.021845603,0.32,0.04,0.64,25,neutral
473,2005-01-10,0.64510334,0.90069115,0.7142857142857143,0.0,0.2857142857142857,28,positive
474,2005-01-10,0.38153875,0.34678593,0.48,0.08,0.44,25,positive
475,2004-11-23,0.6515359,0.9491699,0.6923076923076923,0.0,0.3076923076923077,26,positive
476,2004-11-18,0.6242179,0.9023385,0.6388888888888888,0.0,0.3333333333333333,36,positive
477,2004-11-13,0.43989885,0.89627296,0.5934065934065934,0.13186813186813187,0.27472527472527475,91,positive
478,2004-10-29,0.2947794,0.10103498,0.35294117647058826,0.058823529411764705,0.5882352941176471,17,neutral
479,2004-10-25,0.42996472,0.6810889,0.5,0.09090909090909091,0.4090909090909091,22,positive
480,2004-08-26,0.42938825,0.49828714,0.5217391304347826,0.13043478260869565,0.34782608695652173,23,positive
481,2004-08-25,0.6073251,0.81577575,0.6428571428571429,0.0,0.35714285714285715,56,positive
482,2004-07-30,0.27070782,0.06568617,0.40625,0.125,0.46875,64,neutral
483,2004-07-29,0.5549743,0.960112,0.7023809523809523,0.11904761904761904,0.17857142857142858,84,positive
484,2004-07-28,0.5525147,0.95601505,0.7073170731707317,0.12195121951219512,0.17073170731707318,82,positive
485,2004-07-26,0.5386378,0.50894773,0.5,0.0,0.4444444444444444,18,positive
486,2004-07-21,0.40130144,0.24031706,0.45217391304347826,0.034782608695652174,0.5130434782608696,115,neutral
487,2004-07-21,0.60603905,0.8753994,0.7083333333333334,0.041666666666666664,0.25,24,positive
488,2004-07-07,0.55969644,0.92590183,0.5806451612903226,0.0,0.41935483870967744,31,positive
489,2004-07-05,0.6107412,0.93483126,0.6578947368421053,0.0,0.3157894736842105,38,positive
490,2004-07-05,0.6085315,0.9351003,0.6842105263157895,0.02631578947368421,0.2894736842105263,38,positive
491,2004-07-05,0.39036477,0.841984,0.575,0.15,0.275,40,positive
492,2004-07-05,0.5647303,0.936092,0.6831683168316832,0.07920792079207921,0.2376237623762376,101,positive
493,2004-06-30,0.52014136,0.8822855,0.6037735849056604,0.05660377358490566,0.33962264150943394,53,positive
494,2004-06-16,0.3062219,0.03363773,0.42857142857142855,0.07142857142857142,0.5,14,neutral
495,2004-06-16,0.45383433,0.42260876,0.49333333333333335,0.04,0.4533333333333333,75,positive
496,2004-06-10,0.52804345,0.74128324,0.5918367346938775,0.04081632653061224,0.3673469387755102,49,positive
497,2004-06-09,0.43643197,0.5225682,0.532258064516129,0.08064516129032258,0.3870967741935484,62,positive
498,2004-06-04,0.5969662,0.77004,0.65,0.03333333333333333,0.31666666666666665,60,positive
499,2004-06-04,0.45606518,0.3893338,0.45,0.0,0.55,20,neutral
500,2004-06-01,0.22140984,0.12799251,0.3333333333333333,0.13333333333333333,0.5333333333333333,15,neutral
501,2004-05-28,0.31623343,0.24664685,0.32,0.0,0.68,25,neutral
502,2004-05-20,0.70653826,0.9232013,0.7272727272727273,0.0,0.22727272727272727,22,positive
503,2004-05-13,0.42969775,0.72175175,0.5714285714285714,0.12244897959183673,0.30612244897959184,49,positive
504,2004-04-19,0.11779502,0.026702031,0.27586206896551724,0.20689655172413793,0.5172413793103449,29,neutral
505,2004-04-16,0.022500994,0.004116423,0.24347826086956523,0.22608695652173913,0.5217391304347826,115,neutral
506,2004-04-14,0.22837809,0.07116505,0.23809523809523808,0.047619047619047616,0.6666666666666666,21,neutral
507,2004-04-13,0.42809105,0.33265355,0.4090909090909091,0.0,0.5909090909090909,22,neutral
508,2004-04-02,0.32844752,0.10710394,0.38,0.02,0.6,50,neutral
509,2004-03-31,0.31337625,0.3262833,0.45,0.1,0.45,40,neutral
510,2004-03-30,0.27767655,0.06533696,0.391304347826087,0.043478260869565216,0.5652173913043478,23,neutral
511,2004-03-29,0.6271461,0.879516,0.6666666666666666,0.0,0.3333333333333333,21,positive
512,2004-03-22,0.59473497,0.9351709,0.6842105263157895,0.07894736842105263,0.23684210526315788,76,positive
513,2004-03-11,0.5582618,0.84924394,0.6619718309859155,0.056338028169014086,0.28169014084507044,71,positive
514,2004-03-04,0.62498605,0.80711544,0.7083333333333334,0.0,0.2916666666666667,24,positive
515,2004-02-18,0.48353475,0.64818585,0.5223880597014925,0.04477611940298507,0.43283582089552236,67,positive
516,2004-02-17,0.45402762,0.6127881,0.5263157894736842,0.03508771929824561,0.42105263157894735,57,positive
517,2004-01-30,0.62007266,0.77421695,0.6923076923076923,0.0,0.3076923076923077,13,positive
518,2004-01-28,0.6043515,0.8799689,0.631578947368421,0.0,0.3684210526315789,38,positive
519,2004-01-07,0.29112914,0.1534856,0.4666666666666667,0.13333333333333333,0.4,30,positive
520,2003-12-18,0.5599014,0.6885959,0.64,0.04,0.32,25,positive
521,2003-12-15,0.20181532,0.16230673,0.3541666666666667,0.16666666666666666,0.4583333333333333,48,neutral
522,2003-12-03,0.2897122,0.08367636,0.35555555555555557,0.044444444444444446,0.6,45,neutral
523,2003-11-30,0.6157856,0.8835777,0.7014925373134329,0.04477611940298507,0.2537313432835821,67,positive
524,2003-11-25,0.4531784,0.57650584,0.5263157894736842,0.10526315789473684,0.3684210526315789,19,positive
525,2003-11-21,0.38237834,0.5486082,0.5342465753424658,0.0821917808219178,0.3561643835616438,73,positive
526,2003-11-19,0.44004226,0.50524896,0.5151515151515151,0.030303030303030304,0.45454545454545453,33,positive
527,2003-11-14,0.42100498,0.25992522,0.4482758620689655,0.0,0.5517241379310345,29,neutral
528,2003-11-13,0.4510241,0.6172874,0.5178571428571429,0.03571428571428571,0.44642857142857145,56,positive
529,2003-09-15,0.34178567,0.14735238,0.35714285714285715,0.07142857142857142,0.5714285714285714,28,neutral
530,2003-09-12,0.47558966,0.40307426,0.46875,0.0,0.53125,32,neutral
531,2003-09-11,0.15410863,0.023157645,0.1891891891891892,0.08108108108108109,0.7297297297297297,37,neutral
532,2003-09-10,0.44781715,0.3920806,0.4838709677419355,0.03225806451612903,0.4838709677419355,31,neutral
533,2003-09-05,0.57946545,0.77247953,0.6428571428571429,0.0,0.35714285714285715,28,positive
534,2003-08-28,0.17620528,0.059704524,0.23880597014925373,0.1044776119402985,0.6567164179104478,67,neutral
535,2003-08-27,0.55990154,0.7532269,0.5416666666666666,0.0,0.4583333333333333,24,positive
536,2003-07-24,0.316117,0.19023913,0.3,0.03333333333333333,0.6333333333333333,30,neutral
537,2003-07-23,0.31699097,0.2213963,0.325,0.025,0.65,40,neutral
538,2003-07-21,0.4554706,0.40040055,0.4482758620689655,0.0,0.5517241379310345,29,neutral
539,2003-07-16,0.70382917,0.93146026,0.75,0.0,0.2,20,positive
540,2003-07-07,0.48592582,0.60385484,0.5454545454545454,0.03636363636363636,0.41818181818181815,55,positive
541,2003-07-04,0.42566493,0.5115521,0.5142857142857142,0.05714285714285714,0.42857142857142855,35,positive
542,2003-07-03,0.38473424,0.19805859,0.42857142857142855,0.047619047619047616,0.5238095238095238,21,neutral
543,2003-07-03,0.5491222,0.822884,0.6231884057971014,0.057971014492753624,0.3188405797101449,69,positive
544,2003-07-03,0.32590058,0.25894216,0.4634146341463415,0.12195121951219512,0.4146341463414634,41,positive
545,2003-07-03,0.3629971,0.18409684,0.3793103448275862,0.034482758620689655,0.5862068965517241,58,neutral
546,2003-06-17,0.48115802,0.59634054,0.5402298850574713,0.0,0.4482758620689655,87,positive
547,2003-01-13,0.05051944,0.030448552,0.23853211009174313,0.22018348623853212,0.5229357798165137,109,neutral
548,2003-01-10,0.25244808,0.1278939,0.4583333333333333,0.20833333333333334,0.3333333333333333,48,positive
549,2002-12-16,0.48703137,0.629702,0.55,0.0,0.45,20,positive
550,2002-12-12,0.55652964,0.7806114,0.6206896551724138,0.034482758620689655,0.3448275862068966,29,positive
551,2002-11-19,0.5264968,0.6022837,0.5769230769230769,0.019230769230769232,0.40384615384615385,52,positive
552,2002-11-14,0.36646304,0.19321072,0.3333333333333333,0.0,0.6666666666666666,9,neutral
553,2002-11-08,0.40412685,0.47170258,0.5,0.02631578947368421,0.47368421052631576,38,positive
554,2002-11-07,0.23827946,0.077143304,0.37735849056603776,0.11320754716981132,0.49056603773584906,53,neutral
555,2002-10-25,0.44924867,0.4702837,0.5,0.0,0.5,22,neutral
556,2002-10-24,0.3369907,0.061904904,0.4074074074074074,0.0,0.5925925925925926,27,neutral
557,2002-09-11,0.52689,0.74685454,0.5454545454545454,0.0,0.45454545454545453,33,positive
558,2002-09-06,0.5636019,0.92610276,0.6486486486486487,0.09009009009009009,0.24324324324324326,111,positive
559,2002-09-06,0.21005674,0.07852897,0.21359223300970873,0.02912621359223301,0.7572815533980582,103,neutral
560,2002-08-29,0.25985777,0.11411523,0.2857142857142857,0.05952380952380952,0.6547619047619048,84,neutral
561,2002-08-27,0.37891886,0.16603582,0.3968253968253968,0.047619047619047616,0.5555555555555556,63,neutral
562,2002-08-07,0.36165637,0.54290134,0.5454545454545454,0.13636363636363635,0.29545454545454547,44,positive
563,2002-07-23,0.48069572,0.3419037,0.4696969696969697,0.0,0.5303030303030303,66,neutral
564,2002-07-18,0.6976344,0.866198,0.78125,0.0,0.21875,32,positive
565,2002-07-17,0.5603424,0.87902385,0.5949367088607594,0.012658227848101266,0.3670886075949367,79,positive
566,2002-07-03,0.61860394,0.84507763,0.6235294117647059,0.011764705882352941,0.35294117647058826,85,positive
567,2002-07-01,0.6737999,0.94858134,0.7,0.0,0.3,10,positive
568,2002-05-22,0.36191764,0.11831946,0.46153846153846156,0.07692307692307693,0.46153846153846156,13,neutral
569,2002-05-14,0.3425629,0.22097883,0.375,0.041666666666666664,0.5416666666666666,24,neutral
570,2002-05-05,0.24347758,0.2587338,0.42857142857142855,0.07142857142857142,0.5,14,neutral
571,2002-05-03,0.37253,0.22303498,0.42105263157894735,0.05263157894736842,0.5263157894736842,19,neutral
572,2002-04-26,0.5761307,0.78038,0.6226415094339622,0.0,0.37735849056603776,53,positive
573,2002-04-12,0.6810248,0.91547567,0.7,0.0,0.3,20,positive
574,2002-04-03,0.6365069,0.84244967,0.6666666666666666,0.0,0.3333333333333333,6,positive
575,2002-03-26,0.28734067,0.43456206,0.4878048780487805,0.14634146341463414,0.34146341463414637,41,positive
576,2002-03-25,0.024757648,0.015786795,0.12244897959183673,0.14285714285714285,0.7346938775510204,49,neutral
577,2001-12-10,0.1738065,0.1877259,0.30952380952380953,0.19047619047619047,0.5,42,neutral
578,2001-12-04,0.42201164,0.61382115,0.5252525252525253,0.10101010101010101,0.37373737373737376,99,positive
579,2001-11-08,0.3944149,0.057934426,0.45454545454545453,0.0,0.5454545454545454,11,neutral
580,2001-11-07,0.6002421,0.8152879,0.6419753086419753,0.012345679012345678,0.345679012345679,81,positive
581,2001-10-16,0.43343142,0.5067657,0.5052631578947369,0.05263157894736842,0.4421052631578947,95,positive
582,2001-10-16,0.3034636,0.28095415,0.4533333333333333,0.14666666666666667,0.4,75,positive
583,2001-10-06,0.39916405,0.17263168,0.43902439024390244,0.0,0.5609756097560976,41,neutral
584,2001-10-05,0.125433,0.04651492,0.26153846153846155,0.13846153846153847,0.5846153846153846,65,neutral
585,2001-09-10,0.3957583,0.30806413,0.40298507462686567,0.029850746268656716,0.5671641791044776,67,neutral
586,2001-09-05,0.55366,0.8371973,0.5925925925925926,0.06172839506172839,0.3333333333333333,81,positive
587,2001-09-05,-0.04962669,0.04343001,0.21428571428571427,0.30357142857142855,0.4642857142857143,56,neutral
588,2001-09-04,0.35665613,0.076213874,0.42857142857142855,0.0,0.5714285714285714,7,neutral
589,2001-08-31,0.52555615,0.8516443,0.6410256410256411,0.08974358974358974,0.2692307692307692,78,positive
590,2001-08-29,0.39046997,0.84453773,0.5333333333333333,0.15,0.31666666666666665,60,positive
591,2001-08-24,0.51273686,0.85513246,0.5555555555555556,0.018518518518518517,0.42592592592592593,54,positive
592,2001-08-09,0.45016122,0.86314,0.5571428571428572,0.1,0.32857142857142857,70,positive
593,2001-08-06,0.09901519,0.0089720655,0.34285714285714286,0.2571428571428571,0.4,35,neutral
594,2001-07-31,0.07925433,0.04062864,0.28,0.22,0.5,50,neutral
595,2001-07-25,0.6504478,0.9449657,0.7142857142857143,0.07142857142857142,0.21428571428571427,14,positive
596,2001-07-18,0.51948243,0.6962949,0.5507246376811594,0.014492753623188406,0.43478260869565216,69,positive
597,2001-07-13,0.2686892,0.043100275,0.2807017543859649,0.0,0.7017543859649122,57,neutral
598,2001-07-03,0.56206435,0.8325448,0.6101694915254238,0.03389830508474576,0.3559322033898305,59,positive
599,2001-06-29,0.57654625,0.83107704,0.5945945945945946,0.02702702702702703,0.3783783783783784,37,positive
600,2001-06-25,0.321687,0.08391619,0.3333333333333333,0.0,0.6666666666666666,36,neutral
601,2001-06-20,0.40565556,0.21859333,0.38461538461538464,0.0,0.5769230769230769,26,neutral
602,2001-05-25,0.3418541,0.5937682,0.5466666666666666,0.17333333333333334,0.26666666666666666,75,positive
603,2001-05-17,0.53959477,0.88366807,0.625,0.07291666666666667,0.2916666666666667,96,positive
604,2001-05-08,0.7382224,0.92284214,0.8108108108108109,0.02702702702702703,0.16216216216216217,37,positive
605,2001-05-08,0.5638612,0.7438636,0.6020408163265306,0.01020408163265306,0.3673469387755102,98,positive
606,2001-04-26,0.6066667,0.8556996,0.6491228070175439,0.0,0.3508771929824561,57,positive
607,2001-04-25,0.45881283,0.6661934,0.5490196078431373,0.0784313725490196,0.37254901960784315,51,positive
608,2001-04-20,0.19356538,0.13085148,0.36666666666666664,0.2,0.4166666666666667,60,neutral
609,2001-04-19,0.36307096,0.3699682,0.3333333333333333,0.0,0.6,15,neutral
610,2001-04-17,0.4177076,0.5678127,0.5238095238095238,0.07142857142857142,0.38095238095238093,84,positive
611,2001-03-29,0.45194477,0.36524612,0.4782608695652174,0.043478260869565216,0.4782608695652174,46,neutral
612,2001-03-23,0.6263941,0.9433344,0.746268656716418,0.08955223880597014,0.16417910447761194,67,positive
613,2001-03-16,0.5682751,0.7560231,0.6385542168674698,0.024096385542168676,0.3132530120481928,83,positive
614,2001-03-07,0.3088607,0.17186844,0.41935483870967744,0.12903225806451613,0.45161290322580644,93,neutral
615,2001-03-07,0.48883495,0.8464575,0.625,0.125,0.25,56,positive
616,2001-02-26,0.020638157,0.015223028,0.18604651162790697,0.23255813953488372,0.5813953488372093,43,neutral
617,2001-02-23,0.411737,0.27941462,0.43478260869565216,0.0,0.5652173913043478,23,neutral
618,2001-02-01,0.22149281,0.06328936,0.3157894736842105,0.14035087719298245,0.543859649122807,57,neutral
619,2001-01-22,0.4682827,0.8827006,0.6153846153846154,0.11538461538461539,0.24358974358974358,78,positive
620,2001-01-05,0.16167282,0.117632344,0.4666666666666667,0.26666666666666666,0.26666666666666666,30,positive
621,2001-01-04,0.44711265,0.8125823,0.5714285714285714,0.13186813186813187,0.2967032967032967,91,positive
622,2000-11-20,0.37002376,0.20989007,0.4186046511627907,0.046511627906976744,0.5348837209302325,86,neutral
623,2000-11-06,0.24874273,0.10986221,0.37142857142857144,0.11428571428571428,0.5142857142857142,70,neutral
624,2000-10-31,0.30475578,0.33261484,0.4423076923076923,0.1346153846153846,0.38461538461538464,52,positive
625,2000-10-30,0.061201274,0.029081838,0.30303030303030304,0.24242424242424243,0.45454545454545453,66,neutral
626,2000-10-26,0.100635834,0.0303923,0.30303030303030304,0.21212121212121213,0.48484848484848486,66,neutral
627,2000-10-17,0.47068194,0.82873815,0.5454545454545454,0.06493506493506493,0.38961038961038963,77,positive
628,2000-09-19,0.2053947,0.18731958,0.3684210526315789,0.18421052631578946,0.4342105263157895,76,neutral
629,2000-09-06,0.5899547,0.8545236,0.6338028169014085,0.028169014084507043,0.3380281690140845,71,positive
630,2000-08-28,0.45870748,0.58376443,0.5316455696202531,0.06329113924050633,0.4050632911392405,79,positive
631,2000-08-07,0.7821317,0.9687939,0.8297872340425532,0.0,0.1702127659574468,47,positive
632,2000-07-07,0.29406255,0.054996163,0.3333333333333333,0.037037037037037035,0.6296296296296297,27,neutral
633,2000-07-04,0.4960914,0.6265343,0.5952380952380952,0.047619047619047616,0.35714285714285715,42,positive
634,2000-07-03,0.46865544,0.5509142,0.5106382978723404,0.0425531914893617,0.44680851063829785,47,positive
635,2000-07-03,0.585322,0.7849622,0.64,0.04,0.32,25,positive
636,2000-06-23,0.6460231,0.927494,0.7674418604651163,0.06976744186046512,0.16279069767441862,86,positive
637,2000-06-14,0.13411754,0.0372101,0.3275862068965517,0.22413793103448276,0.43103448275862066,58,neutral
638,2000-06-01,0.55602956,0.7991837,0.6470588235294118,0.047058823529411764,0.29411764705882354,85,positive
639,2000-05-29,0.25667816,0.07018466,0.2857142857142857,0.047619047619047616,0.6666666666666666,42,neutral
640,2000-04-28,0.33153325,0.26773772,0.38235294117647056,0.08823529411764706,0.5147058823529411,68,neutral
641,2000-04-06,0.6804803,0.97138524,0.6666666666666666,0.0,0.3333333333333333,24,positive
642,2000-03-30,0.47741404,0.9044688,0.6075949367088608,0.12658227848101267,0.25316455696202533,79,positive
643,2000-03-20,0.37093687,0.27924365,0.42857142857142855,0.047619047619047616,0.49206349206349204,63,neutral
644,2000-03-13,0.67889243,0.92777765,0.6973684210526315,0.0,0.2894736842105263,76,positive
645,2000-02-17,0.63103795,0.8972047,0.6901408450704225,0.04225352112676056,0.2535211267605634,71,positive
646,2000-02-14,0.4618746,0.7130946,0.582089552238806,0.1044776119402985,0.31343283582089554,67,positive
647,2000-01-27,0.6159418,0.94578844,0.6774193548387096,0.06451612903225806,0.25806451612903225,62,positive
648,2000-01-19,0.37233344,0.2834712,0.3902439024390244,0.04878048780487805,0.5609756097560976,41,neutral
649,2000-01-18,0.5439923,0.8840497,0.5652173913043478,0.043478260869565216,0.37681159420289856,69,positive
650,2000-01-13,0.24100016,0.09639221,0.3333333333333333,0.07777777777777778,0.5888888888888889,90,neutral
651,1999-12-08,0.19241725,0.030455641,0.26744186046511625,0.10465116279069768,0.6162790697674418,86,neutral
652,1999-12-07,0.4659419,0.64690363,0.5287356321839081,0.04597701149425287,0.42528735632183906,87,positive
653,1999-12-06,0.3524793,0.18638042,0.4485981308411215,0.102803738317757,0.4392523364485981,107,positive
654,1999-11-22,0.45070288,0.66159743,0.5267857142857143,0.08928571428571429,0.38392857142857145,112,positive
655,1999-11-19,0.6727653,0.97426456,0.6666666666666666,0.0,0.3333333333333333,24,positive
656,1999-11-18,0.23196073,0.038783375,0.35384615384615387,0.12307692307692308,0.5230769230769231,65,neutral
657,1999-11-13,0.5945113,0.91154265,0.660377358490566,0.03773584905660377,0.3018867924528302,53,positive
658,1999-11-02,0.27664632,0.06581958,0.3404255319148936,0.0425531914893617,0.6170212765957447,47,neutral
659,1999-10-28,0.4075217,0.6285217,0.5714285714285714,0.12698412698412698,0.30158730158730157,63,positive
660,1999-10-27,0.35702297,0.2772682,0.4918032786885246,0.13114754098360656,0.36065573770491804,61,positive
661,1999-10-20,0.17582032,0.049628835,0.41379310344827586,0.22758620689655173,0.3586206896551724,145,positive
662,1999-08-17,0.61926335,0.9137799,0.6875,0.0,0.3125,16,positive
663,1999-07-20,0.31592077,0.13193974,0.4397163120567376,0.1276595744680851,0.4326241134751773,141,positive
664,1999-05-31,0.57845384,0.96504307,0.6781609195402298,0.06896551724137931,0.25287356321839083,87,positive
665,1999-05-14,0.2765547,0.17198187,0.40540540540540543,0.13513513513513514,0.4594594594594595,74,neutral
666,1999-01-07,0.2560116,0.17583787,0.4574468085106383,0.20212765957446807,0.2872340425531915,94,positive
667,1998-11-11,0.5527826,0.92574745,0.6164383561643836,0.0410958904109589,0.3424657534246575,73,positive
668,1998-07-03,0.49038938,0.9175004,0.54,0.06,0.4,50,positive
669,1998-05-28,0.44321552,0.9277429,0.5428571428571428,0.08571428571428572,0.35714285714285715,70,positive
670,1998-05-22,0.4809421,0.92115074,0.5373134328358209,0.05970149253731343,0.3880597014925373,67,positive
671,1998-04-07,0.67547846,0.9414353,0.6949152542372882,0.0,0.3050847457627119,59,positive
672,1998-03-10,0.1670143,0.03805948,0.35714285714285715,0.19047619047619047,0.4523809523809524,84,neutral
