index,Date,tone_mean,tone_median,pos_share,neg_share,neu_share,n_sent,label_majority
0,2020-03-03,0.5759817,0.95290756,0.6597938144329897,0.08247422680412371,0.25773195876288657,97,positive
1,2020-02-28,0.5516277,0.87423277,0.624,0.056,0.32,125,positive
2,2020-02-27,0.62416404,0.9610641,0.7265625,0.078125,0.1953125,128,positive
3,2020-02-06,0.56031555,0.92459476,0.6590909090909091,0.09090909090909091,0.25,88,positive
4,2020-01-31,0.14155781,0.03914214,0.05,0.0,0.95,20,neutral
5,2020-01-30,0.56186265,0.8436717,0.622093023255814,0.03488372093023256,0.3430232558139535,172,positive
6,2020-01-28,0.68529195,0.9734468,0.7355371900826446,0.024793388429752067,0.2396694214876033,121,positive
7,2020-01-24,0.70224446,0.974147,0.7714285714285715,0.04285714285714286,0.18571428571428572,70,positive
8,2020-01-21,0.23818971,0.03605953,0.30303030303030304,0.06060606060606061,0.6363636363636364,33,neutral
9,2020-01-09,0.59444124,0.93222284,0.6764705882352942,0.058823529411764705,0.25735294117647056,136,positive
10,2019-12-17,0.55289954,0.66208893,0.5,0.0,0.5,20,neutral
11,2019-12-02,0.46986204,0.53865325,0.5,0.03333333333333333,0.4666666666666667,30,positive
12,2019-12-02,0.5426166,0.7861485,0.6153846153846154,0.07692307692307693,0.3076923076923077,13,positive
13,2019-11-26,0.3976653,0.44644484,0.47761194029850745,0.07462686567164178,0.44776119402985076,67,positive
14,2019-11-25,0.53379333,0.78323835,0.5921052631578947,0.039473684210526314,0.3684210526315789,76,positive
15,2019-11-25,0.41648436,0.36308923,0.48863636363636365,0.022727272727272728,0.48863636363636365,88,neutral
16,2019-11-21,0.29499808,0.35966548,0.3793103448275862,0.12643678160919541,0.4827586206896552,87,neutral
17,2019-11-20,0.49173287,0.72281885,0.5454545454545454,0.03636363636363636,0.4,55,positive
18,2019-11-18,0.400892,0.105754465,0.4375,0.0,0.5625,16,neutral
19,2019-11-18,0.58356524,0.8168406,0.6078431372549019,0.0,0.39215686274509803,51,positive
20,2019-11-18,0.3022086,0.010178702,0.34782608695652173,0.0,0.6521739130434783,23,neutral
21,2019-10-23,0.3482407,0.213948,0.4166666666666667,0.0625,0.5208333333333334,48,neutral
22,2019-10-17,0.56337136,0.7525273,0.5909090909090909,0.045454545454545456,0.36363636363636365,22,positive
23,2019-10-16,0.64624834,0.9809386,0.7,0.05714285714285714,0.24285714285714285,70,positive
24,2019-10-11,0.32107943,0.17445125,0.39814814814814814,0.07407407407407407,0.5277777777777778,108,neutral
25,2019-10-11,0.49955592,0.46609908,0.4915254237288136,0.0,0.5084745762711864,59,neutral
26,2019-10-10,0.48430422,0.67488366,0.5377358490566038,0.05660377358490566,0.4056603773584906,106,positive
27,2019-10-08,0.77926517,0.9795389,0.8333333333333334,0.023809523809523808,0.14285714285714285,84,positive
28,2019-09-25,0.49973395,0.50919855,0.5053763440860215,0.010752688172043012,0.4731182795698925,93,positive
30,2019-09-24,0.7442144,0.9738186,0.7889908256880734,0.027522935779816515,0.1834862385321101,109,positive
31,2019-09-17,0.7116743,0.96017194,0.7083333333333334,0.020833333333333332,0.25,48,positive
32,2019-09-13,0.5619851,0.74490106,0.5454545454545454,0.0,0.45454545454545453,33,positive
33,2019-09-13,0.74892974,0.9793996,0.75,0.020833333333333332,0.22916666666666666,48,positive
34,2019-09-05,0.6116663,0.72945094,0.6923076923076923,0.0,0.3076923076923077,13,positive
35,2019-09-02,0.60611635,0.7047899,0.6190476190476191,0.0,0.38095238095238093,21,positive
36,2019-08-27,0.56936777,0.91485405,0.65,0.0875,0.25,80,positive
37,2019-08-19,0.3168197,0.18871608,0.38461538461538464,0.09615384615384616,0.5192307692307693,52,neutral
38,2019-08-18,0.11441299,0.018569775,0.09090909090909091,0.0,0.9090909090909091,11,neutral
39,2019-08-16,0.4543287,0.6518561,0.55,0.08,0.37,100,positive
40,2019-08-06,0.5317016,0.83999777,0.6307692307692307,0.08461538461538462,0.2846153846153846,130,positive
41,2019-07-26,0.4304229,0.435199,0.4835164835164835,0.06593406593406594,0.45054945054945056,91,positive
42,2019-07-23,0.40721214,0.41149008,0.46153846153846156,0.057692307692307696,0.4807692307692308,52,neutral
43,2019-07-03,0.49884573,0.53389716,0.5,0.0,0.5,16,neutral
44,2019-07-03,0.44357872,0.28933817,0.4444444444444444,0.0,0.5555555555555556,18,neutral
45,2019-06-21,0.2535465,0.0850719,0.19047619047619047,0.0,0.8095238095238095,21,neutral
46,2019-06-19,0.4170086,0.74083245,0.5833333333333334,0.16666666666666666,0.25,60,positive
47,2019-06-19,0.46130785,0.6160763,0.5480769230769231,0.0673076923076923,0.38461538461538464,104,positive
48,2019-06-18,0.56961405,0.68605596,0.5641025641025641,0.0,0.4358974358974359,39,positive
49,2019-06-14,0.13836001,0.011605312,0.24324324324324326,0.08108108108108109,0.6486486486486487,37,neutral
50,2019-06-06,0.4973548,0.7829102,0.5784313725490197,0.0784313725490196,0.3431372549019608,102,positive
51,2019-05-17,0.39875692,0.44119918,0.4927536231884058,0.08695652173913043,0.42028985507246375,69,positive
52,2019-04-29,0.594257,0.8005048,0.6203703703703703,0.009259259259259259,0.37037037037037035,108,positive
53,2019-03-29,0.4218951,0.830088,0.5445544554455446,0.12871287128712872,0.32673267326732675,101,positive
54,2019-03-26,0.53327334,0.77664554,0.5483870967741935,0.010752688172043012,0.44086021505376344,93,positive
55,2019-03-08,0.548696,0.85251874,0.625,0.05,0.325,40,positive
56,2019-02-28,0.21114652,0.032608915,0.2727272727272727,0.07792207792207792,0.6493506493506493,77,neutral
57,2019-02-26,0.38939697,0.17438461,0.3684210526315789,0.0,0.631578947368421,57,neutral
58,2019-02-18,0.42462873,0.4760476,0.463768115942029,0.0,0.5362318840579711,69,neutral
59,2019-01-25,0.5382425,0.8894638,0.6627906976744186,0.09302325581395349,0.2441860465116279,86,positive
60,2019-01-24,0.54863435,0.9057437,0.6532258064516129,0.0967741935483871,0.25,124,positive
61,2019-01-21,0.03645682,0.0058396896,0.16666666666666666,0.17857142857142858,0.6547619047619048,84,neutral
62,2019-01-03,0.40843812,0.4840932,0.4895833333333333,0.08333333333333333,0.4270833333333333,96,positive
63,2018-12-12,0.6113631,0.82228255,0.6538461538461539,0.0,0.34615384615384615,52,positive
64,2018-10-30,0.6081164,0.9168196,0.6521739130434783,0.021739130434782608,0.32608695652173914,46,positive
65,2018-09-17,0.32750145,0.25617924,0.4146341463414634,0.0975609756097561,0.4878048780487805,41,neutral
66,2018-08-28,0.24422881,0.049178693,0.3888888888888889,0.14814814814814814,0.46296296296296297,54,neutral
67,2018-08-28,0.37525746,0.2030622,0.41935483870967744,0.06451612903225806,0.5161290322580645,31,neutral
68,2018-08-17,0.5164821,0.79607373,0.5701754385964912,0.05263157894736842,0.3684210526315789,114,positive
69,2018-08-14,0.3610741,0.39335817,0.43023255813953487,0.11627906976744186,0.45348837209302323,86,neutral
70,2018-08-13,0.37447488,0.23841032,0.45454545454545453,0.06818181818181818,0.4772727272727273,44,neutral
71,2018-08-08,0.48953405,0.77312505,0.5714285714285714,0.05357142857142857,0.35714285714285715,112,positive
72,2018-08-07,0.5510478,0.84189516,0.59375,0.03125,0.375,32,positive
73,2018-08-04,0.25069594,0.017383592,0.28125,0.03125,0.6875,32,neutral
74,2018-07-27,0.4968994,0.630305,0.5254237288135594,0.01694915254237288,0.4576271186440678,59,positive
75,2018-07-27,0.6144867,0.9065008,0.6632653061224489,0.01020408163265306,0.32653061224489793,98,positive
76,2018-07-26,0.49975598,0.4887797,0.5,0.0,0.5,48,neutral
77,2018-07-25,0.4006438,0.37553465,0.49056603773584906,0.09433962264150944,0.41509433962264153,53,positive
78,2018-07-20,0.18314092,0.04188834,0.391304347826087,0.21739130434782608,0.391304347826087,46,neutral
79,2018-07-17,0.56353956,0.81794107,0.632,0.048,0.32,125,positive
80,2018-07-13,0.50359666,0.6023493,0.5408163265306123,0.01020408163265306,0.4489795918367347,98,positive
81,2018-07-10,0.56828845,0.8664539,0.6078431372549019,0.0196078431372549,0.37254901960784315,51,positive
82,2018-07-03,0.47125834,0.62398666,0.54,0.03,0.43,100,positive
83,2018-06-30,0.5246442,0.669556,0.5740740740740741,0.027777777777777776,0.39814814814814814,108,positive
84,2018-05-28,0.37951955,0.4063155,0.42105263157894735,0.07894736842105263,0.5,38,neutral
85,2018-05-21,0.6489819,0.93656045,0.6888888888888889,0.03333333333333333,0.2777777777777778,90,positive
86,2018-05-09,0.37469706,0.15767373,0.4583333333333333,0.041666666666666664,0.5,24,neutral
87,2018-05-09,0.34944943,0.55955124,0.5357142857142857,0.08928571428571429,0.375,56,positive
88,2018-05-04,0.37073025,0.3044911,0.43243243243243246,0.08108108108108109,0.4864864864864865,37,neutral
89,2018-05-03,0.49152514,0.74237484,0.5454545454545454,0.030303030303030304,0.42424242424242425,33,positive
90,2018-04-24,0.5047384,0.80853283,0.5833333333333334,0.06060606060606061,0.3560606060606061,132,positive
91,2018-04-23,0.7313497,0.93174416,0.7441860465116279,0.0,0.2558139534883721,43,positive
92,2018-04-18,0.470305,0.5867932,0.5402298850574713,0.034482758620689655,0.42528735632183906,87,positive
93,2018-04-10,0.6635615,0.8904571,0.7019230769230769,0.019230769230769232,0.27884615384615385,104,positive
94,2018-03-22,0.5074327,0.75775397,0.5736434108527132,0.05426356589147287,0.37209302325581395,129,positive
95,2018-03-12,0.25647518,0.05976492,0.33035714285714285,0.0625,0.6071428571428571,112,neutral
96,2018-03-06,0.52080214,0.7103287,0.5873015873015873,0.05555555555555555,0.35714285714285715,126,positive
98,2018-01-19,0.5591853,0.79423285,0.5857142857142857,0.014285714285714285,0.4,70,positive
99,2018-01-17,0.47366586,0.63400817,0.5232558139534884,0.05813953488372093,0.4069767441860465,86,positive
101,2018-01-12,0.7073497,0.89218265,0.75,0.0,0.25,28,positive
102,2018-01-04,0.58368766,0.8270847,0.6767676767676768,0.06060606060606061,0.25252525252525254,99,positive
103,2017-12-13,0.35860103,0.27341887,0.39655172413793105,0.06896551724137931,0.5344827586206896,58,neutral
104,2017-11-28,0.32342637,0.07598541,0.3442622950819672,0.01639344262295082,0.639344262295082,61,neutral
105,2017-11-27,0.60562134,0.96325946,0.6698113207547169,0.0660377358490566,0.25471698113207547,106,positive
106,2017-11-27,0.37147164,0.41311696,0.48936170212765956,0.10638297872340426,0.3617021276595745,47,positive
107,2017-11-21,0.5263892,0.89220715,0.6101694915254238,0.06779661016949153,0.3220338983050847,118,positive
108,2017-11-20,0.54155546,0.7918416,0.5833333333333334,0.03125,0.3854166666666667,96,positive
109,2017-11-17,0.5855545,0.81965184,0.6050420168067226,0.025210084033613446,0.3697478991596639,119,positive
110,2017-11-11,0.3403545,0.23955083,0.43548387096774194,0.08064516129032258,0.4838709677419355,124,neutral
111,2017-11-08,0.538332,0.7501241,0.5701754385964912,0.02631578947368421,0.40350877192982454,114,positive
112,2017-10-27,0.35324398,0.46426716,0.484375,0.140625,0.375,64,positive
113,2017-10-26,0.44532093,0.53493917,0.5078125,0.0546875,0.4375,128,positive
114,2017-10-25,0.699788,0.9511,0.7352941176470589,0.0196078431372549,0.24509803921568626,102,positive
115,2017-10-24,0.513969,0.6438772,0.5811965811965812,0.02564102564102564,0.39316239316239315,117,positive
116,2017-10-23,0.529445,0.77441925,0.6071428571428571,0.05357142857142857,0.33035714285714285,112,positive
117,2017-10-18,0.5459181,0.8588459,0.6021505376344086,0.053763440860215055,0.34408602150537637,93,positive
118,2017-10-04,0.6528747,0.93230957,0.7047619047619048,0.02857142857142857,0.26666666666666666,105,positive
119,2017-09-21,0.6328237,0.9151206,0.6694915254237288,0.01694915254237288,0.3135593220338983,118,positive
120,2017-09-20,0.504673,0.64005166,0.504950495049505,0.019801980198019802,0.46534653465346537,101,positive
121,2017-09-06,0.39021236,0.4475406,0.3469387755102041,0.0,0.6530612244897959,49,neutral
122,2017-09-04,0.2637253,0.1191213,0.32407407407407407,0.09259259259259259,0.5833333333333334,108,neutral
123,2017-08-30,0.49639592,0.9033531,0.6320754716981132,0.12264150943396226,0.24528301886792453,106,positive
124,2017-08-29,0.5663517,0.8690176,0.6375,0.0625,0.2875,80,positive
125,2017-08-29,0.33545285,0.13275564,0.3723404255319149,0.0425531914893617,0.5851063829787234,94,neutral
126,2017-08-25,0.37634116,0.19195434,0.391304347826087,0.014492753623188406,0.5942028985507246,69,neutral
127,2017-08-22,0.49401864,0.6407098,0.5445544554455446,0.0297029702970297,0.42574257425742573,101,positive
128,2017-07-28,0.33851224,0.25716144,0.4336283185840708,0.07964601769911504,0.48672566371681414,113,neutral
129,2017-07-26,0.33168754,0.08558535,0.3697478991596639,0.025210084033613446,0.6050420168067226,119,neutral
130,2017-07-26,0.53835845,0.778865,0.6082474226804123,0.030927835051546393,0.36082474226804123,97,positive
131,2017-07-26,0.5039736,0.7990335,0.5543478260869565,0.03260869565217391,0.41304347826086957,92,positive
132,2017-07-14,0.42519295,0.31387043,0.43010752688172044,0.021505376344086023,0.5483870967741935,93,neutral
133,2017-07-11,0.5409735,0.8421341,0.5384615384615384,0.0,0.46153846153846156,65,positive
134,2017-07-10,0.6163495,0.90173626,0.6271186440677966,0.0,0.3728813559322034,59,positive
135,2017-07-04,0.49186748,0.74725235,0.5555555555555556,0.08888888888888889,0.35555555555555557,45,positive
136,2017-07-03,0.62619257,0.9092434,0.6268656716417911,0.014925373134328358,0.3582089552238806,67,positive
137,2017-07-03,0.48675224,0.7145459,0.6060606060606061,0.09090909090909091,0.30303030303030304,99,positive
138,2017-06-06,0.37065107,0.30921203,0.43137254901960786,0.0784313725490196,0.49019607843137253,51,neutral
139,2017-06-06,0.3786881,0.3366164,0.46774193548387094,0.08870967741935484,0.4435483870967742,124,positive
140,2017-05-26,0.3862686,0.27020067,0.4,0.022222222222222223,0.5777777777777777,90,neutral
141,2017-05-25,0.3870311,0.19411214,0.44776119402985076,0.029850746268656716,0.5223880597014925,67,neutral
142,2017-05-24,0.43449274,0.43564737,0.4953271028037383,0.04672897196261682,0.45794392523364486,107,positive
143,2017-03-31,0.547736,0.7359816,0.5806451612903226,0.016129032258064516,0.3870967741935484,62,positive
144,2017-03-28,0.29700458,0.39942622,0.475,0.1875,0.3375,160,positive
145,2017-03-23,0.10568678,0.0059764553,0.3387096774193548,0.24193548387096775,0.41935483870967744,62,neutral
146,2017-03-14,0.43022308,0.46817428,0.48,0.07,0.44,100,positive
147,2017-03-14,0.49651045,0.5089866,0.5172413793103449,0.0,0.4827586206896552,29,positive
148,2017-03-11,0.36940587,0.14411539,0.40625,0.041666666666666664,0.5520833333333334,96,neutral
149,2017-03-10,0.45777303,0.6271968,0.5384615384615384,0.07692307692307693,0.38461538461538464,52,positive
150,2017-03-07,0.57044685,0.87631714,0.5777777777777777,0.0,0.4222222222222222,45,positive
151,2017-01-10,0.6406458,0.983268,0.7222222222222222,0.05555555555555555,0.2222222222222222,72,positive
152,2017-01-05,0.079236254,0.015525587,0.26785714285714285,0.20535714285714285,0.5267857142857143,112,neutral
153,2016-12-06,0.5841968,0.879997,0.5869565217391305,0.0,0.41304347826086957,46,positive
154,2016-11-23,0.21277252,0.04785007,0.3137254901960784,0.10784313725490197,0.5784313725490197,102,neutral
155,2016-11-23,0.3607205,0.09816323,0.42424242424242425,0.06060606060606061,0.5151515151515151,66,neutral
156,2016-11-21,0.3789246,0.47695786,0.5,0.10416666666666667,0.3854166666666667,96,positive
157,2016-09-30,0.5121574,0.6438893,0.525,0.0,0.475,40,positive
158,2016-09-30,0.5136801,0.6377079,0.5116279069767442,0.0,0.4883720930232558,43,positive
159,2016-09-29,0.28473023,0.24283017,0.4492753623188406,0.14492753623188406,0.391304347826087,69,positive
160,2016-09-22,0.28146854,0.043611173,0.33884297520661155,0.05785123966942149,0.6033057851239669,121,neutral
161,2016-09-21,-0.15532205,0.0014530935,0.08860759493670886,0.3037974683544304,0.6075949367088608,79,neutral
162,2016-09-06,0.5328236,0.8551359,0.625,0.0625,0.3125,80,positive
163,2016-08-30,0.4672738,0.8955559,0.5816326530612245,0.11224489795918367,0.30612244897959184,98,positive
164,2016-08-16,0.28520918,0.048975065,0.38372093023255816,0.09302325581395349,0.5232558139534884,86,neutral
165,2016-07-21,0.11615617,0.0022311546,0.2033898305084746,0.13559322033898305,0.6610169491525424,59,neutral
166,2016-07-15,0.24853995,0.10341266,0.3108108108108108,0.0945945945945946,0.5945945945945946,74,neutral
167,2016-07-14,0.2920921,0.15678054,0.37209302325581395,0.10465116279069768,0.5232558139534884,86,neutral
168,2016-07-13,0.5219745,0.70150363,0.5901639344262295,0.03278688524590164,0.3770491803278688,61,positive
169,2016-07-12,0.3714771,0.24862438,0.45161290322580644,0.08064516129032258,0.45161290322580644,62,positive
170,2016-07-05,0.29731557,0.16096249,0.3548387096774194,0.06451612903225806,0.5645161290322581,62,neutral
171,2016-06-03,0.37284076,0.14980322,0.3883495145631068,0.02912621359223301,0.5825242718446602,103,neutral
172,2016-05-23,0.42635658,0.38146687,0.4578313253012048,0.024096385542168676,0.5180722891566265,83,neutral
173,2016-05-17,0.47131318,0.60769856,0.5652173913043478,0.08695652173913043,0.34782608695652173,46,positive
174,2016-05-16,0.648225,0.8308782,0.6585365853658537,0.0,0.34146341463414637,41,positive
175,2016-04-28,0.37399518,0.44921774,0.48484848484848486,0.12121212121212122,0.3939393939393939,66,positive
176,2016-04-11,0.37644136,0.11082381,0.37037037037037035,0.0,0.6296296296296297,54,neutral
177,2016-03-18,0.26860446,0.0320203,0.34831460674157305,0.07865168539325842,0.5730337078651685,89,neutral
178,2016-03-18,0.3204448,0.21698567,0.43,0.12,0.43,100,positive
179,2016-02-23,0.26732585,0.10333058,0.4067796610169492,0.14689265536723164,0.4406779661016949,177,neutral
180,2016-02-10,0.5256741,0.666463,0.5370370370370371,0.0,0.46296296296296297,54,positive
181,2016-01-19,0.54394543,0.91917264,0.5875,0.0375,0.375,80,positive
182,2016-01-07,0.25465652,0.17385247,0.41964285714285715,0.16964285714285715,0.4107142857142857,112,positive
183,2015-11-24,0.33082706,0.15510902,0.32786885245901637,0.00819672131147541,0.6557377049180327,122,neutral
184,2015-11-24,0.22181405,0.039437488,0.36486486486486486,0.10810810810810811,0.527027027027027,74,neutral
185,2015-11-14,0.38720527,0.27063715,0.390625,0.015625,0.5859375,128,neutral
186,2015-11-03,0.59237236,0.8939067,0.6666666666666666,0.023809523809523808,0.30952380952380953,42,positive
187,2015-10-27,0.42030784,0.3344168,0.47191011235955055,0.056179775280898875,0.4606741573033708,89,neutral
188,2015-10-20,0.6136776,0.86404246,0.6470588235294118,0.0,0.35294117647058826,119,positive
189,2015-10-02,0.3133331,0.089952305,0.38016528925619836,0.06611570247933884,0.5537190082644629,121,neutral
190,2015-09-29,0.12888935,0.0034322636,0.264,0.136,0.584,125,neutral
191,2015-09-16,0.20900439,0.074642606,0.33962264150943394,0.1509433962264151,0.5094339622641509,53,neutral
192,2015-09-02,0.095069245,0.00512024,0.18604651162790697,0.10852713178294573,0.7054263565891473,129,neutral
193,2015-08-28,0.35938698,0.18762967,0.3875,0.0375,0.575,80,neutral
194,2015-08-07,0.45053986,0.41202205,0.48,0.0,0.52,25,neutral
195,2015-07-24,0.4394051,0.29487085,0.4482758620689655,0.0,0.5517241379310345,29,neutral
196,2015-07-21,0.34117487,0.1735178,0.40816326530612246,0.05102040816326531,0.5204081632653061,98,neutral
197,2015-07-03,0.15934682,0.020475736,0.21739130434782608,0.043478260869565216,0.7391304347826086,46,neutral
198,2015-07-02,0.37161195,0.26636326,0.43859649122807015,0.05263157894736842,0.5,114,neutral
199,2015-07-01,0.4293952,0.5115937,0.5087719298245614,0.03508771929824561,0.45614035087719296,57,positive
200,2015-06-26,0.48862183,0.6558188,0.5533980582524272,0.06796116504854369,0.36893203883495146,103,positive
201,2015-06-17,0.30186203,0.07157933,0.40594059405940597,0.09900990099009901,0.49504950495049505,101,neutral
202,2015-06-10,0.41013512,0.3971501,0.4230769230769231,0.02564102564102564,0.5256410256410257,78,neutral
203,2015-06-03,0.27411017,0.31173533,0.4421052631578947,0.17894736842105263,0.3684210526315789,95,positive
204,2015-05-22,0.595501,0.90179116,0.6326530612244898,0.0,0.3673469387755102,49,positive
205,2015-05-20,0.5083564,0.696885,0.5660377358490566,0.05660377358490566,0.3584905660377358,53,positive
206,2015-05-20,0.4197064,0.37671834,0.45454545454545453,0.05194805194805195,0.4935064935064935,77,neutral
207,2015-05-18,0.33438644,0.15984708,0.4069767441860465,0.05813953488372093,0.5348837209302325,86,neutral
208,2015-04-07,0.41997156,0.35117885,0.45977011494252873,0.034482758620689655,0.5057471264367817,87,neutral
209,2015-03-24,0.43805194,0.6271606,0.5540540540540541,0.06756756756756757,0.3783783783783784,74,positive
210,2015-03-17,0.38636374,0.20897649,0.4411764705882353,0.0392156862745098,0.5196078431372549,102,neutral
211,2015-02-24,0.25536653,0.124141105,0.3541666666666667,0.125,0.5138888888888888,144,neutral
212,2015-02-20,0.19271268,0.018960103,0.32954545454545453,0.14772727272727273,0.5113636363636364,88,neutral
213,2015-01-30,0.23627937,0.06039363,0.4411764705882353,0.17647058823529413,0.38235294117647056,102,positive
214,2015-01-30,0.6972479,0.93862855,0.7727272727272727,0.0,0.22727272727272727,22,positive
215,2015-01-30,0.5347775,0.80637217,0.6052631578947368,0.05263157894736842,0.34210526315789475,38,positive
216,2015-01-23,0.34082127,0.48485446,0.5061728395061729,0.1728395061728395,0.30864197530864196,81,positive
217,2015-01-08,0.4838772,0.8455941,0.6122448979591837,0.11224489795918367,0.2755102040816326,98,positive
218,2014-12-03,0.6561805,0.95535064,0.6511627906976745,0.0,0.3488372093023256,43,positive
219,2014-11-27,0.5583603,0.8386916,0.56,0.04,0.4,25,positive
220,2014-11-05,0.38225165,0.27715138,0.41836734693877553,0.02040816326530612,0.5612244897959183,98,neutral
221,2014-10-29,0.31186712,0.11380727,0.4146341463414634,0.07317073170731707,0.5121951219512195,82,neutral
222,2014-10-20,0.4313056,0.4650429,0.4897959183673469,0.04081632653061224,0.46938775510204084,98,positive
223,2014-10-20,0.5720415,0.79760313,0.6122448979591837,0.02040816326530612,0.3673469387755102,49,positive
224,2014-09-30,0.46038222,0.76529497,0.6101694915254238,0.1016949152542373,0.288135593220339,59,positive
225,2014-09-25,0.44191673,0.41890815,0.4657534246575342,0.0410958904109589,0.4931506849315068,73,neutral
226,2014-09-24,0.40226704,0.16631994,0.43243243243243246,0.0,0.5675675675675675,37,neutral
227,2014-09-23,0.27820742,0.0547877,0.3586206896551724,0.06896551724137931,0.5655172413793104,145,neutral
228,2014-09-10,0.5132152,0.547075,0.52,0.013333333333333334,0.4666666666666667,75,positive
229,2014-09-09,0.5900327,0.7766827,0.5757575757575758,0.0,0.42424242424242425,33,positive
230,2014-09-05,0.48195124,0.5541619,0.5193798449612403,0.031007751937984496,0.4496124031007752,129,positive
231,2014-08-29,0.4944571,0.7792567,0.5504587155963303,0.03669724770642202,0.41284403669724773,109,positive
232,2014-08-20,0.32661137,0.16279224,0.41237113402061853,0.09278350515463918,0.4639175257731959,97,neutral
233,2014-08-18,0.75399804,0.95665693,0.8148148148148148,0.0,0.18518518518518517,27,positive
234,2014-08-13,0.1951514,0.018309465,0.3263157894736842,0.1368421052631579,0.5368421052631579,95,neutral
235,2014-07-09,0.63816756,0.95040905,0.6521739130434783,0.021739130434782608,0.32608695652173914,46,positive
236,2014-07-01,0.35355142,0.09695698,0.38028169014084506,0.014084507042253521,0.5915492957746479,71,neutral
237,2014-06-18,0.5682696,0.8245957,0.6071428571428571,0.03571428571428571,0.35714285714285715,28,positive
238,2014-05-28,0.36584306,0.23654306,0.4507042253521127,0.07042253521126761,0.4788732394366197,142,neutral
239,2014-05-19,0.25666663,0.11269584,0.28,0.08,0.6133333333333333,75,neutral
240,2014-04-26,0.19281353,0.0061785774,0.28703703703703703,0.09259259259259259,0.6203703703703703,108,neutral
241,2014-03-19,0.3436398,0.10459453,0.43529411764705883,0.07058823529411765,0.49411764705882355,85,neutral
242,2014-03-18,0.23681208,0.051910177,0.4307692307692308,0.18461538461538463,0.38461538461538464,65,positive
243,2014-03-11,0.24037226,0.108408265,0.34782608695652173,0.08695652173913043,0.5652173913043478,69,neutral
244,2014-02-28,0.31492037,0.047941264,0.39285714285714285,0.07142857142857142,0.5357142857142857,28,neutral
245,2014-02-21,0.3745317,0.19778389,0.43333333333333335,0.06666666666666667,0.5,60,neutral
246,2014-02-18,0.29102886,0.23995346,0.3835616438356164,0.0958904109589041,0.5068493150684932,73,neutral
247,2014-01-29,0.19077863,0.16500148,0.3548387096774194,0.16129032258064516,0.45161290322580644,31,neutral
248,2014-01-09,0.4090554,0.56812334,0.5210084033613446,0.1092436974789916,0.3697478991596639,119,positive
249,2013-12-03,-0.046093274,0.010283921,0.14285714285714285,0.21428571428571427,0.6428571428571429,28,neutral
250,2013-12-03,0.31353006,0.070373826,0.3673469387755102,0.061224489795918366,0.5714285714285714,49,neutral
251,2013-11-29,0.25443518,0.04537181,0.29577464788732394,0.04225352112676056,0.6619718309859155,71,neutral
252,2013-10-25,0.27376947,0.040860742,0.24271844660194175,0.009708737864077669,0.7378640776699029,103,neutral
253,2013-10-09,0.4199929,0.17938511,0.4520547945205479,0.0273972602739726,0.5205479452054794,73,neutral
254,2013-09-24,0.21505968,0.012867747,0.23626373626373626,0.02197802197802198,0.7417582417582418,182,neutral
255,2013-08-27,0.5337146,0.50856,0.5263157894736842,0.0,0.47368421052631576,19,positive
256,2013-07-25,0.457763,0.53073406,0.5111111111111111,0.044444444444444446,0.4444444444444444,45,positive
257,2013-07-19,0.33687812,0.1080703,0.36764705882352944,0.04411764705882353,0.5882352941176471,68,neutral
258,2013-07-17,0.31457967,0.11690376,0.38144329896907214,0.041237113402061855,0.5773195876288659,97,neutral
259,2013-07-16,0.58277464,0.967345,0.6290322580645161,0.04838709677419355,0.3225806451612903,62,positive
260,2013-07-08,0.6142332,0.8388232,0.6666666666666666,0.0,0.3333333333333333,42,positive
261,2013-07-03,0.39432117,0.4493299,0.47706422018348627,0.08256880733944955,0.44036697247706424,109,positive
262,2013-07-01,0.28274715,0.2265692,0.23529411764705882,0.0,0.7647058823529411,17,neutral
263,2013-06-26,0.4233693,0.24595407,0.44285714285714284,0.014285714285714285,0.5285714285714286,70,neutral
264,2013-06-10,0.46579376,0.58583736,0.5428571428571428,0.02857142857142857,0.42857142857142855,70,positive
265,2013-03-22,0.58886606,0.88538086,0.6326530612244898,0.030612244897959183,0.32653061224489793,98,positive
266,2013-03-20,0.41394663,0.39928955,0.46236559139784944,0.03225806451612903,0.5053763440860215,93,neutral
267,2013-03-18,0.30883113,0.1686444,0.2857142857142857,0.0,0.7142857142857143,35,neutral
268,2013-03-12,0.5425864,0.7188511,0.547945205479452,0.0273972602739726,0.4246575342465753,73,positive
269,2013-02-13,0.3384785,0.108873546,0.39285714285714285,0.03571428571428571,0.5714285714285714,28,neutral
270,2013-01-18,0.4734109,0.55812716,0.5079365079365079,0.015873015873015872,0.47619047619047616,63,positive
271,2013-01-03,0.3654145,0.47987399,0.5046728971962616,0.1308411214953271,0.3644859813084112,107,positive
272,2012-12-05,0.32227305,0.14392015,0.3181818181818182,0.022727272727272728,0.6590909090909091,44,neutral
273,2012-12-04,0.42817625,0.51978016,0.5087719298245614,0.03508771929824561,0.43859649122807015,57,positive
274,2012-11-27,0.1703412,0.016291361,0.2558139534883721,0.08139534883720931,0.6511627906976745,86,neutral
275,2012-10-30,0.19810027,0.054521333,0.23170731707317074,0.07317073170731707,0.6951219512195121,82,neutral
276,2012-10-24,0.378274,0.20237188,0.40350877192982454,0.03508771929824561,0.5614035087719298,57,neutral
277,2012-10-22,0.514173,0.7466708,0.6086956521739131,0.043478260869565216,0.32608695652173914,46,positive
278,2012-10-05,0.1681503,0.02550552,0.26956521739130435,0.11304347826086956,0.6086956521739131,115,neutral
279,2012-09-19,0.1873911,0.017734997,0.26,0.08,0.66,100,neutral
280,2012-09-06,0.23769039,0.06052745,0.3218390804597701,0.08045977011494253,0.5977011494252874,87,neutral
281,2012-08-23,0.100783184,0.024398658,0.22641509433962265,0.12264150943396226,0.6509433962264151,106,neutral
282,2012-07-26,0.5630396,0.69284284,0.59375,0.03125,0.34375,32,positive
283,2012-07-11,0.38457194,0.16777906,0.42391304347826086,0.021739130434782608,0.5543478260869565,92,neutral
284,2012-06-18,0.25000128,0.086653486,0.3617021276595745,0.11702127659574468,0.5212765957446809,94,neutral
285,2012-05-16,0.60341436,0.8998674,0.6363636363636364,0.045454545454545456,0.3181818181818182,44,positive
286,2012-03-26,0.48171106,0.65015215,0.6190476190476191,0.09523809523809523,0.2857142857142857,21,positive
287,2012-03-21,0.4520019,0.59582114,0.5294117647058824,0.07352941176470588,0.39705882352941174,68,positive
288,2012-03-20,0.6584883,0.79866904,0.717948717948718,0.0,0.28205128205128205,39,positive
289,2012-02-07,0.2312891,0.026309935,0.3211009174311927,0.09174311926605505,0.5871559633027523,109,neutral
290,2012-01-20,0.5152243,0.91089493,0.6197183098591549,0.08450704225352113,0.29577464788732394,71,positive
291,2011-11-16,0.67229784,0.89561504,0.6666666666666666,0.0,0.3333333333333333,30,positive
292,2011-10-25,0.46079984,0.75651765,0.5609756097560976,0.08536585365853659,0.34146341463414637,82,positive
293,2011-10-20,0.52258706,0.74635506,0.5957446808510638,0.0425531914893617,0.3617021276595745,94,positive
294,2011-08-04,0.6274478,0.85442984,0.6530612244897959,0.0,0.3469387755102041,98,positive
295,2011-07-06,0.5056471,0.6520073,0.6,0.05714285714285714,0.34285714285714286,70,positive
296,2011-07-05,0.5711864,0.7191088,0.6388888888888888,0.037037037037037035,0.32407407407407407,108,positive
297,2011-05-03,0.65842724,0.9522339,0.7446808510638298,0.06382978723404255,0.19148936170212766,47,positive
298,2011-01-14,0.6854365,0.9844476,0.717391304347826,0.021739130434782608,0.2608695652173913,46,positive
299,2011-01-06,0.4519644,0.6860215,0.5462962962962963,0.06481481481481481,0.3888888888888889,108,positive
300,2010-11-17,0.27436128,0.10774472,0.4027777777777778,0.1388888888888889,0.4583333333333333,72,neutral
301,2010-10-27,0.51091486,0.85343796,0.5121951219512195,0.024390243902439025,0.4634146341463415,41,positive
302,2010-08-18,0.51122534,0.880587,0.5555555555555556,0.05555555555555555,0.3888888888888889,54,positive
303,2010-08-12,0.30851126,0.23808666,0.3902439024390244,0.0975609756097561,0.5121951219512195,41,neutral
304,2010-08-07,0.584692,0.8822155,0.5789473684210527,0.0,0.42105263157894735,38,positive
305,2010-08-04,0.5334278,0.876488,0.5454545454545454,0.045454545454545456,0.4090909090909091,22,positive
306,2010-07-27,0.23075795,0.024781257,0.2222222222222222,0.027777777777777776,0.75,36,neutral
307,2010-07-27,0.40404472,0.091858625,0.41025641025641024,0.0,0.5897435897435898,39,neutral
308,2010-07-20,0.6029353,0.85385615,0.6153846153846154,0.0,0.38461538461538464,65,positive
309,2010-07-07,0.35751778,0.16848616,0.47619047619047616,0.1111111111111111,0.4126984126984127,63,positive
310,2010-07-05,0.39600167,0.13047442,0.4014084507042254,0.02112676056338028,0.5774647887323944,142,neutral
311,2010-07-03,0.55709934,0.81842124,0.5897435897435898,0.02564102564102564,0.38461538461538464,39,positive
312,2010-07-02,0.44685325,0.3896346,0.46875,0.03125,0.5,32,neutral
313,2010-06-17,0.6031256,0.97607136,0.6046511627906976,0.0,0.3953488372093023,43,positive
314,2010-06-02,0.3888428,0.2046783,0.38333333333333336,0.016666666666666666,0.6,60,neutral
315,2010-05-31,0.43540105,0.39985287,0.48863636363636365,0.03409090909090909,0.4772727272727273,88,positive
316,2010-05-21,0.46024626,0.54661965,0.5238095238095238,0.023809523809523808,0.4523809523809524,42,positive
317,2010-03-12,0.20418754,0.031537823,0.2638888888888889,0.09722222222222222,0.6388888888888888,72,neutral
318,2010-01-27,0.41831228,0.19318332,0.4444444444444444,0.022222222222222223,0.5333333333333333,45,neutral
319,2010-01-14,0.36277613,0.15413588,0.390625,0.0625,0.546875,64,neutral
320,2009-12-08,0.4738893,0.5052473,0.5,0.03225806451612903,0.45161290322580644,62,positive
321,2009-12-02,0.58150995,0.8313564,0.5925925925925926,0.037037037037037035,0.37037037037037035,27,positive
322,2009-11-23,0.38254926,0.45883566,0.46153846153846156,0.07692307692307693,0.46153846153846156,26,neutral
323,2009-11-04,0.30112517,0.22130366,0.38461538461538464,0.11538461538461539,0.47115384615384615,104,neutral
324,2009-10-30,0.26979348,0.047506403,0.3368421052631579,0.042105263157894736,0.6105263157894737,95,neutral
325,2009-10-23,0.53328323,0.89962894,0.6261682242990654,0.08411214953271028,0.2803738317757009,107,positive
326,2009-09-09,0.44532955,0.3713823,0.45454545454545453,0.030303030303030304,0.5151515151515151,66,neutral
327,2009-09-01,0.62956303,0.96285385,0.7051282051282052,0.0641025641025641,0.23076923076923078,78,positive
328,2009-08-11,0.5446675,0.902534,0.6140350877192983,0.06140350877192982,0.30701754385964913,114,positive
329,2009-07-15,0.5523983,0.81936896,0.5967741935483871,0.04838709677419355,0.3548387096774194,62,positive
330,2009-07-14,0.36570305,0.24447824,0.37209302325581395,0.046511627906976744,0.5581395348837209,43,neutral
331,2009-07-14,0.48174253,0.5082158,0.5111111111111111,0.044444444444444446,0.4444444444444444,45,positive
332,2009-07-03,0.43042064,0.6047708,0.55,0.1,0.35,100,positive
333,2009-07-03,0.3948018,0.19385228,0.4117647058823529,0.029411764705882353,0.5588235294117647,34,neutral
334,2009-06-19,0.35748684,0.23052853,0.3888888888888889,0.037037037037037035,0.5740740740740741,54,neutral
335,2009-05-15,0.685508,0.94084024,0.7160493827160493,0.024691358024691357,0.24691358024691357,81,positive
336,2009-05-12,0.43139344,0.6694061,0.5725806451612904,0.11290322580645161,0.31451612903225806,124,positive
337,2009-04-14,0.3378145,0.3998972,0.488,0.144,0.368,125,positive
338,2009-03-31,0.039482236,-0.0003194887,0.2826086956521739,0.2826086956521739,0.43478260869565216,138,neutral
339,2009-03-30,0.16491745,0.0015763718,0.21621621621621623,0.06756756756756757,0.7162162162162162,74,neutral
340,2009-03-25,0.1328662,0.033190534,0.23529411764705882,0.10588235294117647,0.6470588235294118,85,neutral
341,2009-03-18,0.33225125,0.37041062,0.4732142857142857,0.13392857142857142,0.39285714285714285,112,positive
342,2009-03-13,0.30272412,0.12223865,0.35064935064935066,0.06493506493506493,0.5844155844155844,77,neutral
343,2009-03-03,0.36158612,0.38657418,0.4647887323943662,0.09859154929577464,0.43661971830985913,71,positive
344,2009-03-02,0.5724543,0.83135647,0.6666666666666666,0.05263157894736842,0.2807017543859649,57,positive
345,2009-02-27,0.70535266,0.95731825,0.717948717948718,0.0,0.28205128205128205,39,positive
346,2009-02-26,0.3012892,0.0036808688,0.3157894736842105,0.02631578947368421,0.6578947368421053,38,neutral
347,2009-02-25,0.2800582,0.2796773,0.46464646464646464,0.1919191919191919,0.3333333333333333,99,positive
348,2009-02-11,0.28548217,0.15425791,0.39436619718309857,0.11267605633802817,0.49295774647887325,142,neutral
349,2009-02-02,0.09667659,0.0152086215,0.3509933774834437,0.23841059602649006,0.39072847682119205,151,neutral
350,2009-01-28,0.3871643,0.49709728,0.4918032786885246,0.09836065573770492,0.39344262295081966,61,positive
351,2009-01-26,0.38486987,0.61157626,0.5277777777777778,0.1388888888888889,0.3333333333333333,72,positive
352,2009-01-16,0.25830323,0.15569595,0.2608695652173913,0.043478260869565216,0.6956521739130435,23,neutral
353,2009-01-16,0.3055847,0.156606,0.4,0.09230769230769231,0.5076923076923077,65,neutral
354,2009-01-08,0.31617305,0.11605374,0.423728813559322,0.09322033898305085,0.4830508474576271,118,neutral
355,2009-01-06,0.3834318,0.56287605,0.5192307692307693,0.15384615384615385,0.3269230769230769,52,positive
356,2008-12-17,0.4019906,0.56412745,0.5172413793103449,0.11494252873563218,0.367816091954023,87,positive
357,2008-11-19,0.44976026,0.37886453,0.45,0.025,0.525,40,neutral
358,2008-11-14,0.21684508,0.039730195,0.35714285714285715,0.14285714285714285,0.5,84,neutral
359,2008-10-29,0.24655731,0.030348685,0.359375,0.125,0.5078125,128,neutral
360,2008-10-07,0.7143091,0.9033933,0.7692307692307693,0.0,0.23076923076923078,26,positive
361,2008-10-03,0.5188348,0.5865685,0.5333333333333333,0.0,0.4666666666666667,45,positive
362,2008-10-03,0.32817683,0.22421764,0.4424778761061947,0.11504424778761062,0.4336283185840708,113,positive
363,2008-09-29,0.3159133,0.18598415,0.4132231404958678,0.09090909090909091,0.49586776859504134,121,neutral
364,2008-09-17,0.19761951,0.12995142,0.4367816091954023,0.26436781609195403,0.28735632183908044,87,positive
365,2008-09-12,0.36929843,0.33009008,0.4791666666666667,0.08333333333333333,0.4375,48,positive
366,2008-08-27,0.37232712,0.41005826,0.34375,0.03125,0.625,32,neutral
367,2008-08-23,0.5037264,0.72115755,0.5740740740740741,0.05555555555555555,0.37037037037037035,54,positive
368,2008-07-24,0.55131567,0.6504036,0.5967741935483871,0.016129032258064516,0.3870967741935484,62,positive
369,2008-07-23,0.30198094,0.6792818,0.5194805194805194,0.22077922077922077,0.24675324675324675,77,positive
370,2008-07-15,0.6083336,0.9360044,0.7230769230769231,0.06153846153846154,0.2153846153846154,65,positive
371,2008-07-11,0.45645067,0.52298856,0.5161290322580645,0.03225806451612903,0.45161290322580644,31,positive
372,2008-07-08,0.71202636,0.95548,0.7631578947368421,0.013157894736842105,0.2236842105263158,76,positive
373,2008-07-03,0.39030784,0.22682644,0.43661971830985913,0.07042253521126761,0.49295774647887325,71,neutral
374,2008-07-03,0.5609614,0.8415759,0.6101694915254238,0.01694915254237288,0.3728813559322034,59,positive
375,2008-05-13,0.38110855,0.2620396,0.4411764705882353,0.08823529411764706,0.47058823529411764,34,neutral
376,2008-05-13,0.38172084,0.31401655,0.4722222222222222,0.05555555555555555,0.4722222222222222,36,neutral
377,2008-03-26,0.64777493,0.92523867,0.6571428571428571,0.02857142857142857,0.3142857142857143,35,positive
378,2008-03-25,0.5137682,0.6305952,0.6,0.0,0.4,20,positive
379,2008-02-27,0.2696798,0.2786159,0.43,0.17,0.4,100,positive
380,2008-02-13,0.3406491,0.68963826,0.5360824742268041,0.1958762886597938,0.25773195876288657,97,positive
381,2008-02-12,0.21266915,0.08646552,0.4444444444444444,0.24074074074074073,0.3148148148148148,54,positive
382,2008-02-11,0.5308175,0.9391447,0.6190476190476191,0.08333333333333333,0.2976190476190476,84,positive
383,2008-01-30,0.46814266,0.55077773,0.5671641791044776,0.05970149253731343,0.373134328358209,67,positive
384,2008-01-15,0.48103195,0.774125,0.5409836065573771,0.04918032786885246,0.4098360655737705,61,positive
385,2008-01-08,0.44440627,0.84973264,0.5609756097560976,0.12195121951219512,0.3170731707317073,41,positive
386,2008-01-07,0.5202369,0.60947084,0.5625,0.0,0.4375,32,positive
387,2008-01-03,0.4124136,0.7136969,0.5463917525773195,0.1134020618556701,0.31958762886597936,97,positive
388,2007-10-09,0.25904918,0.05254093,0.44761904761904764,0.17142857142857143,0.38095238095238093,105,positive
389,2007-09-12,0.56919926,0.83928657,0.625,0.05357142857142857,0.32142857142857145,56,positive
390,2007-08-29,0.48891187,0.49235767,0.5,0.0,0.5,14,neutral
391,2007-08-27,0.5340477,0.71454406,0.5978260869565217,0.043478260869565216,0.358695652173913,92,positive
392,2007-08-14,0.23972301,0.029935487,0.26666666666666666,0.06666666666666667,0.6666666666666666,15,neutral
393,2007-07-31,0.5096927,0.4904397,0.5,0.0,0.5,32,neutral
394,2007-07-31,0.34720558,0.14998785,0.3870967741935484,0.03225806451612903,0.5806451612903226,31,neutral
395,2007-07-27,0.26688904,0.17202486,0.26666666666666666,0.03333333333333333,0.7,30,neutral
396,2007-07-25,0.44537303,0.44649467,0.43478260869565216,0.043478260869565216,0.5217391304347826,23,neutral
397,2007-07-24,0.58006114,0.7442507,0.6593406593406593,0.02197802197802198,0.31868131868131866,91,positive
398,2007-07-23,0.48967838,0.71366334,0.5714285714285714,0.0,0.42857142857142855,28,positive
399,2007-07-20,0.5730562,0.8313564,0.6,0.06666666666666667,0.3333333333333333,15,positive
400,2007-07-20,0.49075562,0.43852466,0.48717948717948717,0.0,0.5128205128205128,39,neutral
401,2007-07-20,0.7111458,0.96242046,0.7391304347826086,0.0,0.21739130434782608,23,positive
402,2007-07-10,0.39732006,0.32388204,0.4,0.0,0.6,25,neutral
403,2007-07-08,0.1803363,0.04667461,0.19318181818181818,0.045454545454545456,0.7613636363636364,88,neutral
404,2007-07-04,0.6562927,0.9068651,0.6896551724137931,0.0,0.3103448275862069,29,positive
405,2007-07-03,0.6055844,0.86858606,0.5955056179775281,0.0,0.39325842696629215,89,positive
406,2007-07-03,0.30564243,0.031972717,0.30434782608695654,0.0,0.6956521739130435,23,neutral
407,2007-06-29,0.6002201,0.9213381,0.6153846153846154,0.038461538461538464,0.34615384615384615,26,positive
408,2007-06-14,0.5976573,0.91000825,0.5454545454545454,0.0,0.42424242424242425,33,positive
409,2007-06-13,0.6451798,0.9301569,0.6440677966101694,0.0,0.3559322033898305,59,positive
410,2007-06-06,0.3917108,0.21544449,0.4444444444444444,0.022222222222222223,0.5333333333333333,45,neutral
411,2007-06-05,0.1423469,0.0034588326,0.19607843137254902,0.0784313725490196,0.7254901960784313,51,neutral
412,2007-05-11,0.5700121,0.76109445,0.6296296296296297,0.037037037037037035,0.3333333333333333,54,positive
413,2007-04-19,0.44685176,0.33931655,0.47692307692307695,0.03076923076923077,0.49230769230769234,65,neutral
414,2007-04-12,0.50313866,0.7150583,0.5172413793103449,0.0,0.4827586206896552,29,positive
415,2007-03-30,0.47615248,0.63001645,0.5057471264367817,0.05747126436781609,0.42528735632183906,87,positive
416,2007-03-15,0.66023713,0.91887254,0.6578947368421053,0.0,0.34210526315789475,38,positive
417,2007-03-01,0.3342407,0.19820178,0.4,0.06153846153846154,0.5384615384615384,65,neutral
418,2007-02-28,0.6372557,0.9762134,0.6701030927835051,0.05154639175257732,0.26804123711340205,97,positive
419,2007-02-26,0.6654074,0.89837205,0.6944444444444444,0.0,0.3055555555555556,36,positive
420,2007-02-21,0.65890497,0.9635208,0.6666666666666666,0.0,0.3333333333333333,18,positive
421,2007-02-20,0.5582962,0.94517237,0.64,0.04,0.32,25,positive
422,2007-02-06,0.6189041,0.8995485,0.7191011235955056,0.06741573033707865,0.21348314606741572,89,positive
423,2007-01-16,0.70407367,0.9776083,0.7301587301587301,0.015873015873015872,0.25396825396825395,63,positive
424,2006-12-19,0.28293455,0.16598785,0.36363636363636365,0.06818181818181818,0.5681818181818182,44,neutral
425,2006-12-15,0.49704656,0.39446557,0.45454545454545453,0.0,0.5454545454545454,11,neutral
426,2006-12-06,0.3704103,0.1968315,0.391304347826087,0.008695652173913044,0.6,115,neutral
427,2006-12-05,0.40377036,0.491386,0.4666666666666667,0.06666666666666667,0.4666666666666667,15,neutral
428,2006-12-04,0.49726638,0.75067633,0.5384615384615384,0.05128205128205128,0.41025641025641024,39,positive
429,2006-11-28,0.60250187,0.9224018,0.6086956521739131,0.014492753623188406,0.37681159420289856,69,positive
430,2006-11-23,0.5214833,0.7496241,0.5161290322580645,0.0,0.4838709677419355,31,positive
431,2006-08-04,0.47576222,0.5541328,0.53125,0.03125,0.4375,32,positive
432,2006-06-20,0.7493309,0.9657075,0.7391304347826086,0.0,0.2608695652173913,23,positive
433,2006-06-20,0.28003275,0.29383817,0.4375,0.0625,0.5,16,neutral
434,2006-06-20,0.4827566,0.38075286,0.4583333333333333,0.0,0.5416666666666666,24,neutral
435,2006-06-18,0.33636895,0.07300943,0.3,0.0,0.7,50,neutral
436,2006-06-14,0.1250984,0.0016547348,0.13043478260869565,0.043478260869565216,0.8260869565217391,23,neutral
437,2006-06-13,0.42196506,0.61792445,0.5357142857142857,0.10714285714285714,0.35714285714285715,28,positive
438,2006-06-05,0.094377056,0.005111874,0.1875,0.125,0.6875,16,neutral
439,2006-06-01,0.25312865,0.09665112,0.37037037037037035,0.1111111111111111,0.5185185185185185,27,neutral
440,2006-05-19,0.3882716,0.39068767,0.4888888888888889,0.06666666666666667,0.4222222222222222,45,positive
441,2006-05-17,0.63772184,0.9523863,0.6712328767123288,0.0273972602739726,0.3013698630136986,73,positive
442,2006-05-08,0.535843,0.6068879,0.5789473684210527,0.0,0.42105263157894735,19,positive
443,2006-03-29,0.48204553,0.6013078,0.5487804878048781,0.036585365853658534,0.4146341463414634,82,positive
444,2006-03-24,0.59834725,0.9117169,0.6666666666666666,0.028985507246376812,0.30434782608695654,69,positive
445,2006-03-17,0.4477434,0.5083153,0.5,0.05813953488372093,0.4418604651162791,86,positive
446,2006-03-17,0.3197629,0.20330739,0.37142857142857144,0.08571428571428572,0.5428571428571428,70,neutral
447,2006-03-13,0.4539527,0.50348675,0.5074626865671642,0.0,0.4925373134328358,67,positive
448,2006-03-08,0.3421697,0.18477263,0.38461538461538464,0.02564102564102564,0.5897435897435898,39,neutral
449,2006-03-01,0.6493662,0.9108535,0.6896551724137931,0.017241379310344827,0.29310344827586204,58,positive
450,2006-02-09,0.68924767,0.9809881,0.7625,0.05,0.1875,80,positive
451,2006-02-03,0.6559533,0.98370874,0.6551724137931034,0.0,0.3448275862068966,29,positive
452,2006-01-26,0.613937,0.90816617,0.640625,0.03125,0.328125,64,positive
453,2006-01-24,0.51398164,0.93694115,0.5978260869565217,0.08695652173913043,0.31521739130434784,92,positive
454,2006-01-17,0.6371825,0.9423696,0.7,0.03333333333333333,0.26666666666666666,30,positive
455,2006-01-14,0.7094311,0.94686836,0.7377049180327869,0.0,0.26229508196721313,61,positive
456,2006-01-05,0.47825673,0.94890106,0.6082474226804123,0.1134020618556701,0.27835051546391754,97,positive
457,2005-12-04,0.084376164,0.0043203123,0.19230769230769232,0.15384615384615385,0.6538461538461539,26,neutral
458,2005-11-25,0.60754585,0.9094499,0.6615384615384615,0.046153846153846156,0.2923076923076923,65,positive
459,2005-11-24,0.095624685,0.010812378,0.0625,0.0,0.9375,16,neutral
460,2005-11-15,0.76238275,0.98309517,0.7777777777777778,0.0,0.2222222222222222,18,positive
461,2005-11-14,0.44865623,0.32983252,0.48936170212765956,0.02127659574468085,0.48936170212765956,47,neutral
462,2005-11-11,0.42077705,0.4913481,0.5,0.09259259259259259,0.4074074074074074,54,positive
463,2005-11-11,0.30131647,0.21812752,0.39361702127659576,0.10638297872340426,0.5,94,neutral
464,2005-09-19,0.39301324,0.42097124,0.4788732394366197,0.08450704225352113,0.43661971830985913,71,positive
465,2005-08-23,0.63057554,0.8853335,0.7123287671232876,0.0410958904109589,0.2465753424657534,73,positive
466,2005-07-04,0.5025714,0.765897,0.5662650602409639,0.060240963855421686,0.37349397590361444,83,positive
467,2005-03-04,0.5473904,0.94170815,0.6956521739130435,0.13043478260869565,0.17391304347826086,69,positive
468,2005-02-26,0.12953451,0.0036990112,0.24,0.08,0.68,25,neutral
469,2005-02-21,0.5905064,0.87316245,0.5652173913043478,0.0,0.43478260869565216,23,positive
470,2005-02-17,0.4785568,0.75661254,0.5625,0.1,0.325,80,positive
471,2005-02-14,0.5670712,0.96422064,0.7017543859649122,0.10526315789473684,0.19298245614035087,57,positive
472,2005-02-05,0.31313357,0.28609332,0.4794520547945205,0.136986301369863,0.3835616438356164,73,positive
473,2005-01-21,0.3769939,0.12472664,0.3888888888888889,0.0,0.6111111111111112,18,neutral
474,2005-01-21,0.37839845,0.26196975,0.35,0.05,0.6,20,neutral
475,2005-01-19,0.49038458,0.8419689,0.6410256410256411,0.11538461538461539,0.24358974358974358,78,positive
476,2005-01-18,0.37667444,0.6206329,0.5303030303030303,0.12121212121212122,0.3333333333333333,66,positive
477,2005-01-17,0.2658451,0.045843996,0.32,0.04,0.64,25,neutral
478,2005-01-10,0.6945285,0.8911761,0.7142857142857143,0.0,0.2857142857142857,28,positive
479,2005-01-10,0.42589927,0.47942424,0.48,0.04,0.48,25,positive
480,2004-11-23,0.696872,0.95338476,0.7307692307692307,0.0,0.2692307692307692,26,positive
481,2004-11-18,0.63879764,0.9668368,0.6388888888888888,0.0,0.3611111111111111,36,positive
482,2004-11-13,0.46672904,0.95351833,0.6153846153846154,0.13186813186813187,0.25274725274725274,91,positive
483,2004-10-29,0.2830654,0.0833677,0.35294117647058826,0.058823529411764705,0.5882352941176471,17,neutral
484,2004-10-25,0.43728697,0.6701248,0.5,0.09090909090909091,0.36363636363636365,22,positive
485,2004-10-20,0.59046644,0.96123874,0.6829268292682927,0.07317073170731707,0.24390243902439024,82,positive
486,2004-08-26,0.3221529,0.4080201,0.4782608695652174,0.17391304347826086,0.34782608695652173,23,positive
487,2004-08-25,0.61857694,0.82511336,0.6428571428571429,0.0,0.35714285714285715,56,positive
488,2004-07-30,0.31786728,0.3387562,0.453125,0.125,0.421875,64,positive
489,2004-07-29,0.537588,0.96937037,0.7023809523809523,0.13095238095238096,0.15476190476190477,84,positive
490,2004-07-28,0.5387781,0.9745724,0.7073170731707317,0.14634146341463414,0.13414634146341464,82,positive
491,2004-07-26,0.5279804,0.60865045,0.6111111111111112,0.0,0.3888888888888889,18,positive
492,2004-07-21,0.41678834,0.28580245,0.4434782608695652,0.02608695652173913,0.5130434782608696,115,neutral
493,2004-07-21,0.61793023,0.858065,0.7083333333333334,0.041666666666666664,0.25,24,positive
494,2004-07-07,0.58968526,0.90083337,0.6129032258064516,0.0,0.3870967741935484,31,positive
495,2004-07-05,0.6189219,0.9631423,0.631578947368421,0.0,0.3684210526315789,38,positive
496,2004-07-05,0.6101278,0.89937794,0.6842105263157895,0.02631578947368421,0.2894736842105263,38,positive
497,2004-07-05,0.33967063,0.6765637,0.55,0.2,0.25,40,positive
498,2004-07-05,0.5990736,0.93261,0.7029702970297029,0.06930693069306931,0.22772277227722773,101,positive
499,2004-06-30,0.533597,0.91209674,0.6037735849056604,0.07547169811320754,0.32075471698113206,53,positive
500,2004-06-16,0.47711137,0.6174185,0.5,0.0,0.42857142857142855,14,positive
501,2004-06-16,0.50327605,0.6505807,0.5733333333333334,0.02666666666666667,0.38666666666666666,75,positive
502,2004-06-10,0.58512133,0.9454342,0.6326530612244898,0.02040816326530612,0.3469387755102041,49,positive
503,2004-06-09,0.3120014,0.22079064,0.43548387096774194,0.14516129032258066,0.4032258064516129,62,positive
504,2004-06-04,0.58578396,0.8807542,0.6,0.016666666666666666,0.38333333333333336,60,positive
505,2004-06-04,0.5146406,0.845152,0.55,0.0,0.45,20,positive
506,2004-06-01,0.21496262,0.10087606,0.26666666666666666,0.13333333333333333,0.6,15,neutral
507,2004-05-28,0.388931,0.21356073,0.36,0.0,0.64,25,neutral
508,2004-05-20,0.6690987,0.9623835,0.7272727272727273,0.0,0.2727272727272727,22,positive
509,2004-05-13,0.4899033,0.6313266,0.6122448979591837,0.08163265306122448,0.30612244897959184,49,positive
510,2004-04-19,0.16111934,0.023056883,0.27586206896551724,0.13793103448275862,0.5862068965517241,29,neutral
511,2004-04-16,0.07360888,0.0031391117,0.24347826086956523,0.1826086956521739,0.5739130434782609,115,neutral
512,2004-04-14,0.28186908,0.064175285,0.38095238095238093,0.09523809523809523,0.5238095238095238,21,neutral
513,2004-04-13,0.5271099,0.6910193,0.5454545454545454,0.0,0.45454545454545453,22,positive
514,2004-04-02,0.39534545,0.23767902,0.44,0.02,0.54,50,neutral
515,2004-03-31,0.28133908,0.04775527,0.4,0.125,0.475,40,neutral
516,2004-03-30,0.25579196,0.022910355,0.34782608695652173,0.043478260869565216,0.6086956521739131,23,neutral
517,2004-03-29,0.71192664,0.9608444,0.7619047619047619,0.0,0.23809523809523808,21,positive
518,2004-03-22,0.6016929,0.9731103,0.7105263157894737,0.09210526315789473,0.19736842105263158,76,positive
519,2004-03-11,0.5094412,0.8491246,0.6056338028169014,0.09859154929577464,0.29577464788732394,71,positive
520,2004-03-04,0.6941909,0.9592964,0.75,0.0,0.25,24,positive
521,2004-02-18,0.46734804,0.6029472,0.5223880597014925,0.04477611940298507,0.43283582089552236,67,positive
522,2004-02-17,0.4252062,0.5179043,0.5172413793103449,0.034482758620689655,0.4482758620689655,58,positive
523,2004-01-30,0.5579514,0.6587752,0.6153846153846154,0.0,0.38461538461538464,13,positive
524,2004-01-28,0.62910414,0.934791,0.6578947368421053,0.0,0.34210526315789475,38,positive
525,2004-01-07,0.22445531,0.18839282,0.43333333333333335,0.23333333333333334,0.3333333333333333,30,positive
526,2003-12-18,0.44329947,0.52543676,0.52,0.12,0.36,25,positive
527,2003-12-15,0.23286605,0.2133893,0.3541666666666667,0.125,0.5,48,neutral
528,2003-12-03,0.33455414,0.1420037,0.3333333333333333,0.022222222222222223,0.6444444444444445,45,neutral
529,2003-11-30,0.61076736,0.9186126,0.6865671641791045,0.04477611940298507,0.26865671641791045,67,positive
530,2003-11-25,0.2913449,0.24212569,0.3684210526315789,0.05263157894736842,0.5789473684210527,19,neutral
531,2003-11-21,0.40711823,0.53158534,0.5068493150684932,0.0958904109589041,0.3835616438356164,73,positive
532,2003-11-19,0.38159797,0.40025988,0.48484848484848486,0.09090909090909091,0.42424242424242425,33,positive
533,2003-11-14,0.37496525,0.27609807,0.4,0.0,0.6,30,neutral
534,2003-11-13,0.45097518,0.48962113,0.5,0.03571428571428571,0.4642857142857143,56,positive
535,2003-09-15,0.46667773,0.50034815,0.5,0.03571428571428571,0.42857142857142855,28,positive
536,2003-09-12,0.5792711,0.65964866,0.625,0.0,0.375,32,positive
537,2003-09-11,0.31519026,0.10806064,0.35135135135135137,0.0,0.6486486486486487,37,neutral
538,2003-09-10,0.43383098,0.5902204,0.5161290322580645,0.06451612903225806,0.41935483870967744,31,positive
539,2003-09-05,0.6146302,0.86225104,0.6071428571428571,0.0,0.39285714285714285,28,positive
540,2003-08-28,0.22034879,0.077152625,0.34328358208955223,0.1044776119402985,0.5373134328358209,67,neutral
541,2003-08-27,0.58905774,0.85794866,0.5833333333333334,0.0,0.4166666666666667,24,positive
542,2003-07-24,0.475127,0.44710422,0.4666666666666667,0.0,0.5333333333333333,30,neutral
543,2003-07-23,0.30768272,0.106346056,0.375,0.025,0.6,40,neutral
544,2003-07-21,0.44850853,0.2611606,0.4482758620689655,0.0,0.5517241379310345,29,neutral
545,2003-07-16,0.7202413,0.9763664,0.75,0.0,0.25,20,positive
546,2003-07-07,0.43013346,0.5400514,0.5454545454545454,0.07272727272727272,0.38181818181818183,55,positive
547,2003-07-04,0.4748368,0.67077845,0.5428571428571428,0.05714285714285714,0.4,35,positive
548,2003-07-03,0.4339165,0.48026562,0.47619047619047616,0.047619047619047616,0.47619047619047616,21,neutral
549,2003-07-03,0.5620029,0.8308588,0.6521739130434783,0.057971014492753624,0.2898550724637681,69,positive
550,2003-07-03,0.27732378,0.06322517,0.3902439024390244,0.0975609756097561,0.5121951219512195,41,neutral
551,2003-07-03,0.36161906,0.17179294,0.3728813559322034,0.03389830508474576,0.5932203389830508,59,neutral
552,2003-06-17,0.507382,0.870686,0.5517241379310345,0.04597701149425287,0.40229885057471265,87,positive
553,2002-12-16,0.49190766,0.5603217,0.5,0.0,0.5,20,neutral
554,2002-12-12,0.46358958,0.8059402,0.5517241379310345,0.06896551724137931,0.3793103448275862,29,positive
555,2002-11-19,0.5703833,0.82409024,0.5961538461538461,0.019230769230769232,0.38461538461538464,52,positive
556,2002-11-14,0.28828824,0.03805065,0.2222222222222222,0.0,0.7777777777777778,9,neutral
557,2002-11-08,0.46287286,0.5404352,0.5,0.02631578947368421,0.47368421052631576,38,positive
558,2002-11-07,0.29016703,0.17891005,0.4339622641509434,0.11320754716981132,0.4528301886792453,53,neutral
559,2002-10-25,0.5863641,0.7390131,0.6818181818181818,0.0,0.3181818181818182,22,positive
560,2002-10-24,0.40043673,0.3033869,0.4074074074074074,0.0,0.5925925925925926,27,neutral
561,2002-09-11,0.49777234,0.6179401,0.5151515151515151,0.030303030303030304,0.45454545454545453,33,positive
562,2002-09-06,0.568299,0.96016634,0.6696428571428571,0.07142857142857142,0.25892857142857145,112,positive
563,2002-09-06,0.27404797,0.09907759,0.2815533980582524,0.038834951456310676,0.6796116504854369,103,neutral
564,2002-08-29,0.29102752,0.11681339,0.30952380952380953,0.047619047619047616,0.6428571428571429,84,neutral
565,2002-08-27,0.38558608,0.08893476,0.3968253968253968,0.031746031746031744,0.5714285714285714,63,neutral
566,2002-08-07,0.34234506,0.59826374,0.5909090909090909,0.18181818181818182,0.18181818181818182,44,positive
567,2002-07-23,0.47693324,0.32435703,0.45454545454545453,0.0,0.5454545454545454,66,neutral
568,2002-07-18,0.7093129,0.9656833,0.71875,0.0,0.28125,32,positive
569,2002-07-17,0.60671246,0.87339544,0.6455696202531646,0.0,0.34177215189873417,79,positive
570,2002-07-03,0.66605204,0.8602833,0.6941176470588235,0.011764705882352941,0.29411764705882354,85,positive
571,2002-07-01,0.69125235,0.9840034,0.7,0.0,0.3,10,positive
572,2002-05-22,0.18698525,0.0060377186,0.375,0.125,0.4375,16,neutral
573,2002-05-14,0.3459873,0.19771789,0.43333333333333335,0.03333333333333333,0.5333333333333333,30,neutral
574,2002-05-05,0.12581882,0.0735472,0.14285714285714285,0.07142857142857142,0.7857142857142857,14,neutral
575,2002-05-03,0.36332044,0.40148622,0.3684210526315789,0.05263157894736842,0.5789473684210527,19,neutral
576,2002-04-26,0.61100215,0.83492255,0.6415094339622641,0.018867924528301886,0.32075471698113206,53,positive
577,2002-04-12,0.68469405,0.97207177,0.7,0.0,0.3,20,positive
578,2002-04-03,0.7038811,0.94391906,0.6666666666666666,0.0,0.3333333333333333,6,positive
579,2002-03-26,0.38635492,0.76432604,0.5365853658536586,0.12195121951219512,0.3170731707317073,41,positive
580,2002-03-25,0.027462265,0.010283599,0.15384615384615385,0.1346153846153846,0.7115384615384616,52,neutral
581,2002-03-14,0.09268696,0.0081557,0.26605504587155965,0.22018348623853212,0.5045871559633027,109,neutral
582,2002-01-11,0.2590538,0.1213256,0.3958333333333333,0.14583333333333334,0.4583333333333333,48,neutral
583,2001-12-10,0.24244988,0.25293225,0.38095238095238093,0.16666666666666666,0.42857142857142855,42,neutral
584,2001-12-04,0.4133119,0.5078413,0.5252525252525253,0.1111111111111111,0.3434343434343434,99,positive
585,2001-11-08,0.40404767,0.0074593932,0.45454545454545453,0.0,0.5454545454545454,11,neutral
586,2001-11-07,0.6514838,0.89015216,0.691358024691358,0.012345679012345678,0.2962962962962963,81,positive
587,2001-10-16,0.48407954,0.64751256,0.5263157894736842,0.042105263157894736,0.43157894736842106,95,positive
588,2001-10-16,0.3177205,0.36052072,0.48,0.14666666666666667,0.37333333333333335,75,positive
589,2001-10-06,0.43517634,0.1488598,0.4634146341463415,0.0,0.5365853658536586,41,neutral
590,2001-10-05,0.11063949,0.022223838,0.27692307692307694,0.16923076923076924,0.5384615384615384,65,neutral
591,2001-09-10,0.42649174,0.24102512,0.4626865671641791,0.014925373134328358,0.5223880597014925,67,neutral
592,2001-09-05,0.5437406,0.79033005,0.6049382716049383,0.07407407407407407,0.30864197530864196,81,positive
593,2001-09-05,-0.022659251,0.02550599,0.30357142857142855,0.32142857142857145,0.3392857142857143,56,neutral
594,2001-09-04,0.38891676,0.022112828,0.42857142857142855,0.0,0.5714285714285714,7,neutral
595,2001-08-31,0.59810936,0.9120413,0.6666666666666666,0.0641025641025641,0.2692307692307692,78,positive
596,2001-08-29,0.38235274,0.7098083,0.5333333333333333,0.15,0.31666666666666665,60,positive
597,2001-08-24,0.5607064,0.87664604,0.5555555555555556,0.018518518518518517,0.4074074074074074,54,positive
598,2001-08-09,0.47558746,0.88733304,0.5857142857142857,0.1,0.3142857142857143,70,positive
599,2001-08-06,0.10565126,0.021529337,0.34285714285714286,0.2571428571428571,0.4,35,neutral
600,2001-07-31,0.10866694,0.028496731,0.3,0.2,0.5,50,neutral
601,2001-07-25,0.61640835,0.9569122,0.7142857142857143,0.07142857142857142,0.21428571428571427,14,positive
602,2001-07-18,0.52763605,0.758966,0.5507246376811594,0.014492753623188406,0.42028985507246375,69,positive
603,2001-07-13,0.31143782,0.07180394,0.3333333333333333,0.017543859649122806,0.6491228070175439,57,neutral
604,2001-07-03,0.5777732,0.88891,0.6610169491525424,0.05084745762711865,0.2711864406779661,59,positive
605,2001-06-29,0.6761904,0.948161,0.7027027027027027,0.0,0.2972972972972973,37,positive
606,2001-06-25,0.3417075,0.10862383,0.3333333333333333,0.027777777777777776,0.6388888888888888,36,neutral
607,2001-06-20,0.403975,0.34980074,0.4230769230769231,0.0,0.5384615384615384,26,neutral
608,2001-05-25,0.34702325,0.54597014,0.5333333333333333,0.18666666666666668,0.28,75,positive
609,2001-05-17,0.593393,0.9409632,0.6875,0.08333333333333333,0.22916666666666666,96,positive
610,2001-05-08,0.7605984,0.92801756,0.8378378378378378,0.02702702702702703,0.13513513513513514,37,positive
611,2001-05-08,0.5354691,0.830658,0.6222222222222222,0.06666666666666667,0.3111111111111111,90,positive
612,2001-05-08,0.56435853,0.7701745,0.6224489795918368,0.04081632653061224,0.32653061224489793,98,positive
613,2001-04-26,0.6632865,0.9571145,0.6842105263157895,0.017543859649122806,0.2982456140350877,57,positive
614,2001-04-25,0.54591954,0.7651945,0.6078431372549019,0.0196078431372549,0.37254901960784315,51,positive
615,2001-04-20,0.16377455,0.10980041,0.3333333333333333,0.21666666666666667,0.45,60,neutral
616,2001-04-19,0.33603558,0.04353513,0.3333333333333333,0.0,0.6666666666666666,15,neutral
617,2001-04-17,0.45089704,0.62135184,0.5357142857142857,0.05952380952380952,0.40476190476190477,84,positive
618,2001-03-29,0.5791636,0.8812441,0.6086956521739131,0.021739130434782608,0.3695652173913043,46,positive
619,2001-03-23,0.60671026,0.9402099,0.7014925373134329,0.07462686567164178,0.208955223880597,67,positive
620,2001-03-16,0.6010447,0.82362676,0.6506024096385542,0.03614457831325301,0.30120481927710846,83,positive
621,2001-03-07,0.26658955,0.14418064,0.3548387096774194,0.12903225806451613,0.5161290322580645,93,neutral
622,2001-03-07,0.49018466,0.84126294,0.5964912280701754,0.10526315789473684,0.2982456140350877,57,positive
623,2001-02-26,0.051134016,0.005696646,0.13953488372093023,0.11627906976744186,0.7441860465116279,43,neutral
624,2001-02-23,0.42224258,0.39834917,0.4782608695652174,0.0,0.5217391304347826,23,neutral
625,2001-02-01,0.24959151,0.051179938,0.3333333333333333,0.08771929824561403,0.5789473684210527,57,neutral
626,2001-01-22,0.4636497,0.82937807,0.6025641025641025,0.11538461538461539,0.28205128205128205,78,positive
627,2001-01-05,0.416304,0.83526313,0.5666666666666667,0.16666666666666666,0.26666666666666666,30,positive
628,2001-01-04,0.4867994,0.8456952,0.6043956043956044,0.0989010989010989,0.2857142857142857,91,positive
629,2000-11-20,0.45015714,0.4527496,0.47674418604651164,0.023255813953488372,0.5,86,neutral
630,2000-11-06,0.26594877,0.13047302,0.38571428571428573,0.11428571428571428,0.5,70,neutral
631,2000-10-31,0.28145197,0.23612875,0.46153846153846156,0.15384615384615385,0.38461538461538464,52,positive
632,2000-10-30,0.05815716,0.020908229,0.25757575757575757,0.21212121212121213,0.5303030303030303,66,neutral
633,2000-10-26,0.07620952,0.024632076,0.2727272727272727,0.21212121212121213,0.5151515151515151,66,neutral
634,2000-10-17,0.5158587,0.8537616,0.5714285714285714,0.05194805194805195,0.37662337662337664,77,positive
635,2000-09-19,0.32355064,0.25768778,0.4605263157894737,0.13157894736842105,0.40789473684210525,76,positive
636,2000-09-06,0.61466086,0.9228224,0.647887323943662,0.04225352112676056,0.30985915492957744,71,positive
637,2000-08-28,0.47919735,0.69045943,0.5443037974683544,0.06329113924050633,0.379746835443038,79,positive
638,2000-08-07,0.7874671,0.9851657,0.7872340425531915,0.0,0.2127659574468085,47,positive
639,2000-07-07,0.3283232,0.05898719,0.2962962962962963,0.0,0.7037037037037037,27,neutral
640,2000-07-04,0.48721862,0.7666572,0.5714285714285714,0.07142857142857142,0.35714285714285715,42,positive
641,2000-07-03,0.5145377,0.55926204,0.5106382978723404,0.02127659574468085,0.46808510638297873,47,positive
642,2000-07-03,0.66146207,0.9725011,0.72,0.04,0.24,25,positive
643,2000-06-23,0.6597618,0.96653116,0.7558139534883721,0.05813953488372093,0.18604651162790697,86,positive
644,2000-06-14,0.13615452,0.08888513,0.3275862068965517,0.20689655172413793,0.46551724137931033,58,neutral
645,2000-06-01,0.56266356,0.77421266,0.6,0.03529411764705882,0.36470588235294116,85,positive
646,2000-05-29,0.267753,0.094514206,0.30952380952380953,0.047619047619047616,0.6428571428571429,42,neutral
647,2000-04-28,0.42537603,0.3958233,0.45588235294117646,0.029411764705882353,0.5147058823529411,68,neutral
648,2000-04-06,0.7494788,0.986014,0.75,0.0,0.25,24,positive
649,2000-03-30,0.547474,0.9281034,0.6329113924050633,0.08860759493670886,0.27848101265822783,79,positive
650,2000-03-20,0.37943178,0.2273008,0.4126984126984127,0.031746031746031744,0.5396825396825397,63,neutral
651,2000-03-13,0.7058255,0.9750862,0.7368421052631579,0.0,0.25,76,positive
652,2000-02-17,0.68585646,0.9405675,0.7323943661971831,0.04225352112676056,0.22535211267605634,71,positive
653,2000-02-14,0.47094598,0.7585922,0.582089552238806,0.08955223880597014,0.3283582089552239,67,positive
654,2000-01-27,0.6669579,0.93226224,0.7419354838709677,0.03225806451612903,0.20967741935483872,62,positive
655,2000-01-19,0.35107964,0.24355178,0.4634146341463415,0.0975609756097561,0.43902439024390244,41,positive
656,2000-01-18,0.58857995,0.79746795,0.6086956521739131,0.028985507246376812,0.36231884057971014,69,positive
657,2000-01-13,0.2906376,0.18359149,0.37777777777777777,0.1,0.5222222222222223,90,neutral
658,1999-12-08,0.18846492,0.030945655,0.27906976744186046,0.09302325581395349,0.627906976744186,86,neutral
659,1999-12-07,0.5214286,0.7118697,0.5632183908045977,0.034482758620689655,0.40229885057471265,87,positive
660,1999-12-06,0.37214643,0.2587129,0.45794392523364486,0.09345794392523364,0.4485981308411215,107,positive
661,1999-11-22,0.49201307,0.7664101,0.5357142857142857,0.0625,0.39285714285714285,112,positive
662,1999-11-19,0.68723065,0.98659,0.7083333333333334,0.0,0.2916666666666667,24,positive
663,1999-11-18,0.24738188,0.08440162,0.36923076923076925,0.12307692307692308,0.5076923076923077,65,neutral
664,1999-11-13,0.62599266,0.9749937,0.6792452830188679,0.05660377358490566,0.2641509433962264,53,positive
665,1999-11-02,0.2616784,0.079970516,0.2978723404255319,0.06382978723404255,0.6382978723404256,47,neutral
666,1999-10-28,0.41483897,0.6876382,0.5238095238095238,0.12698412698412698,0.3333333333333333,63,positive
667,1999-10-27,0.3345437,0.12765971,0.4383561643835616,0.0958904109589041,0.4657534246575342,73,neutral
668,1999-10-20,0.17669593,0.055408623,0.4178082191780822,0.22602739726027396,0.3561643835616438,146,positive
669,1999-08-17,0.7072271,0.9604212,0.75,0.0,0.25,16,positive
670,1999-07-20,0.3384461,0.31924284,0.46808510638297873,0.1276595744680851,0.3829787234042553,141,positive
671,1999-05-31,0.6019852,0.9798813,0.6666666666666666,0.06896551724137931,0.25287356321839083,87,positive
672,1999-05-14,0.365068,0.33596113,0.44594594594594594,0.12162162162162163,0.43243243243243246,74,positive
673,1999-01-07,0.31840557,0.43155247,0.48936170212765956,0.18085106382978725,0.32978723404255317,94,positive
674,1998-11-11,0.5443728,0.9168188,0.5925925925925926,0.037037037037037035,0.37037037037037035,81,positive
675,1998-07-03,0.4727288,0.6295059,0.5471698113207547,0.05660377358490566,0.39622641509433965,53,positive
676,1998-05-28,0.44648752,0.8251709,0.5428571428571428,0.07142857142857142,0.38571428571428573,70,positive
677,1998-05-22,0.5210062,0.9493973,0.5671641791044776,0.07462686567164178,0.3582089552238806,67,positive
678,1998-04-07,0.7558647,0.9749804,0.7796610169491526,0.0,0.22033898305084745,59,positive
