Date,INTERBANK CALL LOAN RATE,Real GDP,CPI,Wholesale Price,Industrial Production,Intl Trade Merch Exports,Intl Trade Merch Imports,FX Rate,tone_mean,pos_mean,neg_mean,neu_mean,speech_count,tone_mean_filled,pos_mean_filled,neg_mean_filled,neu_mean_filled
2001-04-01,9.875,2.414137607121236,7.551018164178491,7.214611911195567,21.064873366080786,13.683626034969045,31.13520554016933,21.84350178421328,0.41963016599999997,0.5073109243697479,0.07235294117647059,0.4155742296918767,5,0.41963016599999997,0.5073109243697479,0.07235294117647059,0.4155742296918767
2001-05-01,9.34375,3.268184788982209,7.426241153884194,8.432629319763961,15.650250254110665,2.63552238648066,49.74706142352623,20.888136818750034,0.537492796,0.6312743304529019,0.06780733284304709,0.2896405589262732,5,0.537492796,0.6312743304529019,0.06780733284304709,0.2896405589262732
2001-06-01,9.0921875,3.268184788982209,7.411171256730054,8.469949804726662,10.694178010301547,7.047289941865542,45.58276662264122,20.725387993594225,0.4354547266666667,0.4595942095942096,0.009009009009009,0.5313967813967814,3,0.4354547266666667,0.4595942095942096,0.009009009009009,0.5313967813967814
2001-07-01,9.196022727,3.268184788982209,7.236183933812379,9.88213791854793,8.655032001233254,-8.622024150749596,38.40529447470063,19.994097300266244,0.416601758,0.4889734210249278,0.0679639260273011,0.4395538810179465,5,0.416601758,0.4889734210249278,0.0679639260273011,0.4395538810179465
2001-08-01,9.264204545,3.11044136904064,7.400006654784441,9.784558406306676,7.508969461597692,-3.5006026225951947,28.56569975048351,15.79156845617964,0.40170781600000005,0.5320594220594221,0.11538868538868537,0.34599104599104596,5,0.40170781600000005,0.5320594220594221,0.11538868538868537,0.34599104599104596
2001-09-01,9.23046875,3.11044136904064,6.965171618466992,9.472740216228924,11.640447270074162,-14.299049931047758,26.34893244154448,12.054296334086343,0.30587839250000004,0.4079881676274711,0.10633834794282553,0.4825870646766169,4,0.30587839250000004,0.4079881676274711,0.10633834794282553,0.4825870646766169
2001-10-01,8.984375,3.11044136904064,6.838448500679628,8.745577763412848,5.269903711920354,-12.68009688244045,3.6480656402308576,7.539927872759877,0.31119912,0.4109436819064547,0.08443994601889335,0.49813863928112967,4,0.31119912,0.4109436819064547,0.08443994601889335,0.49813863928112967
2001-11-01,8.689144737,3.348573566297075,6.0963647176983216,6.46288663678245,0.3573583566828242,-7.311718699020253,-4.653690721668169,4.494482854231818,0.501076655,0.5482603815937148,0.0061728395061728,0.43939393939393934,2,0.501076655,0.5482603815937148,0.0061728395061728,0.43939393939393934
2001-12-01,8.851102941,3.348573566297075,5.048544213043327,4.663214111206626,3.160313870463449,-17.191585997204772,-13.24763867401353,3.7933788478670127,0.30017028,0.4224386724386724,0.1576479076479076,0.408008658008658,2,0.30017028,0.4224386724386724,0.1576479076479076,0.408008658008658
2002-01-01,7.811079545,3.348573566297075,4.52793343618223,5.410122907630388,-2.568322651992627,-21.75653335612121,7.624421474783172,0.8640678340961383,0.27104983,0.4583333333333333,0.1458333333333333,0.3541666666666667,1,0.27104983,0.4583333333333333,0.1458333333333333,0.3541666666666667
2002-02-01,7.498355263,3.876541250939902,3.714286006354373,5.484146477856311,-8.365021407026651,-7.66883107735744,-30.090635243492397,6.195905566873061,,,,,0,0.27104983,0.4583333333333333,0.1458333333333333,0.3541666666666667
2002-03-01,6.990811765,3.876541250939902,3.2288730748268435,5.097706325200835,-5.462966143458625,-0.2912023270301489,-0.5219607325367859,5.361828438726524,0.12149112399999999,0.2869841242519694,0.17547090784951602,0.5344868639229794,3,0.12149112399999999,0.2869841242519694,0.17547090784951602,0.5344868639229794
2002-04-01,6.970240476,3.876541250939902,3.510433465875984,5.962517286155,-11.063464441124548,4.486679912980152,6.504537568496249,1.597679334670099,0.6379587,0.6756813417190776,0.0,0.3243186582809224,3,0.6379587,0.6756813417190776,0.0,0.3243186582809224
2002-05-01,7.076706818,3.660184710781933,3.503792985861032,5.917157655588068,13.043477907677191,24.10843211313176,12.535607228123324,-1.386229240609993,0.3019109525,0.3870222431077694,0.0633067042606516,0.5496710526315789,4,0.3019109525,0.3870222431077694,0.0633067042606516,0.5496710526315789
2002-06-01,7.125002778,3.660184710781933,3.497161419107053,5.625527010503362,4.566640712562586,10.817769487214155,-1.057510019620933,-2.100635615039792,,,,,0,0.3019109525,0.3870222431077694,0.0633067042606516,0.5496710526315789
2002-07-01,7.110130952,3.660184710781933,2.905337379606609,4.207919171054142,2.123894333825338,11.298036736602835,3.370966731434377,-4.937349051866313,0.612129736,0.6414400990545815,0.00488458674609082,0.3511436686297073,5,0.612129736,0.6414400990545815,0.00488458674609082,0.3511436686297073
2002-08-01,7.09375,2.676963822642753,2.6070737664841026,3.761246953647168,2.7255626909282515,18.121494597764464,5.558616796532268,-0.3743284649217915,0.3414663766666666,0.41726791726791723,0.07359307359307357,0.5015632515632515,3,0.3414663766666666,0.41726791726791723,0.07359307359307357,0.5015632515632515
2002-09-01,7.0484375,2.676963822642753,2.976744189688896,4.081635438879649,-2.5086511728373173,15.67317154768586,17.23460643447423,1.7157849971182415,0.4394714066666667,0.47648993401420586,0.03649445214979193,0.46772597682791855,3,0.4394714066666667,0.47648993401420586,0.03649445214979193,0.46772597682791855
2002-10-01,7.051136364,2.676963822642753,2.690167104467056,3.7368016497975054,7.602862642897534,18.834247437721928,17.890488111246338,2.268655003626918,0.37881423000000003,0.4351851851851851,0.0185185185185185,0.5462962962962963,2,0.37881423000000003,0.4351851851851851,0.0185185185185185,0.5462962962962963
2002-11-01,7.0625,4.565112658803661,2.5949928678218326,4.840030323064792,9.833189953924904,5.476621677691629,18.57876672667116,2.5356951958275253,0.387455295,0.44690372520561195,0.0378265602322206,0.5152697145621673,4,0.387455295,0.44690372520561195,0.0378265602322206,0.5152697145621673
2002-12-01,7.080882353,4.565112658803661,2.402959668546512,5.198023426519383,9.52805276343016,21.019577797246946,45.18335742686408,3.3415859155828898,0.516604925,0.5431034482758621,0.0172413793103448,0.4396551724137931,2,0.516604925,0.5431034482758621,0.0172413793103448,0.4396551724137931
2003-01-01,7.067434211,4.565112658803661,2.488482048024898,6.456956389516111,10.654206930231114,14.024248964390496,18.836364165059493,4.189518599697828,,,,,0,0.516604925,0.5431034482758621,0.0172413793103448,0.4396551724137931
2003-02-01,7.060855263,4.618476885401868,2.7548235241004804,6.255075313279557,14.834025365274496,8.32099867610967,56.76668315036557,5.446696881619895,,,,,0,0.516604925,0.5431034482758621,0.0172413793103448,0.4396551724137931
2003-03-01,7.117564286,4.618476885401868,3.2198689804313174,6.467255045941678,11.165525103959917,11.927679384445431,37.38294592857088,6.902441699788597,,,,,0,0.516604925,0.5431034482758621,0.0172413793103448,0.4396551724137931
2003-04-01,7.19065,4.618476885401868,3.0247485441522226,5.546626368798857,21.69720354439466,17.260294984211466,28.342995841626077,3.568737521129739,,,,,0,0.516604925,0.5431034482758621,0.0172413793103448,0.4396551724137931
2003-05-01,7.121875,4.388969046672586,3.293687418593083,4.30965827213412,2.504476584863391,2.574832401994676,3.050062260426856,5.355075781482355,,,,,0,0.516604925,0.5431034482758621,0.0172413793103448,0.4396551724137931
2003-06-01,7.06719,4.388969046672586,3.37899835982467,4.292529123709965,8.734401460796626,2.117225701143366,29.11579246965097,5.937186430732111,0.4950566,0.5517241379310345,0.0,0.4482758620689655,1,0.4950566,0.5517241379310345,0.0,0.4482758620689655
2003-07-01,6.842391304,4.388969046672586,3.916214039232857,4.196363699529537,5.1126459303050265,10.3953158695292,11.284470027193615,6.161531149234056,0.430297477,0.4842555686113821,0.04314612317303869,0.4725983082155791,10,0.430297477,0.4842555686113821,0.04314612317303869,0.4725983082155791
2003-08-01,6.8265625,5.521910708229916,3.720505801367713,4.097708736870631,13.815187436131282,-0.8622016936104648,16.24142185576394,6.175068980769649,0.356971545,0.39769900497512434,0.05223880597014925,0.5500621890547264,2,0.356971545,0.39769900497512434,0.05223880597014925,0.5500621890547264
2003-09-01,6.941761364,5.521910708229916,3.4327064636638926,4.2352954260806985,9.228034379888127,5.168255459793891,5.151139047568254,5.552089404173133,0.396272724,0.40936215593473657,0.0237140366172624,0.566923807448001,5,0.396272724,0.40936215593473657,0.0237140366172624,0.566923807448001
2003-10-01,6.821022727,5.521910708229916,3.6133723230998616,4.150351017077592,2.4106407507130667,10.854814990365336,7.947059179340643,3.865280082465428,,,,,0,0.396272724,0.40936215593473657,0.0237140366172624,0.566923807448001
2003-11-01,6.817565789,5.736621674406028,3.6133723230998616,4.538341384664779,-0.2398098244593249,14.335634942241173,19.86197034196484,3.871054497589865,0.466748205,0.521395661581045,0.04093613253159787,0.42661317103996454,6,0.466748205,0.521395661581045,0.04093613253159787,0.42661317103996454
2003-12-01,6.970394737,5.736621674406028,3.880867164865887,5.568628199832348,-0.731709153135407,3.2934783737816664,17.404645021277144,3.5980077040334013,0.34365872000000003,0.4627777777777778,0.07675925925925924,0.44657407407407407,3,0.34365872000000003,0.4627777777777778,0.07675925925925924,0.44657407407407407
2004-01-01,6.840625,5.736621674406028,3.866901515158117,5.676515553163775,1.182434469810545,13.006197128627628,29.209161903201995,3.664062281217628,0.49795833333333334,0.5513270355375618,0.04444444444444443,0.40422852001799364,3,0.49795833333333334,0.5513270355375618,0.04444444444444443,0.40422852001799364
2004-02-01,6.875,7.176266346015892,4.110806200417261,4.740061938781648,10.027101549426408,8.036833919353704,14.819833670914996,3.688844505957501,0.4846376,0.5508234688625836,0.0396294390118373,0.40092640247040656,2,0.4846376,0.5508234688625836,0.0396294390118373,0.40092640247040656
2004-03-01,7.088315217,7.176266346015892,4.010695182150337,5.011388989467491,8.458144946417278,11.7503675280598,13.736285210478584,3.1361586723963164,0.5002074216666667,0.5706954605845088,0.046460609576605305,0.38284392983888577,6,0.5002074216666667,0.5706954605845088,0.046460609576605305,0.38284392983888577
2004-04-01,7.205882353,7.176266346015892,4.181499674505962,6.5498858573894925,1.4263062428628626,10.97849542935585,9.66232138635359,5.8649754965719225,0.22659600959999998,0.2995787041544163,0.09664225030341969,0.5781412929898687,5,0.22659600959999998,0.2995787041544163,0.09664225030341969,0.5781412929898687
2004-05-01,7.151713158,7.492913156741743,4.251547957244495,7.804128427478996,8.551482013593613,16.14587344078542,16.442937253909594,6.357515119369461,0.4849215566666667,0.5460977118119975,0.040816326530612235,0.397934446505875,3,0.4849215566666667,0.5460977118119975,0.040816326530612235,0.397934446505875
2004-06-01,7.230654762,7.492913156741743,4.5052981476121134,8.307925091033109,6.065568782936381,22.765531799672445,5.471376602254408,4.842054154028896,0.44175419375,0.5163560518547041,0.057020062437634786,0.42460775667540296,8,0.44175419375,0.5163560518547041,0.057020062437634786,0.42460775667540296
2004-07-01,7.154829545,7.492913156741743,5.433832353332857,9.270508985229077,12.44847525432906,13.70453343736344,24.778872786850247,4.168202768028984,0.5091934481818181,0.6015326663616127,0.06774348979879209,0.3307238438395951,11,0.5091934481818181,0.6015326663616127,0.06774348979879209,0.3307238438395951
2004-08-01,7.151928571,6.253248794458721,6.561680572943618,9.538228637683876,6.430869828489483,7.513594861536399,12.071174657990834,1.5327451912478862,0.51691069,0.5822981366459627,0.0741459627329192,0.34355590062111796,2,0.51691069,0.5822981366459627,0.0741459627329192,0.34355590062111796
2004-09-01,7.017647727,6.253248794458721,6.812220058995311,9.857029525386318,3.655565714890252,15.929325977973452,11.40537439745719,2.1621340303357828,,,,,0,0.51691069,0.5822981366459627,0.0741459627329192,0.34355590062111796
2004-10-01,7.0,6.253248794458721,7.236266386159351,9.92481593490262,11.282470659394562,10.992583351953588,19.52956879314636,2.5285215261440674,0.4396967033333334,0.5078909612625538,0.0743011173427242,0.4137428807443155,3,0.4396967033333334,0.5078909612625538,0.0743011173427242,0.4137428807443155
2004-11-01,7.118578947,5.506308041256292,7.672189032426591,10.404197264124315,13.782058493349169,15.163332983579348,20.78227886248172,1.7161503482678864,0.57194238,0.6415343915343915,0.04029304029304027,0.3145095645095645,3,0.57194238,0.6415343915343915,0.04029304029304027,0.3145095645095645
2004-12-01,7.046877778,5.506308041256292,8.16681190198314,9.58395313594862,14.905820964341345,21.363534633073144,4.81197180253119,1.3305558113271498,,,,,0,0.57194238,0.6415343915343915,0.04029304029304027,0.3145095645095645
2005-01-01,7.023809524,5.506308041256292,8.571434090016506,9.492276142700806,14.02337437234693,4.574181138396716,-0.6584950524440969,0.4323921114394835,0.42598995,0.5042625628339914,0.06187193758622329,0.42226598798027365,7,0.42598995,0.5042625628339914,0.06187193758622329,0.42226598798027365
2005-02-01,7.110197368,5.020577912012536,8.412020245468256,10.364965387670754,3.625422122436217,15.967130458400725,0.876920909304979,-2.2413880498158845,0.42765873800000004,0.5094451427854926,0.0781720740206681,0.3973857872793956,5,0.42765873800000004,0.5094451427854926,0.0781720740206681,0.3973857872793956
2005-03-01,7.096875,5.020577912012536,8.48328831410672,10.267536140772716,4.512593767016204,-2.5507132718571968,-5.422093874365929,-3.3083777424444683,0.487935,0.6376811594202898,0.1304347826086956,0.217391304347826,1,0.487935,0.6376811594202898,0.1304347826086956,0.217391304347826
2005-04-01,7.3203125,5.020577912012536,8.454310197419822,10.721938765346328,4.739498368566641,-6.080189036269457,-5.595919048611975,-2.52600080679436,,,,,0,0.487935,0.6376811594202898,0.1304347826086956,0.217391304347826
2005-05-01,7.194068421,5.657725392187696,8.496176892147055,11.426551534082318,11.541370857159984,5.908023514886729,6.28739172850703,-2.6935207831276786,,,,,0,0.487935,0.6376811594202898,0.1304347826086956,0.217391304347826
2005-06-01,7.228829545,5.657725392187696,8.45308556715041,10.767067181517875,10.816908767954716,-1.5603375100964323,3.149623026506632,-1.4392661956163733,,,,,0,0.487935,0.6376811594202898,0.1304347826086956,0.217391304347826
2005-07-01,7.323115789,5.657725392187696,7.564415656411949,10.848405645509906,5.759579196314113,-0.1151970265224733,9.947636168450202,0.0955676870084687,0.4656549,0.5662650602409639,0.072289156626506,0.3493975903614458,1,0.4656549,0.5662650602409639,0.072289156626506,0.3493975903614458
2005-08-01,7.209635417,4.379516389521343,7.142857389703528,11.402909185678634,11.20329319050979,12.769479825614097,2.001757415344474,0.2114701555659959,0.5838574,0.6575342465753424,0.0410958904109589,0.2876712328767123,1,0.5838574,0.6575342465753424,0.0410958904109589,0.2876712328767123
2005-09-01,7.355113636,4.379516389521343,7.195423777563503,12.05479534058611,17.577049164380696,2.63385575109285,15.180540551531196,-0.1013997040487102,0.4379524,0.5352112676056338,0.0704225352112676,0.380281690140845,1,0.4379524,0.5352112676056338,0.0704225352112676,0.380281690140845
2005-10-01,7.6984375,4.379516389521343,6.9918730820864194,12.380304013896492,9.784631496022133,0.7407999821733124,13.405983359546504,-1.124800324551889,,,,,0,0.4379524,0.5352112676056338,0.0704225352112676,0.380281690140845
2005-11-01,7.922763158,4.724401633528341,7.044534499887289,11.864404576338284,13.960101016501758,-4.4183179784966775,2.4023688659770226,-3.1275026422296404,0.40182269083333333,0.4779663221595845,0.05964518801398231,0.4598243872623305,6,0.40182269083333333,0.4779663221595845,0.05964518801398231,0.4598243872623305
2005-12-01,7.763888889,4.724401633528341,7.068268619800988,11.796605594778663,12.529444345100238,-4.575884214240533,5.2356372168839815,-4.576279231200453,0.08798105,0.2307692307692307,0.1538461538461538,0.6153846153846154,1,0.08798105,0.2307692307692307,0.1538461538461538,0.6153846153846154
2006-01-01,7.734375,4.724401633528341,6.618817785216091,11.693543783216189,15.410458381278836,11.109375969386658,22.649109203144647,-5.6468876314908485,0.567716272,0.6340186636760207,0.048025642462274,0.30705325848145726,5,0.567716272,0.6340186636760207,0.048025642462274,0.30705325848145726
2006-02-01,8.1234375,4.501927238963188,7.142334501023817,11.24338333906385,9.433975205014187,-4.822677663646302,-0.1018960714560979,-5.465949201295828,0.670037825,0.7558189655172414,0.04698275862068965,0.19094827586206894,2,0.670037825,0.7558189655172414,0.04698275862068965,0.19094827586206894
2006-03-01,7.919836957,4.501927238963188,7.651158671397762,11.213114102180398,7.917797424899109,8.609908568747816,0.5309576656979731,-5.917110805106695,0.4587022714285714,0.5145089932958234,0.04323112162921282,0.4367862018533706,7,0.4587022714285714,0.5145089932958234,0.04323112162921282,0.4367862018533706
2006-04-01,7.923611111,4.501927238963188,7.637939730366039,9.6836681688359,13.282480366496353,18.789553579487173,3.7606279912451024,-5.747730616624091,,,,,0,0.4587022714285714,0.5145089932958234,0.04323112162921282,0.4367862018533706
2006-05-01,7.948863636,5.919076820269731,7.263956521511261,9.49044252938236,1.704418740578317,13.796504341830309,1.4021724870412866,-4.073937967439301,0.48733312666666667,0.5683249218937756,0.050735667174023336,0.3735320035247937,3,0.48733312666666667,0.5683249218937756,0.050735667174023336,0.3735320035247937
2006-06-01,8.050597619,5.919076820269731,6.9773689052075705,10.35578241777566,4.799717390058378,12.591207563869444,12.377139854426677,-3.665124788571184,0.3666201275,0.41588969404186793,0.04608961640211639,0.5300859069473199,8,0.3666201275,0.41588969404186793,0.04608961640211639,0.5300859069473199
2006-07-01,8.0703125,5.919076820269731,6.600988338349145,10.037645689248208,3.0568603248781523,16.018309660778264,3.628912433917297,-6.443215215458298,,,,,0,0.3666201275,0.41588969404186793,0.04608961640211639,0.5300859069473199
2006-08-01,8.110795455,4.702968714051847,6.125241240184054,10.04962523983406,-1.282535074143143,5.40872615296768,7.437799447303561,-8.204358485222773,0.47122657,0.53125,0.03125,0.4375,1,0.47122657,0.53125,0.03125,0.4375
2006-09-01,8.151315789,4.702968714051847,5.955192529810849,8.618581222345378,-0.9233684634701312,11.285163580009703,5.61087387992909,-10.248152751016804,,,,,0,0.47122657,0.53125,0.03125,0.4375
2006-10-01,8.065478571,4.702968714051847,5.5526245754972114,6.208152992778504,-2.071478712708208,1.7679018039217675,-9.961817177552213,-10.23896243461946,,,,,0,0.47122657,0.53125,0.03125,0.4375
2006-11-01,7.311014286,6.012351501971014,5.282258520929739,4.969697936054462,-4.451669179060202,3.805327974043848,1.2733107125846743,-8.645711733539652,0.5741775,0.6107994389901823,0.0144927536231884,0.37470780738662923,2,0.5741775,0.6107994389901823,0.0144927536231884,0.37470780738662923
2006-12-01,7.647569444,6.012351501971014,4.620423127192574,4.912066868787601,-0.3352751896474215,1.2357893812787737,3.72074502299784,-7.731047764715759,0.38066006999999996,0.4159764872808351,0.04766088983480282,0.5312344177561569,5,0.38066006999999996,0.4159764872808351,0.04766088983480282,0.5312344177561569
2007-01-01,7.644886364,6.012351501971014,4.410595358474989,4.813473219162567,-2.168626650989647,-10.902544007394075,-8.25030159789586,-7.037285640609669,0.6935496,0.746031746031746,0.0158730158730158,0.238095238095238,1,0.6935496,0.746031746031746,0.0158730158730158,0.238095238095238
2007-02-01,7.5734375,6.164153381002713,3.771670389402848,3.0321035355970416,-0.5344777661172584,11.807024635017791,-1.984195293272473,-6.629992589276068,0.613378416,0.6641487573522787,0.02911247538515,0.3026150559223651,5,0.613378416,0.6641487573522787,0.02911247538515,0.3026150559223651
2007-03-01,7.920454545,6.164153381002713,2.9352226314264263,2.0047161998056007,-10.35840155962282,0.814220222640083,0.911124251863682,-5.274781541063978,0.45843745333333336,0.5184326864907627,0.039669908635425834,0.44189740487381135,3,0.45843745333333336,0.5184326864907627,0.039669908635425834,0.44189740487381135
2007-04-01,7.994791667,6.164153381002713,2.623616671506324,2.5897615324710355,-5.74098114729058,3.029610733965038,2.385678087060028,-6.887260336948053,0.420575705,0.4472148541114058,0.01538461538461535,0.5124668435013262,2,0.420575705,0.4472148541114058,0.01538461538461535,0.5124668435013262
2007-05-01,7.691964286,6.842205770910503,2.618333868413103,2.675972066213728,-4.27233687311579,-1.9806517679545557,-8.57722423832602,-10.192610493796272,0.5364527,0.5555555555555556,0.037037037037037,0.4074074074074074,1,0.5364527,0.5555555555555556,0.037037037037037,0.4074074074074074
2007-06-01,7.41875,6.842205770910503,2.6130569291862304,2.072533027450429,-8.427342386991088,-4.468239388547768,-13.32070005221756,-13.162068100583236,0.46930672199999995,0.5126546855161013,0.030158243219060743,0.457187071264838,5,0.46930672199999995,0.5126546855161013,0.030158243219060743,0.457187071264838
2007-07-01,7.242052273,6.842205770910503,2.699993837591652,1.482325830556941,-4.023090803438024,-11.035876654805698,-9.80165558494649,-12.925227664834072,0.4351179157142857,0.4622675448375527,0.02735933088462738,0.5001310931152221,14,0.4351179157142857,0.4622675448375527,0.02735933088462738,0.5001310931152221
2007-08-01,6.72172619,6.546757446526019,2.8884460365354414,0.8455411921989286,0.124797771408569,-6.36665376895359,-0.3752037427269594,-10.295708580071029,0.4169464533333333,0.451207729468599,0.029468599033816396,0.5157004830917874,3,0.4169464533333333,0.451207729468599,0.029468599033816396,0.5157004830917874
2007-09-01,6.5968775,6.546757446526019,2.681226974902784,0.7315705956923546,-2.4416605844187256,-12.994769652442429,-8.055552610324046,-8.471543603276043,0.49883264,0.5535714285714286,0.0892857142857142,0.3571428571428571,1,0.49883264,0.5535714285714286,0.0892857142857142,0.3571428571428571
2007-10-01,6.397321429,6.546757446526019,2.879841094159441,3.381087003488248,-3.419050723963757,-3.738411184365032,-0.348426938704971,-11.246190766417785,0.22700909,0.4285714285714285,0.2095238095238095,0.3523809523809524,1,0.22700909,0.4285714285714285,0.2095238095238095,0.3523809523809524
2007-11-01,6.434210526,6.502260762786927,2.874132617428482,5.542719575141319,-3.2960275709338127,-1.6494269981483178,-2.6081367172282266,-13.293220756244818,,,,,0,0.22700909,0.4285714285714285,0.2095238095238095,0.3523809523809524
2007-12-01,6.314236111,6.502260762786927,3.0662754267547943,7.167629820906973,-6.134747258787043,-14.5840528597192,-2.3530116828105574,-15.6146746540342,,,,,0,0.22700909,0.4285714285714285,0.2095238095238095,0.3523809523809524
2008-01-01,5.829545455,6.502260762786927,3.754939218725273,6.773828996096021,2.6097187843168834,2.3648094286141896,0.8499965860246927,-16.30652857733611,0.427993152,0.5178021732528715,0.08233053870312156,0.3835234274500693,5,0.427993152,0.5178021732528715,0.08233053870312156,0.3835234274500693
2008-02-01,5.321875,4.16965938296876,4.61689124993121,7.963072386044345,-3.009036262152054,-11.358365417506157,7.0281177248817,-15.93640938088746,0.2831793175,0.4932616047564501,0.21958462881143292,0.279576446844488,4,0.2831793175,0.4932616047564501,0.21958462881143292,0.279576446844488
2008-03-01,5.189144737,4.16965938296876,5.113075075818263,8.55491912334534,7.455261679453851,-7.085763102954379,2.330598749656088,-14.9737717096592,0.570390135,0.5892857142857143,0.0,0.4107142857142857,2,0.570390135,0.5892857142857143,0.0,0.4107142857142857
2008-04-01,5.15625,4.16965938296876,5.899710781091483,10.728634876764875,-4.488518003063291,-20.140290720585853,-4.2964914717741,-12.55241777288606,,,,,0,0.570390135,0.5892857142857143,0.0,0.4107142857142857
2008-05-01,5.139883333,4.773042383055803,7.262012343110546,11.444760784213548,7.182838328421437,-8.130910369638078,-2.07818141361501,-8.356855935884289,0.32465465,0.40032679738562094,0.057189542483660094,0.542483660130719,2,0.32465465,0.40032679738562094,0.057189542483660094,0.542483660130719
2008-06-01,5.3671875,4.773042383055803,8.32517906550978,14.551609032335168,8.668533836746107,-6.048949026564854,2.050389728501778,-4.071910511555976,,,,,0,0.32465465,0.40032679738562094,0.057189542483660094,0.542483660130719
2008-07-01,5.675,4.773042383055803,9.444985918006378,19.26965416458341,7.686421942014721,4.776408829959489,8.521983374933239,-1.465925932856471,0.50274589,0.5638024795497675,0.06279470362003889,0.3587068310684243,7,0.50274589,0.5638024795497675,0.06279470362003889,0.3587068310684243
2008-08-01,5.8515625,5.435238743205084,10.164564275909193,21.07322624985164,10.2611026035593,2.9474173404970383,15.009830834287442,-2.597504750478241,0.38493765,0.34664351851851855,0.024884259259259252,0.6284722222222222,2,0.38493765,0.34664351851851855,0.024884259259259252,0.6284722222222222
2008-09-01,5.484379545,5.435238743205084,10.541592158391763,18.6033496214155,6.5502731318809015,3.8878603609168616,-1.453085962585332,1.2156072976836851,0.32199266,0.4517985497609322,0.1186650992685475,0.4119308286628036,3,0.32199266,0.4517985497609322,0.1186650992685475,0.4119308286628036
2008-10-01,5.534090909,5.435238743205084,10.13513222952036,15.07760037512369,14.519234305973349,2.867455129706053,4.695278423427385,8.212974521856943,0.420532075,0.4888778978519023,0.06782356194690264,0.441345415201195,4,0.420532075,0.4888778978519023,0.06782356194690264,0.441345415201195
2008-11-01,5.7140625,3.1436274968777544,9.730247330960127,9.135667966537376,10.505430246480609,-7.106364508432506,-3.576427076330002,13.810494011337893,0.31150019500000004,0.4113095238095238,0.07797619047619045,0.46785714285714286,2,0.31150019500000004,0.4113095238095238,0.07797619047619045,0.46785714285714286
2008-12-01,5.793269231,3.1436274968777544,9.021107310965792,4.422870479400953,-0.1670807319116174,0.8847414935461817,-21.947328683867863,15.215397339016713,0.37370884,0.5057471264367817,0.1149425287356321,0.3793103448275862,1,0.37370884,0.5057471264367817,0.1149425287356321,0.3793103448275862
2009-01-01,5.4828125,3.1436274968777544,7.714283293881685,1.7741909189791016,-10.121283770492006,-31.254669673347944,-23.970887569736263,15.313511088805942,0.31725064166666667,0.42315594378154026,0.11479684054508581,0.4373014681913893,6,0.31725064166666667,0.42315594378154026,0.11479684054508581,0.4373014681913893
2009-02-01,5.219791667,1.1172643634175916,7.042258666405132,-0.6413668892901625,-26.560740367271187,-31.40493826908665,-24.409244775039785,16.998433777301326,0.2627344,0.4061333549750282,0.13921127236607428,0.44002085545932107,5,0.2627344,0.4061333549750282,0.13921127236607428,0.44002085545932107
2009-03-01,4.89732381,1.1172643634175916,7.202992844343203,-1.4377024759581247,-23.172654863478147,-28.545490297558292,-20.138378665160594,17.46730505251566,0.27546043571428575,0.3866649068118417,0.10743849674180206,0.494744772130076,7,0.27546043571428575,0.3866649068118417,0.10743849674180206,0.494744772130076
2009-04-01,4.724264706,1.1172643634175916,6.499528760244844,-4.455959567975166,-15.044255080475244,-18.967234644572173,-25.271150841929146,15.296557732888829,0.3506164,0.488,0.136,0.36,1,0.3506164,0.488,0.136,0.36
2009-05-01,4.572434211,1.892132572048033,5.580975953435208,-5.388915330162581,-20.755687918392475,-25.40011515992483,-27.53854139088781,10.773863105353133,0.519569335,0.6158403026682596,0.0790023894862604,0.29495221027479085,2,0.519569335,0.6158403026682596,0.0790023894862604,0.29495221027479085
2009-06-01,4.329166667,1.892132572048033,4.43038078582545,-7.336285297262524,-15.52707507410772,-19.189726849393907,-16.275817301928274,8.18584167153682,0.34146765,0.3333333333333333,0.037037037037037,0.6296296296296297,1,0.34146765,0.3333333333333333,0.037037037037037,0.6296296296296297
2009-07-01,4.244485294,1.892132572048033,3.113881218403769,-8.761183177636722,-15.985139670004,-18.641880660724887,-16.576563356606943,7.0952055814637705,0.440748292,0.46522020701253747,0.029547220138367903,0.49291115916233963,5,0.440748292,0.46522020701253747,0.029547220138367903,0.49291115916233963
2009-08-01,4.112980769,0.9278771365438754,2.108962737351505,-11.172664837934764,-17.360732557399704,-19.97901222614268,-26.64653851549247,7.3172865944795,0.5119236,0.6052631578947368,0.0701754385964912,0.3070175438596491,1,0.5119236,0.6052631578947368,0.0701754385964912,0.3070175438596491
2009-09-01,4.13334,0.9278771365438754,1.7497825339386042,-8.384358377040558,-13.632671489119396,-15.298539334765382,-23.15429434413193,3.0993867969069555,0.51365653,0.5606060606060606,0.0495337995337995,0.3834498834498834,2,0.51365653,0.5606060606060606,0.0495337995337995,0.3834498834498834
2009-10-01,4.033653846,0.9278771365438754,2.191062131564148,-6.406552182857195,-12.994719136374576,-15.894564439207192,-22.874281047421963,-2.4444539091671658,0.33815383499999996,0.4505164781111657,0.09001475651746185,0.44894244958189866,2,0.33815383499999996,0.4505164781111657,0.09001475651746185,0.44894244958189866
2009-11-01,4.4375,1.783836386785098,2.8094783477399243,-1.6040058740302232,-10.279141927606917,-8.364932132008363,-18.856044509040505,-4.378827694289056,0.27561821,0.39903846153846145,0.12019230769230765,0.47115384615384615,2,0.27561821,0.39903846153846145,0.12019230769230765,0.47115384615384615
2009-12-01,4.191673333,1.783836386785098,3.60915955347092,2.634296494531796,2.259253827225849,1.2889997978373202,0.3727093694289918,-3.478967182462611,0.513543125,0.5600358422939069,0.00806451612903225,0.41338112305854235,2,0.513543125,0.5600358422939069,0.00806451612903225,0.41338112305854235
2010-01-01,4.156266667,1.783836386785098,4.509289151246088,5.652403712886445,9.683607908588598,20.01128377762649,15.26210652330715,-2.498668104301993,0.414516985,0.4409722222222222,0.0345486111111111,0.5244791666666666,2,0.414516985,0.4409722222222222,0.0345486111111111,0.5244791666666666
2010-02-01,4.12918,8.120344703950334,3.947361746880596,8.337817786239142,35.63521373626863,38.83308268361765,28.485254698468832,-2.675133000101926,,,,,0,0.414516985,0.4409722222222222,0.0345486111111111,0.5244791666666666
2010-03-01,4.130225,8.120344703950334,3.926704529622072,8.806050667527732,30.10303346637253,38.24092582174039,23.90883036781868,-5.603955273481153,0.1416588,0.2638888888888889,0.1111111111111111,0.625,1,0.1416588,0.2638888888888889,0.1111111111111111,0.625
2010-04-01,4.226570833,8.120344703950334,4.010466881980745,9.652923893501896,23.59151943220945,35.699098048249375,31.42377135802046,-7.445470760189332,,,,,0,0.1416588,0.2638888888888889,0.1111111111111111,0.625
2010-05-01,4.218754545,7.974927709201984,3.986130539662347,9.02739815192346,24.32993057350492,19.39142365654281,38.49951677393826,-4.054874704423117,0.43664196,0.4369588744588744,0.0170454545454545,0.5403138528138528,2,0.43664196,0.4369588744588744,0.0170454545454545,0.5403138528138528
2010-06-01,4.078125,7.974927709201984,3.722941162196292,7.226351854563706,19.254617194106928,31.91280794586122,27.797505233707053,-3.34532127382301,0.48222312999999994,0.488953488372093,0.0083333333333333,0.4860465116279069,2,0.48222312999999994,0.488953488372093,0.0083333333333333,0.4860465116279069
2010-07-01,4.183042857,7.974927709201984,3.710093782670576,3.923591247510005,17.9221388121793,29.32812356471417,-0.5306839986185197,-3.792064289301911,0.41171042142857145,0.43245982304080893,0.032248205349311956,0.5180302664583348,7,0.41171042142857145,0.43245982304080893,0.032248205349311956,0.5180302664583348
2010-08-01,4.082409091,7.069162795475603,3.700515356750933,4.209978263764369,15.11153604717197,30.697336155136323,11.919873440418582,-6.183972943769067,0.4480182625,0.5023485820982612,0.054272398784593875,0.4387493894875153,4,0.4480182625,0.5023485820982612,0.054272398784593875,0.4387493894875153
2010-09-01,4.200673684,7.069162795475603,4.0412699133195895,3.650381572265715,16.355500803718193,28.74805854755429,15.517231958533406,-7.947197790860095,,,,,0,0.4480182625,0.5023485820982612,0.054272398784593875,0.4387493894875153
2010-10-01,4.14376,7.069162795475603,3.8593510572753953,3.5512111790280354,7.654632971743136,35.1297882046409,15.29212805123368,-7.270608734797102,0.48668963,0.5121951219512195,0.024390243902439,0.4634146341463415,1,0.48668963,0.5121951219512195,0.024390243902439,0.4634146341463415
2010-11-01,4.25,6.29893204123626,3.330487395441506,3.4640841390897403,9.506803566945244,18.25543543481032,19.20081736120305,-7.527953841471002,0.2704805,0.4305555555555556,0.1388888888888889,0.4027777777777778,1,0.2704805,0.4305555555555556,0.1388888888888889,0.4027777777777778
2010-12-01,4.25,6.29893204123626,3.6533549743636975,4.428791903894669,8.593549855645644,3.289741298694615,25.597560074548632,-5.31289682539674,,,,,0,0.2704805,0.4305555555555556,0.1388888888888889,0.4027777777777778
2011-01-01,4.239583333,6.29893204123626,3.637900839095254,5.09999804019623,8.891908391171931,19.90062958216976,19.1790883186393,-4.03108031661329,0.5291107,0.6086956521739131,0.052536231884057955,0.3278985507246377,2,0.5291107,0.6086956521739131,0.052536231884057955,0.3278985507246377
2011-02-01,4.238489474,4.827020969669649,4.050632331187742,6.703073968806628,11.551255553064088,7.344203557060624,18.093416460462784,-5.632498121420982,,,,,0,0.5291107,0.6086956521739131,0.052536231884057955,0.3278985507246377
2011-03-01,4.290782609,4.827020969669649,4.7019363529990255,8.689174387733601,10.891536244700184,3.865345954603394,17.865832076631616,-4.867419399910922,,,,,0,0.5291107,0.6086956521739131,0.052536231884057955,0.3278985507246377
2011-04-01,4.473705263,4.827020969669649,4.777868829690424,9.49554849680101,9.47562094813248,-0.8389415546487422,16.032933998024014,-3.106715964642326,,,,,0,0.5291107,0.6086956521739131,0.052536231884057955,0.3278985507246377
2011-05-01,4.707257895,3.5603275744885643,4.666671888041396,10.69492916913526,5.198689050785843,15.327797613102124,16.982963908174177,-5.409067036594129,0.5692197,0.6382978723404256,0.0,0.3404255319148936,1,0.5692197,0.6382978723404256,0.0,0.3404255319148936
2011-06-01,4.674128571,3.5603275744885643,5.091816056348764,10.009912144141577,4.444822584713948,-8.122211597814532,-3.8085212681454816,-6.3431146203856485,,,,,0,0.5692197,0.6382978723404256,0.0,0.3404255319148936
2011-07-01,4.654790476,3.5603275744885643,5.241264677341251,9.885746645764629,2.232854045842103,-15.055696882648151,-0.2048482889741465,-7.580937278124599,0.52157235,0.5891534391534392,0.0424603174603174,0.3683862433862434,2,0.52157235,0.5891534391534392,0.0424603174603174,0.3683862433862434
2011-08-01,4.708892105,3.035783400688663,4.979256768669815,9.775559798893152,4.223386232228665,-8.552776474669754,-1.4566062054393702,-6.112040909244144,0.5920864,0.6530612244897959,0.010204081632653,0.3265306122448979,1,0.5920864,0.6530612244897959,0.010204081632653,0.3265306122448979
2011-09-01,4.712505,3.035783400688663,4.710741950898134,8.184528639800725,1.5848154688174576,-17.903653555610155,6.867896940836227,-2.906620913857194,,,,,0,0.5920864,0.6530612244897959,0.010204081632653,0.3265306122448979
2011-10-01,4.680292308,3.035783400688663,4.706851904711207,9.095433638123597,1.9043218787179408,-28.915212567989578,7.724488022177267,0.0149614799435759,0.41574891,0.5258173326414115,0.0928905033731188,0.35313959522573946,2,0.41574891,0.5258173326414115,0.0928905033731188,0.35313959522573946
2011-11-01,4.617803846,4.034919686904992,5.206611847444309,8.222550706114863,-10.26083400199158,-13.289437090832934,2.3690149996727694,-0.4996702345872905,0.6738329,0.7,0.0,0.3,1,0.6738329,0.7,0.0,0.3
2011-12-01,4.699519231,4.034919686904992,4.754098307351695,7.421686371043124,-4.015709170464577,-19.31581122526914,0.7437412535293397,-0.6965767554782953,,,,,0,0.6738329,0.7,0.0,0.3
2012-01-01,4.664616667,4.034919686904992,4.163270057288981,5.804000186597658,-6.375296900431682,-19.37616129241464,-6.938833973410352,-1.2520267007037011,0.485092,0.5633802816901409,0.0704225352112676,0.3380281690140845,1,0.485092,0.5633802816901409,0.0704225352112676,0.3380281690140845
2012-02-01,4.392377778,6.040022677967993,4.05112160998411,3.54231315118374,4.25451596547366,1.536561792399871,-4.482959195068004,-2.3850438418283826,0.20443283,0.3027522935779816,0.110091743119266,0.5871559633027523,1,0.20443283,0.3027522935779816,0.110091743119266,0.5871559633027523
2012-03-01,4.187521053,6.040022677967993,2.9872815236737127,1.6502624231818697,10.160764445939098,10.156410409166284,0.0868231459325796,-1.513549875072151,0.44678403666666666,0.48893916540975363,0.03548085901027077,0.4597069597069597,3,0.44678403666666666,0.48893916540975363,0.03548085901027077,0.4597069597069597
2012-04-01,4.156272222,6.040022677967993,2.948309905337587,0.7038554994738044,13.553320679809168,-2.0967255269665808,-4.618253555434815,-1.249718186215909,,,,,0,0.44678403666666666,0.48893916540975363,0.03548085901027077,0.4597069597069597
2012-05-01,4.09766875,6.219336594064684,3.1816859783408318,-0.8301981431462546,6.143327681620647,6.353505670083259,-14.367760210423253,-0.6475029403208987,0.53669226,0.5681818181818182,0.0227272727272727,0.4090909090909091,1,0.53669226,0.5681818181818182,0.0227272727272727,0.4090909090909091
2012-06-01,4.1187575,6.219336594064684,2.8324740104816337,0.4316804705826849,-1.9254459867264484,19.012190516111826,9.414180654490046,-1.3587169573472837,0.16461912,0.3085106382978723,0.1595744680851064,0.5319148936170213,1,0.16461912,0.3085106382978723,0.1595744680851064,0.5319148936170213
2012-07-01,4.087178947,6.219336594064684,2.756163690099256,1.097291625813246,8.883327366416127,2.7148918082990914,11.541215084016663,-2.1102054197748576,0.42185997,0.45584239130434784,0.031929347826086946,0.5122282608695652,2,0.42185997,0.45584239130434784,0.031929347826086946,0.5122282608695652
2012-08-01,3.8633,7.399509651961789,3.06473912474039,1.8051470757687091,2.5408545512676906,3.92359354929146,-1.0535187249087752,-0.8856346598396625,0.030705137,0.1792452830188679,0.1698113207547169,0.6509433962264151,1,0.030705137,0.1792452830188679,0.1698113207547169,0.6509433962264151
2012-09-01,3.795967647,7.399509651961789,3.723631004359551,2.4320225247410843,2.36260775381818,-9.410593339527418,1.328648251888609,-2.9672689855097745,0.204249205,0.2896551724137931,0.063735632183908,0.624367816091954,2,0.204249205,0.2896551724137931,0.063735632183908,0.624367816091954
2012-10-01,3.803580952,7.399509651961789,3.6418282264095048,1.7786955060773435,8.162760881358011,19.609613205722237,1.5332621256541,-4.601148953459733,0.2583952925,0.3349505125486037,0.07664043459656562,0.5766646201931127,4,0.2583952925,0.3349505125486037,0.07664043459656562,0.5766646201931127
2012-11-01,3.613842857,7.843869981168594,3.234750835401101,1.3354767899514286,17.04639468677098,1.3947518415922566,0.3462533267578394,-4.973753855434737,0.06274874,0.1511627906976744,0.1395348837209302,0.7093023255813954,1,0.06274874,0.1511627906976744,0.1395348837209302,0.7093023255813954
2012-12-01,3.623266667,7.843869981168594,2.830858715804929,-0.3739388261362997,7.862836768175718,1.81545241102814,-1.6157563175500322,-6.052544493174183,0.33814881,0.3897527910685805,0.0490430622009569,0.5612041467304625,2,0.33814881,0.3897527910685805,0.0490430622009569,0.5612041467304625
2013-01-01,3.544283333,7.843869981168594,2.8900591889729377,0.2510486760946895,6.0349585442673215,9.470390452729593,7.462370625313208,-6.624712609797879,0.347741015,0.44837561192701375,0.12053107847500365,0.4310933095979824,2,0.347741015,0.44837561192701375,0.12053107847500365,0.4310933095979824
2013-02-01,3.1652,7.593128949876937,2.8397614746589417,0.7013997785150439,-0.7525398254892401,2.339708491542325,-14.009609438579297,-4.661219856319376,0.2750228,0.3214285714285714,0.0714285714285714,0.6071428571428571,1,0.2750228,0.3214285714285714,0.0714285714285714,0.6071428571428571
2013-03-01,2.860210526,7.593128949876937,2.9382004960514685,0.9017975680822188,-5.976774259632767,-19.483549420375123,-10.187269459251835,-5.00410340788825,0.417191525,0.45707086192850976,0.037069268714998126,0.4963223822449881,4,0.417191525,0.45707086192850976,0.037069268714998126,0.4963223822449881
2013-04-01,2.66877,7.593128949876937,2.7300264279405573,0.6999969999999855,-13.439660643221584,3.1794602606844524,-12.443765706165188,-3.647652900316234,,,,,0,0.417191525,0.45707086192850976,0.037069268714998126,0.4963223822449881
2013-05-01,2.166690476,7.512418484037142,2.2088326392664337,1.1010990770550677,-6.75290669543126,-6.221375767226,3.811702070637368,-3.626208569501166,,,,,0,0.417191525,0.45707086192850976,0.037069268714998126,0.4963223822449881
2013-06-01,2.241794737,7.512418484037142,2.311555341979088,1.199996999999997,1.8931092450449996,0.2909731400544846,-5.648437940186124,0.3050682523235482,0.3540733,0.40714285714285714,0.04999999999999995,0.5357142857142857,2,0.3540733,0.40714285714285714,0.04999999999999995,0.5357142857142857
2013-07-01,2.069321739,7.512418484037142,2.5024994277053736,1.1964077408851193,-7.414098900160171,4.72321579769599,-3.5831059310417634,3.461272675233129,0.39656776428571433,0.4000864848644156,0.03498775146316021,0.5628249233362898,7,0.39656776428571433,0.4000864848644156,0.03498775146316021,0.5628249233362898
2013-08-01,2.042317647,6.708965473955697,2.395215663298278,2.189051741293535,-3.7942838723435615,6.389454540635731,12.676923126934136,4.325654759217934,0.4740588,0.4210526315789473,0.0,0.5789473684210527,1,0.4740588,0.4210526315789473,0.0,0.5789473684210527
2013-09-01,2.010433333,6.708965473955697,1.7821791833839695,1.6966118272438768,-2.927122350702138,35.67812576907736,11.949804565193812,4.98901055909069,0.18834475,0.2087912087912088,0.0329670329670329,0.7582417582417582,1,0.18834475,0.2087912087912088,0.0329670329670329,0.7582417582417582
2013-10-01,2.025319048,6.708965473955697,2.277226441103441,2.1956138381920454,-3.3038980298734644,10.144130002886854,12.527030329192137,4.174307957641754,0.32939858,0.35510041228886813,0.0185529990690251,0.6214922197100679,2,0.32939858,0.35510041228886813,0.0185529990690251,0.6214922197100679
2013-11-01,2.0328325,5.351246094477569,2.3762354282579112,2.2021981541101354,-2.258142508342953,18.741860413182355,-4.370937083232718,5.915161630111188,0.25101647,0.2816901408450704,0.0422535211267605,0.6619718309859155,1,0.25101647,0.2816901408450704,0.0422535211267605,0.6619718309859155
2013-12-01,2.01565,5.351246094477569,2.8712826859773832,3.112448857679695,-5.099327297593237,26.96209133067133,13.830041974966868,7.553775058560896,0.1369038,0.2627551020408163,0.1198979591836734,0.6173469387755102,2,0.1369038,0.2627551020408163,0.1198979591836734,0.6173469387755102
2014-01-01,2.0268,5.351246094477569,3.76610396149073,3.400001999999991,-3.084945765867686,34.528070446561834,10.643636665991371,10.30474577044016,0.258152895,0.4085117918134996,0.15207373271889396,0.4352127947953375,2,0.258152895,0.4085117918134996,0.15207373271889396,0.4352127947953375
2014-02-01,2.021394737,5.698822273565307,3.7475335131887935,3.0845751243781194,3.308251235823501,6.575706183427621,40.290797122352615,10.382386024869517,0.28120601666666667,0.3903565992607088,0.11372037399434658,0.4802457055881713,3,0.28120601666666667,0.3903565992607088,0.11372037399434658,0.4802457055881713
2014-03-01,2.020861905,5.698822273565307,3.641732213036142,3.5749812385794,5.089437888504911,37.084195668711615,13.74125874982013,10.01864152172731,0.26263268,0.3780706931602072,0.12159923055063716,0.49128030253349947,3,0.26263268,0.3780706931602072,0.12159923055063716,0.49128030253349947
2014-04-01,2.019757895,5.698822273565307,3.543306768550303,3.972194755874714,0.0318512685913763,23.27256082896769,21.800608078653028,8.505470324754505,0.17768459,0.2592592592592592,0.0925925925925925,0.6296296296296297,1,0.17768459,0.2592592592592592,0.0925925925925925,0.6296296296296297
2014-05-01,2.010433333,6.936488730880086,3.6345775986174944,3.762379207920796,10.850326874574744,9.729385812011436,12.82881553891768,6.358842731441605,0.30082161,0.38220657276995296,0.08225352112676054,0.522206572769953,2,0.30082161,0.38220657276995296,0.08225352112676054,0.522206572769953
2014-06-01,2.115655,6.936488730880086,4.02750359907067,3.8537560430955455,11.44832744584936,22.747398083278124,2.094012746725582,2.122156637619721,0.5497169,0.6071428571428571,0.0714285714285714,0.3214285714285714,1,0.5497169,0.6071428571428571,0.0714285714285714,0.3214285714285714
2014-07-01,2.269371429,6.936488730880086,3.808601185328331,3.842366502463057,10.116624879691848,24.005542805810222,0.6750515984553784,0.2552232152556843,0.441861795,0.46631965707287204,0.04286589099816285,0.48377219840783825,2,0.441861795,0.46631965707287204,0.04286589099816285,0.48377219840783825
2014-08-01,2.2747,5.935092017294252,4.191029817844449,2.434274657281632,6.02406889288174,11.862603370582756,1.4690240536083587,-0.2202843255879827,0.36622017,0.43306671025114724,0.06892855187244568,0.49537315892903855,4,0.36622017,0.43306671025114724,0.06892855187244568,0.49537315892903855
2014-09-01,2.425628571,5.935092017294252,4.182876090864607,3.532873335959308,4.489974811219999,10.085002064858006,4.748996837430575,0.5551523790072732,0.4231404885714286,0.4691607948815132,0.03404183848216601,0.494826923286567,7,0.4231404885714286,0.4691607948815132,0.03404183848216601,0.494826923286567
2014-10-01,2.531263636,5.935092017294252,3.8722152068392246,3.4179686832428,5.495249008206637,16.63261732966468,1.9923053528303256,3.7408402398279472,0.36427893,0.43628670980587353,0.07673801227808193,0.47071511531441845,3,0.36427893,0.43628670980587353,0.07673801227808193,0.47071511531441845
2014-11-01,2.59065,6.727608846302791,3.675047401737919,4.113619081559627,8.012417877375144,6.359147221523664,19.826721340539265,3.2070091333636253,0.45939450000000004,0.4934693877551021,0.03530612244897955,0.47122448979591836,2,0.45939450000000004,0.4934693877551021,0.03530612244897955,0.47122448979591836
2014-12-01,2.593788235,6.727608846302791,2.983641175588514,3.700100400197681,6.934929354066766,23.456960901955213,2.141714988195287,1.3229712796670734,0.6309725,0.6976744186046512,0.0,0.3023255813953488,1,0.6309725,0.6976744186046512,0.0,0.3023255813953488
2015-01-01,2.560679412,6.727608846302791,1.910219966213256,2.8046430792138644,3.213782179331304,-2.097649879986485,1.571030584944011,-0.7170804573363831,0.453354008,0.5498477257286044,0.09150833822807872,0.3502124152868661,5,0.453354008,0.5498477257286044,0.09150833822807872,0.3502124152868661
2015-02-01,2.518118421,5.24949402729904,1.520914149534125,2.606182482744845,-1.1469945606922385,-0.8480352264835345,-6.505925086028908,-1.5004601379827842,0.19723597,0.31313131313131315,0.13415404040404033,0.5388257575757576,2,0.19723597,0.31313131313131315,0.13415404040404033,0.5388257575757576
2015-03-01,2.521340909,5.24949402729904,1.519468669419699,2.684558887308941,-7.791249143289781,-4.30740198312839,8.657187943801613,-0.7721821218101499,0.36475575,0.4423688394276629,0.07299947005829355,0.474827768945416,2,0.36475575,0.4423688394276629,0.07299947005829355,0.474827768945416
2015-04-01,2.528005263,5.24949402729904,1.520914149534125,2.387774662495934,8.344215656008313,2.4251542429620354,3.0158347381324724,-0.5107346231386867,0.3320015,0.4137931034482758,0.0804597701149425,0.4827586206896552,1,0.3320015,0.4137931034482758,0.0804597701149425,0.4827586206896552
2015-05-01,2.51565,6.3987760639389935,1.4218034394192447,2.480915005317308,-7.093387062872914,-3.2449953280952792,-6.225584053655842,1.564035403449271,0.4127160525,0.45827821335562824,0.0290256036197238,0.5065424530337086,4,0.4127160525,0.45827821335562824,0.0290256036197238,0.5065424530337086
2015-06-01,2.510955,6.3987760639389935,0.9442905753263232,2.378687010060654,-9.354508570520082,-16.092728786726585,-3.1062656868274474,2.6602221878082144,0.3274664475,0.44079852847908113,0.10148133460411798,0.447915272935257,4,0.3274664475,0.44079852847908113,0.10148133460411798,0.447915272935257
2015-07-01,2.516395238,6.3987760639389935,0.5644372519629348,1.707775109909382,-9.645408906923269,0.8994721605243283,26.39491739706705,4.137403048990174,0.31294819399999996,0.36938485644395846,0.05489119028026264,0.5627251894997721,5,0.31294819399999996,0.36938485644395846,0.05489119028026264,0.5627251894997721
2015-08-01,2.521410526,6.5874003241178425,0.1870901120633261,1.806084652264772,-8.915998590555397,3.180288903029993,28.22561697290331,5.425702188246717,0.39299164,0.43374999999999997,0.03875,0.52125,2,0.39299164,0.43374999999999997,0.03875,0.52125
2015-09-01,2.528319048,6.5874003241178425,0.0,1.327016113744084,-8.32162016962762,-0.9980741437689122,11.62061706900528,6.069828798869481,0.12063787,0.2614296718833797,0.14066091365608696,0.5822401638145386,3,0.12063787,0.2614296718833797,0.14066091365608696,0.5822401638145386
2015-10-01,2.524186364,6.5874003241178425,-0.3727853351241594,0.8498592851773568,-8.124785041760973,-10.153746042111544,14.55508419324747,3.489107130717461,0.4072439233333333,0.45413448135313184,0.0435662797015918,0.4985539205932164,3,0.4072439233333333,0.45413448135313184,0.0435662797015918,0.4985539205932164
2015-11-01,2.51760625,7.045169987486433,-0.1865654479307199,0.4703668728965215,-8.98996716476137,-7.732204334177394,20.97531692371055,4.572243578620472,0.3437696025,0.401236002542355,0.0571706394260185,0.5375910527037576,4,0.3437696025,0.401236002542355,0.0571706394260185,0.5375910527037576
2015-12-01,2.543427778,7.045169987486433,0.2803723436426208,0.3755887323943607,-5.336177113846574,3.5255500812546803,15.24597919053483,5.6895911002159405,,,,,0,0.3437696025,0.401236002542355,0.0571706394260185,0.5375910527037576
2016-01-01,2.52504,7.045169987486433,0.749760974882463,0.7525822929656867,-6.710092160316716,2.5404259652055616,20.66155222785291,6.516593584121866,0.407849065,0.5357142857142857,0.11160714285714285,0.3482142857142857,2,0.407849065,0.5357142857142857,0.11160714285714285,0.3482142857142857
2016-02-01,2.519768421,6.918608046680141,0.7490600558966554,0.6585107998538842,-2.0312879879269,4.08985703903868,28.453021887273124,7.721915815883262,0.35211706,0.4143126177024482,0.08192090395480225,0.4952919020715631,2,0.35211706,0.4143126177024482,0.08192090395480225,0.4952919020715631
2016-03-01,2.528319048,6.918608046680141,0.4677247317095956,0.1867460352333649,7.220586083484792,4.082068699319708,13.757478053139517,5.125858542589401,0.238192125,0.3541573033707865,0.1043258426966292,0.5202808988764045,2,0.238192125,0.3541573033707865,0.1043258426966292,0.5202808988764045
2016-04-01,2.523847619,6.918608046680141,0.5617947674413593,0.0932891817151837,0.2329598972260704,-8.765451702551463,22.98793411749367,4.212551445972257,0.33941822,0.37289562289562284,0.053030303030303,0.5664983164983165,2,0.33941822,0.37289562289562284,0.053030303030303,0.5664983164983165
2016-05-01,2.525338095,7.439518318733995,0.6542017698753622,0.3724404027478645,6.625974861424533,0.7903056558829391,41.6963458787061,4.912925883726538,0.47597438,0.5302652816994383,0.037803387462895036,0.4238992023236105,3,0.47597438,0.5302652816994383,0.037803387462895036,0.4238992023236105
2016-06-01,2.51565,7.439518318733995,0.935449463419169,0.0929358753333886,4.129153637994687,3.3782090633279527,53.3632628220398,3.2930373340431585,0.3084097,0.3689320388349514,0.0485436893203883,0.5825242718446602,1,0.3084097,0.3689320388349514,0.0485436893203883,0.5825242718446602
2016-07-01,2.521405263,7.439518318733995,1.3096373658276317,0.652989757079947,6.873919666415218,-6.177291666491391,25.92533380640567,3.961547576489077,0.290899195,0.38122954371659157,0.08651394617238671,0.5273160858157587,6,0.290899195,0.38122954371659157,0.08651394617238671,0.5273160858157587
2016-08-01,2.517215,7.329800884047444,1.307191739337621,0.6535994519813126,9.270251081762982,-7.386025189862466,8.667607834979263,1.1678376237779895,0.37527448,0.4972710014238253,0.10192216421452299,0.3840768865685809,2,0.37527448,0.4972710014238253,0.10192216421452299,0.3840768865685809
2016-09-01,2.514826316,7.329800884047444,1.307191739337621,0.8419092452402355,10.1972041012109,-0.9923427831376784,13.807350596670176,1.4522912445926073,0.29153856333333333,0.4233943495765788,0.11331957209818515,0.4521524178348062,6,0.29153856333333333,0.4233943495765788,0.11331957209818515,0.4521524178348062
2016-10-01,2.5058625,7.329800884047444,1.683817589954284,1.3108557684216482,7.603533306813204,9.920259921746055,19.98437001843769,4.286565876424109,,,,,0,0.29153856333333333,0.4233943495765788,0.11331957209818515,0.4521524178348062
2016-11-01,2.501565,6.913046088932995,1.775699911423945,2.0599222267811967,6.326429963531455,14.39772995945412,15.855754289743018,4.570227374562363,0.2822644733333333,0.3874777183600713,0.1089015151515151,0.49014037433155083,3,0.2822644733333333,0.3874777183600713,0.1089015151515151,0.49014037433155083
2016-12-01,2.518775,6.913046088932995,2.050324807224513,2.05799434877465,12.990002711356553,-0.1401563521973403,26.58360802218578,5.473781335805739,0.5338996,0.5434782608695652,0.0,0.4565217391304347,1,0.5338996,0.5434782608695652,0.0,0.4565217391304347
2017-01-01,2.527788889,6.913046088932995,2.232564904370604,2.0541597022252,21.920001676404155,12.409413019522454,25.553924661158376,4.683507042113777,0.318939265,0.45535714285714285,0.1736111111111111,0.3551587301587301,2,0.318939265,0.45535714285714285,0.1736111111111111,0.3551587301587301
2017-02-01,2.51759375,6.374132030726565,2.5092978722330628,2.056071962616812,13.909998494873976,37.67085290856891,21.53896804056932,4.881370389112183,,,,,0,0.318939265,0.45535714285714285,0.1736111111111111,0.3551587301587301
2017-03-01,2.535536364,6.374132030726565,3.072628022191659,2.4231117682261383,10.209999584763096,24.099811258603697,26.788599573186445,7.600430509681821,0.37847927950000004,0.4642055557338163,0.08080955334987591,0.43970302056891325,8,0.37847927950000004,0.4642055557338163,0.08080955334987591,0.43970302056891325
2017-04-01,2.577241176,6.374132030726565,3.072628022191659,2.329916057877468,15.809995210785011,36.86503448334511,30.918927112754343,7.730712028117348,,,,,0,0.37847927950000004,0.4642055557338163,0.08080955334987591,0.43970302056891325
2017-05-01,2.57815,7.177093432227855,3.156918873344461,1.948050966195236,4.489994354547955,40.16262589197011,11.8158487810323,6.5339382913921495,0.34621963333333333,0.37136797838429864,0.04774879496598003,0.5777679618522135,3,0.34621963333333333,0.37136797838429864,0.04774879496598003,0.5777679618522135
2017-06-01,2.5543,7.177093432227855,2.8730335741483426,2.2284132468453066,8.28999603755831,32.15008173308733,28.070718606313605,7.286527922615349,0.35549487999999996,0.43113535736875397,0.06166982922201135,0.49509803921568624,2,0.35549487999999996,0.43113535736875397,0.06166982922201135,0.49509803921568624
2017-07-01,2.5655,7.177093432227855,2.4930712561656465,1.9462446349166829,7.899997787113122,25.641294828972416,8.018130120430044,7.607809231971729,0.467686403,0.5100291349507337,0.036018866512857003,0.4456883023725714,10,0.467686403,0.5100291349507337,0.036018866512857003,0.4456883023725714
2017-08-01,2.553335294,7.5315994685905885,2.396309619876713,2.133576007414395,6.150004437088263,31.137286921566965,7.299303652508526,8.984089673276085,0.40040870799999995,0.45992920099962104,0.06200792288311961,0.47003397206266284,5,0.40040870799999995,0.45992920099962104,0.06200792288311961,0.47003397206266284
2017-09-01,2.5712,7.5315994685905885,2.580640796568168,2.133576007414395,14.600006225058792,29.70770371814713,36.57408426661293,7.548148485945849,0.40303966,0.35130296221712565,0.022916239364049375,0.6190325247213987,4,0.40303966,0.35130296221712565,0.022916239364049375,0.6190325247213987
2017-10-01,2.65784,7.5315994685905885,3.035879690233489,1.66358877070949,9.369998110476164,19.76512539918247,12.460772532800537,6.19485316930104,0.49769226571428576,0.564484259377862,0.0551920602815154,0.37026278098087867,7,0.49769226571428576,0.564484259377862,0.0551920602815154,0.37026278098087867
2017-11-01,2.69046,6.641204960911118,3.1221318008648917,1.1926633027522948,11.46000118688324,24.840771689989214,24.46031557480765,3.8314515308717656,0.47859545875,0.5573007002446879,0.0646406312670508,0.37376113028792163,8,0.47859545875,0.5573007002446879,0.0646406312670508,0.37376113028792163
2017-12-01,3.085547368,6.641204960911118,3.0136998535491344,1.2832282545046425,7.174785953252028,18.288134447840637,24.38279705811688,1.162561209952817,0.3492176,0.396551724137931,0.0517241379310344,0.5517241379310345,1,0.3492176,0.396551724137931,0.0517241379310344,0.5517241379310345
2018-01-01,3.098238095,6.641204960911118,2.911731280700147,1.280872791924792,13.406078019573052,9.657406344894248,27.29492848688686,1.552952620583592,0.555192665,0.625844407530454,0.0350196315312594,0.3337037316688479,4,0.555192665,0.625844407530454,0.0350196315312594,0.3337037316688479
2018-02-01,3.075673684,6.454566427002706,3.4451496941859228,2.0146566487543094,10.905857079717585,2.6977253479827823,13.891201945715911,3.65128194755826,,,,,0,0.555192665,0.625844407530454,0.0350196315312594,0.3337037316688479
2018-03-01,3.065655,6.454566427002706,3.794035813279284,1.9108261708675744,15.510343018077943,5.063523009709758,17.887866990370128,3.5652310025952927,0.4053850866666666,0.4824889258028793,0.06862157007505837,0.44624400147655957,3,0.4053850866666666,0.4824889258028793,0.06862157007505837,0.44624400147655957
2018-04-01,3.15159,6.454566427002706,4.33604577172122,2.003640200264845,10.506790004978406,3.9932493992205664,6.910208088374104,4.48422431031128,0.565451515,0.6303069090759548,0.029599710634193352,0.3357955947420663,4,0.565451515,0.6303069090759548,0.029599710634193352,0.3357955947420663
2018-05-01,3.30657619,6.378896018611369,4.500453001350024,2.001816160112524,21.80481127923084,2.617072773525475,34.46305163488756,4.682062664499065,0.3950510333333333,0.4664970849181375,0.08366711721974877,0.44347944150575724,6,0.3950510333333333,0.4664970849181375,0.08366711721974877,0.44347944150575724
2018-06-01,3.462194737,6.378896018611369,4.594596687371788,2.179838368389442,14.80663218476852,6.569759401026243,22.961564777251464,6.414293208935118,0.50618017,0.5462962962962963,0.0185185185185185,0.4351851851851852,1,0.50618017,0.5462962962962963,0.0185185185185185,0.4351851851851852
2018-07-01,3.639213636,6.378896018611369,5.225223628281106,1.818181818181808,10.909027307624374,10.393182461261665,38.25384225653523,5.5189938432588015,0.4595540755555556,0.5277097596007856,0.05342704218159533,0.41555885039153206,9,0.4595540755555556,0.5277097596007856,0.05342704218159533,0.41555885039153206
2018-08-01,3.934538095,6.145965198590453,5.670571921566059,1.8165304598824816,11.108266416975445,7.886920424492683,47.50428614377067,4.715131195307998,0.39238444375000003,0.48941038624602606,0.08517131513834633,0.41678520101374167,8,0.39238444375000003,0.48941038624602606,0.08517131513834633,0.41678520101374167
2018-09-01,4.20315,6.145965198590453,6.379156883066939,2.089013661925776,4.10636697232547,8.807470850084398,17.854028449096802,5.748896746627796,0.3645738,0.4634146341463415,0.0975609756097561,0.4390243902439024,1,0.3645738,0.4634146341463415,0.0975609756097561,0.4390243902439024
2018-10-01,4.641321739,6.145965198590453,6.696428505994234,2.181820000000001,3.207118116858032,7.048099049970391,37.85534484588589,5.191067222775514,0.6199378,0.6956521739130435,0.0434782608695652,0.2608695652173913,1,0.6199378,0.6956521739130435,0.0434782608695652,0.2608695652173913
2018-11-01,4.782921053,6.383799792643541,6.678539655755023,2.17587845396523,4.106763351108289,12.019006923125009,32.491080058753205,3.4678102993038085,,,,,0,0.6199378,0.6956521739130435,0.0434782608695652,0.2608695652173913
2018-12-01,4.948788235,6.383799792643541,6.02837154795961,1.9004506787330344,2.305896498379622,4.605482453008247,13.526638989285368,4.711448318230693,0.52498347,0.5769230769230769,0.0192307692307692,0.4038461538461538,1,0.52498347,0.5769230769230769,0.0192307692307692,0.4038461538461538
2019-01-01,5.096627273,6.383799792643541,5.128204676281101,1.2646802510753563,-9.098257473554996,-7.916965495717775,-0.2915329890742946,3.879022262006071,0.365394960875,0.4921157744793341,0.11129986737755863,0.3875597805701425,4,0.365394960875,0.4921157744793341,0.11129986737755863,0.3875597805701425
2019-02-01,5.116333333,5.873677434204216,4.382114419281602,1.256733370615204,-3.067495913350271,-2.8675514359455367,11.772297391970255,0.7809578917496562,0.28101928,0.21090605301131612,0.023163970532391567,0.7659299764562922,3,0.28101928,0.21090605301131612,0.023163970532391567,0.7659299764562922
2019-03-01,5.169666667,5.873677434204216,3.8294214735015153,0.8035732142857244,-11.217749700617365,1.1632027358670527,3.5519676027792046,0.6641914961099893,0.4752758533333334,0.5460795273075695,0.05985485645338726,0.39076528620603995,3,0.4752758533333334,0.5460795273075695,0.05985485645338726,0.39076528620603995
2019-04-01,5.220527778,5.873677434204216,3.290043351571992,1.0714258928571363,-9.30134859736419,0.8132950483632273,12.76614194361314,0.0261470024573329,0.55253786,0.5833333333333334,0.0185185185185185,0.3981481481481481,1,0.55253786,0.5833333333333334,0.0185185185185185,0.3981481481481481
2019-05-01,5.035757143,5.625401214596004,3.014643030591979,1.070477271551784,-16.79106037877848,3.008034113103641,2.847460099470478,0.1287301875482871,0.40570584,0.4782608695652174,0.0434782608695652,0.4202898550724637,1,0.40570584,0.4782608695652174,0.0434782608695652,0.4202898550724637
2019-06-01,4.934044444,5.625401214596004,3.1869077406396107,1.1555582222222194,-10.624626270292747,1.832302621560955,-1.1774079920456315,-2.346357598737569,0.36224930333333333,0.4274121810886517,0.06762747718630069,0.4899055810820516,6,0.36224930333333333,0.4274121810886517,0.06762747718630069,0.4899055810820516
2019-07-01,4.7935,5.625401214596004,2.6541123145919165,1.696430357142864,-14.838821389408253,1.2936038921802728,-9.586458198817194,-4.28582228565455,0.3851477875,0.4112866300366301,0.030906593406593373,0.5578067765567766,4,0.3851477875,0.4112866300366301,0.030906593406593373,0.5578067765567766
2019-08-01,4.410036842,6.329041543225022,2.385004461459728,1.5165076095719598,-47.99083906020611,0.2651917558867067,-5.1717299694273855,-2.287791158280128,0.36905007600000006,0.4319230769230769,0.07526923076923075,0.47723076923076924,5,0.36905007600000006,0.4319230769230769,0.07526923076923075,0.47723076923076924
2019-09-01,4.324447619,6.329041543225022,1.6891885032996656,1.6903923186762926,-21.26501664056716,-0.8494566057949515,-7.262876053857492,-3.404977436481693,0.6042847557142857,0.6429917348326218,0.007004044589128929,0.34869360458873416,7,0.6042847557142857,0.6429917348326218,0.007004044589128929,0.34869360458873416
2019-10-01,4.088347826,6.329041543225022,0.9204975175773678,2.0462588603868515,-4.081620372737826,-3.104971947634305,-9.16352376881142,-4.637026172177183,0.47836047000000004,0.5358918223347845,0.04812351634842379,0.40957270450052213,7,0.47836047000000004,0.5358918223347845,0.04812351634842379,0.40957270450052213
2019-11-01,4.01318,6.612098233410202,0.8347197809716045,1.9520896704194213,-2.5988481651420647,-4.179531991481145,-11.876253616398458,-3.941642904768694,0.4277045375,0.49714878935956824,0.046539119080394084,0.44952106422681426,8,0.4277045375,0.49714878935956824,0.046539119080394084,0.44952106422681426
2019-12-01,3.979216667,6.612098233410202,1.2541817767082408,2.309057767478828,-6.016388242132242,-4.144338283938787,-8.221210966068938,-3.793790825629895,0.5295630666666666,0.6017094017094017,0.0111111111111111,0.38717948717948714,3,0.5295630666666666,0.6017094017094017,0.0111111111111111,0.38717948717948714
2020-01-01,3.831255,6.612098233410202,2.523131154583358,3.122212366141164,-9.826696087876972,16.93293369915847,-5.851472426053784,-3.105398500852352,0.45082285333333333,0.48406480056305945,0.04622719995807917,0.456732114974249,6,0.45082285333333333,0.48406480056305945,0.04622719995807917,0.456732114974249
2020-02-01,3.672726316,-0.6582824639080775,2.938708584202354,2.9255274044629243,-1.5160408531077585,6.176869336599045,-3.221617994220438,-2.769236526933516,0.5546564066666667,0.6521287878787879,0.06967803030303031,0.2680132575757576,3,0.5546564066666667,0.6521287878787879,0.06967803030303031,0.2680132575757576
2020-03-01,3.689753571,-0.6582824639080775,2.5984858656976417,2.6572187306072914,3.794247190448497,0.6422036765658667,-9.826236238748043,-2.880668530965347,0.5692247,0.6701030927835051,0.0824742268041237,0.2371134020618556,1,0.5692247,0.6701030927835051,0.0824742268041237,0.2371134020618556
