Date,CPI,Wholesale Price,Industrial Production,Intl Trade Merch Exports,Intl Trade Merch Imports,FX Rate
2026-01-01,130.0,,,,,
2025-12-01,128.899994,144.0,100.048134,406979.75,613973.0625,58.84883333333333
2025-11-01,128.600006,143.5,102.761719,434670.96875,679404.9375,58.91355
2025-10-01,128.5,143.5,97.322502,416821.9375,684380.125,58.2984090909091
2025-09-01,128.5,142.399994,100.351433,407190.40625,634966.375,57.25009090909089
2025-08-01,127.699997,143.300003,101.363564,417984.75,669526.125,57.252526315789474
2025-07-01,127.300003,143.0,98.934433,398221.28125,645985.0,56.75234782608697
2025-06-01,127.199997,143.100006,99.385788,406874.84375,608916.25,56.358578947368414
2025-05-01,127.300003,143.399994,95.567711,385384.9375,611109.375,55.6246
2025-04-01,127.800003,142.5,97.262245,388416.125,647409.5,56.852888888888884
2025-03-01,128.100006,141.800003,95.583008,394115.84375,566823.0,57.424571428571426
2025-02-01,128.399994,141.399994,99.709747,383804.09375,671522.625,58.09414999999999
2025-01-01,127.699997,140.899994,99.554054,330899.90625,572714.4375,58.39061904761905
2024-12-01,127.0,140.199997,101.454735,334371.9375,624029.75,58.44800000000001
2024-11-01,126.5,139.800003,101.213943,355557.75,689500.8125,58.69464999999999
2024-10-01,126.300003,139.5,96.384209,350995.625,637103.75,57.300869565217376
2024-09-01,126.599998,139.100006,98.493027,384723.03125,635113.1875,56.071285714285715
2024-08-01,126.5,139.0,102.081268,365493.53125,650692.0,57.19345
2024-07-01,125.599998,138.800003,96.161621,326938.34375,581487.0625,58.48447826086956
2024-06-01,125.599998,138.300003,99.541405,366273.8125,639752.375,58.69627777777777
2024-05-01,125.5,137.899994,97.647491,359292.90625,628631.4375,57.76186363636364
2024-04-01,125.599998,137.600006,97.729744,347895.40625,535330.4375,56.95055
2024-03-01,125.5,137.800003,96.690727,337118.875,536791.6875,55.84926315789473
2024-02-01,124.800003,137.399994,96.959373,335485.625,578823.125,56.0649
2024-01-01,124.099998,137.199997,99.474503,321319.0,553411.375,55.97227272727273
2023-12-01,123.900002,137.100006,105.826286,347724.53125,613883.5,55.58766666666667
2023-11-01,123.699997,136.899994,102.859695,370268.53125,611170.6875,55.81221052631579
2023-10-01,123.900002,136.800003,103.601646,384497.25,585963.625,56.78885714285715
2023-09-01,122.5,136.5,98.474525,381162.21875,609840.25,56.78689999999999
2023-08-01,121.199997,135.699997,95.774216,342863.03125,569279.125,56.15985714285713
2023-07-01,121.099998,135.300003,92.780258,375643.90625,595327.75,54.92105
2023-06-01,120.900002,135.199997,96.338371,364171.78125,609678.25,55.89455000000002
2023-05-01,120.900002,134.399994,91.699196,271783.25,538933.375,55.72786363636363
2023-04-01,121.099998,134.199997,104.194328,362091.03125,636832.5,55.3155
2023-03-01,121.400002,134.0,94.989136,279706.0625,492390.0,54.79556521739131
2023-02-01,121.400002,132.699997,98.373718,298950.9375,604171.5625,54.78305263157895
2023-01-01,119.400002,131.5,95.895073,323160.03125,573967.1875,54.991285714285716
2022-12-01,119.0,131.600006,103.61544,412123.375,622165.75,55.6838947368421
2022-11-01,117.900002,131.100006,102.059189,454896.5625,647449.3125,57.65225
2022-10-01,116.800003,131.0,94.90976,417610.90625,691954.875,58.82470000000002
2022-09-01,116.300003,130.0,92.812935,360517.40625,694898.8125,57.4337619047619
2022-08-01,115.800003,129.899994,92.535477,348797.90625,682748.875,55.750095238095234
2022-07-01,114.900002,130.100006,90.341049,362150.6875,672678.9375,55.89252380952381
2022-06-01,113.900002,128.800003,88.775719,333003.40625,622411.6875,53.56854545454546
2022-05-01,113.400002,128.899994,82.839958,320708.625,596057.875,52.36175000000001
2022-04-01,112.5,128.100006,94.686852,380464.59375,612935.0625,51.97599999999999
2022-03-01,111.800003,125.5,89.006248,320479.1875,522366.0625,52.07395652173914
2022-02-01,111.699997,124.0,86.948471,311619.25,540991.0,51.280666666666676
2022-01-01,110.5,123.300003,87.071869,316188.46875,573608.5625,51.235285714285716
2021-12-01,110.199997,122.800003,91.549019,316001.96875,552865.625,50.24780952380952
2021-11-01,109.5,121.800003,89.127853,325648.46875,519108.96875,50.35705
2021-10-01,109.300003,121.099998,84.297913,335980.3125,527155.5625,50.749142857142864
2021-09-01,109.400002,120.800003,82.622284,328312.46875,494410.5,50.142136363636375
2021-08-01,108.800003,120.300003,82.541061,324557.5625,499859.78125,50.23433333333334
2021-07-01,108.300003,119.400002,83.835335,316898.53125,477257.0,49.942952380952384
2021-06-01,108.099998,119.400002,83.269676,284812.78125,437143.78125,48.12472727272727
2021-05-01,108.099998,119.0,78.932549,280304.5,430241.15625,47.955149999999996
2021-04-01,108.199997,119.0,20.142971,329269.15625,463040.15625,48.46200000000001
2021-03-01,108.5,118.800003,50.262482,258559.78125,389129.78125,48.57430434782609
2021-02-01,108.400002,118.5,76.082497,266734.46875,404942.1875,48.204166666666666
2021-01-01,107.62561,118.400002,72.821526,281327.0625,399051.1875,48.061400000000006
2020-12-01,106.687515,117.900002,70.427834,283724.28125,387130.75,48.06372222222222
2020-11-01,105.57885,117.199997,69.695999,304773.40625,404072.40625,48.25205555555556
2020-10-01,105.237724,117.199997,37.513855,304950.625,414900.125,48.48218181818183
2020-09-01,105.152443,117.099998,13.077386,268275.0625,374606.15625,48.505681818181806
2020-08-01,105.323006,116.900002,13.099387,281649.40625,387161.5,48.84331578947368
2020-07-01,104.811317,116.800003,15.490569,276903.125,348191.40625,49.46754545454546
2020-06-01,104.299622,116.0,23.425058,229675.421875,296111.46875,50.09723809523809
2020-05-01,104.21434,115.900002,31.557976,168306.890625,177791.984375,50.55557894736841
2020-04-01,104.299622,115.800003,77.383362,258593.0625,397380.65625,50.7349
2020-03-01,104.384903,115.900002,93.174271,275738.0,375642.90625,50.90357142857143
2020-02-01,104.555466,116.099998,92.033768,294836.34375,485644.6875,50.744789473684214
2020-01-01,103.958496,115.599998,88.806732,291965.96875,442339.46875,50.83857142857143
2019-12-01,103.276245,115.199997,94.407288,285210.34375,470469.0,50.76711111111111
2019-11-01,103.020393,114.900002,98.025314,326207.21875,509972.78125,50.726749999999996
2019-10-01,102.849831,114.699997,91.497208,316560.75,494045.96875,51.50417391304348
2019-09-01,102.679268,114.300003,77.380981,328551.4375,485194.34375,52.10519047619048
2019-08-01,102.508705,113.800003,50.576786,319565.0625,505680.34375,52.054736842105264
2019-07-01,102.252861,113.900002,84.647919,318252.0,454656.53125,51.14286956521738
2019-06-01,102.16758,113.800003,91.504128,323923.78125,514589.09375,51.802944444444435
2019-05-01,101.997017,113.300003,86.004532,294109.34375,491785.25,52.26200000000001
2019-04-01,101.741173,113.199997,96.982712,316372.125,491324.40625,52.11222222222223
2019-03-01,101.741173,112.900002,89.768242,273978.5,416576.71875,52.413428571428575
2019-02-01,101.570602,112.800003,93.450516,277684.15625,501811.125,52.19005555555555
2019-01-01,101.40004,112.099998,98.484505,249686.6875,469831.53125,52.467909090909096
2018-12-01,101.997017,112.599998,100.450798,297541.46875,512611.90625,52.76905882352941
2018-11-01,102.16758,112.699997,100.640816,340435.84375,578700.75,52.808263157894736
2018-10-01,101.911736,112.400002,95.390694,326704.84375,543885.0,54.0085652173913
2018-09-01,100.973633,112.400002,98.280304,331366.25,523193.21875,53.9419
2018-08-01,100.120819,112.099998,97.245918,318719.84375,533259.0625,53.27352380952381
2018-07-01,99.609123,112.0,99.397308,314187.65625,502863.3125,53.4329090909091
2018-06-01,99.012154,112.5,102.381813,318095.3125,520720.09375,53.047631578947374
2018-05-01,99.012154,112.099998,103.359726,285520.78125,478169.5625,52.19480952380953
2018-04-01,98.500465,112.0,106.928505,313819.84375,435702.0625,52.0986
2018-03-01,97.98877,112.0,101.110573,270828.21875,402287.59375,52.067600000000006
2018-02-01,97.306519,111.400002,96.407822,285881.96875,448958.40625,51.78563157894737
2018-01-01,96.453697,110.699997,108.341713,271153.84375,471205.25,50.508666666666656
2017-12-01,96.197853,110.5,98.186714,284441.5625,451534.46875,50.39473684210526
2017-11-01,95.771446,110.300003,96.670776,303909.0,436784.6875,51.03835000000001
2017-10-01,95.515602,110.0,92.426468,305194.4375,394533.125,51.3433
2017-09-01,94.918625,110.099998,94.40374,304543.65625,443933.25,51.00942105263158
2017-08-01,94.748062,110.099998,87.523567,295420.28125,361521.0625,50.87471428571428
2017-07-01,94.662781,110.0,89.620575,284607.84375,363724.65625,50.63819047619048
2017-06-01,94.662781,110.099998,89.177612,298485.53125,423482.0,49.85010000000001
2017-05-01,94.748062,109.900002,84.85685,278239.0625,355614.09375,49.86031818181818
2017-04-01,94.406937,109.800003,96.761932,301769.4375,407540.1875,49.86264705882352
2017-03-01,94.406937,109.900002,87.533783,257775.6875,341245.96875,50.275173913043474
2017-02-01,94.065811,109.199997,86.92762,278372.25,394199.375,49.96139999999999
2017-01-01,93.724686,109.300003,95.534309,247273.625,370168.125,49.736285714285714
2016-12-01,93.383553,109.099998,91.613632,240465.0,363020.03125,49.8156
2016-11-01,92.871864,109.0,86.731361,243437.296875,350942.9375,49.154999999999994
2016-10-01,92.701302,108.199997,84.508064,254827.46875,350818.4375,48.3482
2016-09-01,92.530739,107.800003,82.376732,234792.265625,325049.40625,47.42938095238095
2016-08-01,92.530739,107.800003,82.452721,225275.578125,336927.6875,46.68086363636365
2016-07-01,92.360176,107.900002,83.058922,226524.125,336725.5625,47.05809999999999
2016-06-01,92.019043,107.699997,82.350739,225868.59375,330662.625,46.46445454545455
2016-05-01,91.84848,107.800003,81.210503,198511.59375,318035.5,46.80228571428571
2016-04-01,91.592636,107.300003,83.552315,220486.875,311292.03125,46.28452380952382
2016-03-01,91.592636,107.300003,79.424538,207716.421875,269145.625,46.72395238095237
2016-02-01,91.763199,107.0,76.312546,202201.296875,324339.90625,47.636105263157894
2016-01-01,91.677917,107.099998,78.358192,219975.90625,294828.0,47.5111
2015-12-01,91.507355,106.900002,81.081184,240802.5,286782.8125,47.230315789473686
2015-11-01,91.251511,106.800003,81.570839,212799.0625,302913.6875,47.006687500000005
2015-10-01,91.166229,106.800003,78.536514,231829.390625,292386.78125,46.36090909090909
2015-09-01,91.336792,106.900002,74.753922,237145.5625,285613.71875,46.75042857142858
2015-08-01,91.336792,107.099998,75.457611,243241.453125,310053.46875,46.14200000000001
2015-07-01,91.166229,107.199997,77.716736,241438.484375,267400.96875,45.26490909090909
2015-06-01,91.166229,107.599998,79.08519,218487.625,215607.453125,44.983142857142866
2015-05-01,91.251511,107.400002,76.163902,196955.046875,224448.625,44.6106
2015-04-01,91.080948,107.199997,83.358124,241670.375,253107.78125,44.41357894736842
2015-03-01,91.166229,107.099998,74.075829,199569.84375,236595.984375,44.44572727272729
2015-02-01,91.080948,106.300003,77.894814,194256.484375,252496.90625,44.221368421052624
2015-01-01,90.995667,106.300003,83.994286,214526.03125,244342.953125,44.60441176470587
2014-12-01,91.251511,106.5,85.651711,232602.0,248844.09375,44.68776470588236
2014-11-01,91.422073,106.300003,89.628403,230632.0,250392.96875,44.9514
2014-10-01,91.507355,105.900002,85.48172,258029.0,255236.84375,44.797863636363644
2014-09-01,91.336792,105.5,81.539314,239536.3125,255879.0,44.07514285714286
2014-08-01,91.166229,105.199997,82.843979,235744.109375,241803.0625,43.767315789473685
2014-07-01,90.654541,105.400002,86.013046,239286.171875,211559.90625,43.466523809523814
2014-06-01,90.313408,105.099998,87.246689,260391.765625,222519.5,43.8175
2014-05-01,89.972282,104.800003,81.978989,203560.578125,239349.53125,43.92361904761905
2014-04-01,89.716438,104.699997,76.938232,235948.265625,245697.9375,44.64157894736842
2014-03-01,89.80172,104.300003,80.334923,208553.0625,217745.359375,44.7916
2014-02-01,89.716438,103.599998,78.79863,195917.9375,270067.28125,44.894999999999996
2014-01-01,89.290031,103.400002,81.378944,219122.453125,240563.625,44.92657142857143
2013-12-01,88.607773,102.699997,80.097038,188407.359375,243626.3125,44.104277777777774
2013-11-01,88.181366,102.099998,82.979721,216842.65625,208962.546875,43.55460000000001
2013-10-01,88.096085,102.400002,81.028976,221232.28125,250251.078125,43.18247619047619
2013-09-01,87.669678,101.900002,78.035538,217592.140625,244278.234375,43.8318095238095
2013-08-01,87.499115,102.699997,78.136955,210744.34375,238302.34375,43.86394117647058
2013-07-01,87.328545,101.5,78.110863,192964.09375,210141.34375,43.355869565217404
2013-06-01,86.816856,101.199997,78.284431,212136.28125,217955.484375,42.90694736842105
2013-05-01,86.816856,101.0,73.954666,185511.453125,212135.109375,41.29757142857143
2013-04-01,86.646294,100.699997,76.913734,191403.71875,201721.4375,41.1422380952381
2013-03-01,86.646294,100.699997,76.444336,152135.015625,191439.203125,40.71273684210527
2013-02-01,86.475731,100.5,76.275253,183829.828125,192505.34375,40.672250000000005
2013-01-01,86.049324,100.0,83.969353,162882.328125,217422.015625,40.7295
2012-12-01,86.134605,99.599998,84.400917,148396.546875,214026.375,41.0067222222222
2012-11-01,86.134605,99.900002,84.896812,182616.859375,218513.640625,41.1221578947368
2012-10-01,86.134605,100.199997,83.797562,200857.078125,222391.96875,41.4521363636364
2012-09-01,86.134605,100.199997,80.388611,160373.78125,218203.359375,41.74895
2012-08-01,85.452347,100.5,81.21862,198087.625,211491.703125,42.0452105263158
2012-07-01,85.196503,100.300003,84.365829,184261.046875,217950.75,41.9054090909091
2012-06-01,84.855377,100.0,76.829956,211520.8125,231003.578125,42.77645
2012-05-01,84.940659,99.900002,79.310425,197818.484375,204346.046875,42.8514545454546
2012-04-01,84.343689,100.0,88.855629,185505.640625,230390.71875,42.6997777777778
2012-03-01,84.173119,99.800003,81.303673,188948.984375,213153.75,42.8573636363636
2012-02-01,84.087837,99.800003,76.853607,179627.078125,223868.4375,42.6607619047619
2012-01-01,83.632301,99.74958,79.190254,148791.21875,202323.859375,43.6191428571429
2011-12-01,83.76338200000001,99.973839,78.248375,145750.515625,217541.3125,43.6485714285714
2011-11-01,83.435669,98.583443,72.532616,180104.84375,217759.640625,43.2745263157895
2011-10-01,83.107956,98.448891,77.473579,167927.203125,219033.609375,43.4514
2011-09-01,83.042412,97.820969,78.53318,177033.703125,215342.21875,43.0256363636364
2011-08-01,82.911331,98.717995,79.206108,190608.90625,213743.53125,42.4209047619048
2011-07-01,82.911331,99.211365,77.48278,179390.78125,195399.296875,42.8087619047619
2011-06-01,82.518074,99.570175,78.338318,177730.375,211127.640625,43.3656666666667
2011-05-01,82.321449,100.736313,74.720123,186000.90625,238632.140625,43.1307272727273
2011-04-01,81.928192,99.301064,78.250137,189478.484375,241545.921875,43.2401578947368
2011-03-01,81.731567,98.179779,73.804565,171527.90625,212968.84375,43.516
2011-02-01,80.813965,96.385719,73.717293,176908.765625,234375.390625,43.7031
2011-01-01,80.289627,94.277702,84.582649,184549.90625,217409.546875,44.1721904761905
2010-12-01,79.961914,93.066719,81.522064,180643.21875,215935.3125,43.95475
2010-11-01,79.306488,91.093254,80.826042,207708.078125,212720.265625,43.4918421052632
2010-10-01,79.372032,90.241074,76.025803,236235.078125,203327.59375,43.4449
2010-09-01,79.306488,90.420479,77.307991,215641.390625,201503.1875,44.3136666666667
2010-08-01,78.978775,89.927116,75.996483,208435.96875,216902.953125,45.1824761904762
2010-07-01,78.78215,90.285927,75.790489,211186.359375,195800.390625,46.3202727272727
2010-06-01,78.519981,90.510185,75.004501,193442.15625,219486.84375,46.3027
2010-05-01,78.651062,91.003548,71.027618,161280.203125,203988.796875,45.5971052631579
2010-04-01,78.192268,90.68959,71.477226,191081.546875,208170.140625,44.6265789473684
2010-03-01,78.06118,90.33078,66.555634,165144.5,180687.515625,45.7424782608696
2010-02-01,77.667923,90.33078,66.083786,164805.140625,198466.09375,46.3116
2010-01-01,77.471298,89.702858,77.675789,153919.046875,182422.5625,46.0276
2009-12-01,77.143585,89.119789,75.070816,174889.796875,171926.359375,46.4210526315789
2009-11-01,76.750328,88.043358,73.809151,175643.578125,178455.375,47.0324210526316
2009-10-01,76.422615,87.146324,70.620094,174820.875,176358.609375,46.8512727272727
2009-09-01,76.22599,87.236031,66.4412,167490.984375,174435.609375,48.1394
2009-08-01,76.160446,86.294151,66.019867,159479.890625,193802.0,48.1607222222222
2009-07-01,75.963821,86.87722,64.271637,163295.0,196845.015625,48.146
2009-06-01,75.701653,84.410393,62.894421,146643.953125,171745.796875,47.9052857142857
2009-05-01,75.636108,83.468513,57.128334,135085.25,147284.84375,47.52415
2009-04-01,75.177307,82.706039,57.833439,140812.6875,158396.109375,48.2165263157895
2009-03-01,75.111763,83.019997,51.156097,119461.367188,145822.953125,48.4580454545455
2009-02-01,74.718513,83.378807,48.721703,118707.398438,154466.046875,47.58455
2009-01-01,74.128624,84.903755,70.818047,128253.8125,158267.59375,47.20715
2008-12-01,74.456337,86.832367,73.412247,172664.15625,171287.953125,48.0942352941176
2008-11-01,74.652969,89.4786,82.26532,191677.25,219924.421875,49.1862
2008-10-01,74.78405,93.111565,81.167595,207859.1875,228663.8125,48.0252272727273
2008-09-01,74.915138,95.219582,76.928627,197742.734375,226994.609375,46.6922272727273
2008-08-01,74.587425,97.148193,79.889221,199297.578125,264202.9375,44.8769473684211
2008-07-01,73.66983,95.219582,76.50032,200711.375,235958.890625,44.9562608695652
2008-06-01,72.490067,91.093254,74.455124,181466.96875,205132.84375,44.28055
2008-05-01,71.638008,88.222763,72.0914,181079.703125,203259.5625,42.9019523809524
2008-04-01,70.589333,86.563263,68.074783,173772.53125,211961.125,41.8195714285714
2008-03-01,70.064987,84.230988,66.585793,167185.203125,182594.53125,41.2523684210526
2008-02-01,69.802818,83.917023,66.342857,173055.3125,204345.15625,40.6711
2008-01-01,68.819679,83.42366,78.7929,186563.671875,208167.09375,40.9380909090909
2007-12-01,68.295341,83.154549,73.53511,171149.921875,219451.75,41.7428888888889
2007-11-01,68.033173,81.988411,74.444595,206340.5625,228081.59375,43.2176315789474
2007-10-01,67.902084,80.91198,70.876823,202065.0625,218408.90625,44.3802857142857
2007-09-01,67.770996,80.284058,72.199371,190342.484375,230341.671875,46.13145
2007-08-01,67.70546,80.239204,72.454582,193591.625,229722.046875,46.0737142857143
2007-07-01,67.312202,79.835548,71.039894,191561.609375,217429.578125,45.6250909090909
2007-06-01,66.918945,79.521584,68.515808,193150.546875,201011.328125,46.16015
2007-05-01,66.787865,79.162773,67.260208,197106.234375,207573.3125,46.8141428571429
2007-04-01,66.656776,78.176041,71.273926,217597.25,221476.859375,47.8224444444444
2007-03-01,66.656776,77.592972,61.966061,179934.96875,178435.90625,48.5172272727273
2007-02-01,66.722321,77.727524,68.40107,195230.28125,190926.609375,48.38135
2007-01-01,66.329063,78.131187,76.788925,182253.71875,206412.59375,48.9143181818182
2006-12-01,66.263519,77.592972,78.341141,200372.328125,224739.90625,49.467
2006-11-01,66.132439,77.682678,76.981941,209801.078125,234189.578125,49.8434285714286
2006-10-01,66.00135,78.265747,73.385925,209912.453125,219172.5625,50.0038095238095
2006-09-01,66.00135,79.700989,74.006355,218771.3125,250522.65625,50.4012105263158
2006-08-01,65.804726,79.566437,72.364273,206755.0,230587.21875,51.3617727272727
2006-07-01,65.542557,78.669411,74.017693,215324.5625,241057.171875,52.3976
2006-06-01,65.214844,77.906937,74.821251,202184.640625,231902.34375,53.1566666666667
2006-05-01,65.083755,77.099609,70.262039,201089.109375,227047.703125,52.1272727272727
2006-04-01,64.952667,76.202576,75.614967,211198.75,216316.25,51.3597222222222
2006-03-01,64.756042,76.068024,69.126457,178481.734375,176824.8125,51.2189130434783
2006-02-01,64.297241,75.440102,68.768623,174613.609375,194791.65625,51.8168
2006-01-01,63.527138,74.543076,78.491104,204555.46875,224973.59375,52.6171363636364
2005-12-01,63.337078,73.960007,78.604683,197926.375,216677.875,53.61175
2005-11-01,62.814419,74.00486,80.568588,202110.125,231245.109375,54.5605789473684
2005-10-01,62.529331,73.690903,74.938255,206265.875,243421.796875,55.7077
2005-09-01,62.291756,73.376938,74.696075,196586.234375,237212.9375,56.1561818181818
2005-08-01,62.006668,72.300507,73.304428,196146.0,214623.921875,55.9523
2005-07-01,61.484005,71.493179,71.822189,185595.328125,232615.75,56.0062
2005-06-01,60.961346,70.596153,71.394516,179574.09375,206360.78125,55.17904761905
2005-05-01,60.676258,70.416748,69.084549,176709.390625,223908.125,54.3410952381
2005-04-01,60.343655,69.474861,66.749039,177792.359375,208476.234375,54.49176190476
2005-03-01,60.153595,68.39843,64.054733,164332.828125,175890.90625,54.4402
2005-02-01,60.011051,67.815361,62.840286,183461.359375,194990.34375,54.81284210526
2005-01-01,59.58342,66.73893,68.010391,184102.796875,183428.640625,55.76619047619
2004-12-01,59.155788,66.155861,69.852547,207417.5625,205897.8125,56.1828333333333
2004-11-01,58.680641,66.155861,70.698944,211452.78125,225820.078125,56.322052631579
2004-10-01,58.443066,65.572792,68.259331,204749.09375,214646.34375,56.3414285714286
2004-09-01,58.110462,65.483086,63.529469,191541.3125,205948.796875,56.2131818181818
2004-08-01,57.87289,64.900017,65.919296,173935.359375,210411.984375,55.8342272727273
2004-07-01,57.160172,64.496353,67.910812,185809.375,211569.578125,55.9527272727273
2004-06-01,56.209877,63.733883,64.425652,182420.46875,200059.65625,55.9848181818182
2004-05-01,55.924789,63.195663,61.936256,166851.75,210662.921875,55.8453
2004-04-01,55.639702,62.74715,63.728622,189302.296875,220833.921875,55.9038947368421
2004-03-01,55.449642,62.029526,61.289009,168634.203125,185974.625,56.3029130434783
2004-02-01,55.35461,61.446457,60.641766,158201.171875,193295.296875,56.0695789473684
2004-01-01,54.879463,60.953094,59.646008,176049.953125,184644.515625,55.5261
2003-12-01,54.689407,60.370026,60.79113,170906.0,196444.9375,55.4451052631579
2003-11-01,54.499348,59.921509,62.135406,183611.203125,186964.578125,55.3717894736842
2003-10-01,54.499348,59.652401,61.338799,184470.96875,179575.9375,54.9519565217391
2003-09-01,54.40432,59.607552,61.289009,165222.484375,184864.328125,55.0235
2003-08-01,54.309288,59.248737,61.936256,161779.875,187748.53125,54.99135
2003-07-01,54.21426,59.024483,60.392826,163414.21875,169555.609375,53.7138260869565
2003-06-01,53.786629,58.845078,60.741344,148592.578125,189681.46875,53.3992
2003-05-01,53.644085,58.620819,57.057034,143657.0625,180915.15625,52.50715
2003-04-01,53.406509,58.889927,62.832439,170575.65625,201376.296875,52.8067894736842
2003-03-01,53.311481,59.069332,56.509365,150902.59375,163513.890625,54.5908571428571
2003-02-01,53.168938,58.665668,55.115299,146432.625,168346.609375,54.0748421052632
2003-01-01,52.836334,57.67894,58.948975,155787.875,142903.578125,53.5635
2002-12-01,52.646275,57.185574,61.239223,165456.71875,167322.96875,53.5194705882353
2002-11-01,52.598759,57.320126,62.284771,160589.65625,155983.234375,53.3082
2002-10-01,52.598759,57.275276,59.894947,166407.71875,166355.5625,52.9069545454546
2002-09-01,52.598759,57.185574,56.111061,157103.0,175808.203125,52.1292380952381
2002-08-01,52.361187,56.916466,54.41827,163186.875,161516.03125,51.7930909090909
2002-07-01,52.171127,56.647354,57.455338,148026.40625,152362.328125,50.5963181818182
2002-06-01,52.028584,56.4231,55.862122,145511.765625,146908.03125,50.4064736842105
2002-05-01,51.933556,56.198841,55.662968,140050.984375,175560.453125,49.8382727272727
2002-04-01,51.838524,55.795177,51.630142,145467.53125,156904.78125,50.9871904761905
2002-03-01,51.648468,55.48122,50.833534,134821.515625,119020.515625,51.066052631579
2002-02-01,51.743496,55.212109,47.995617,135183.96875,107386.726562,51.2816842105263
2002-01-01,51.553436,54.180527,53.273144,136626.96875,120252.398438,51.4096818181818
2001-12-01,51.410892,54.359932,55.911907,136718.96875,115249.414062,51.7889
2001-11-01,51.268349,54.673893,56.708515,152251.421875,131543.984375,51.9898947368421
2001-10-01,51.220833,55.212109,55.662968,140033.46875,141110.25,51.7333043478261
2001-09-01,51.078289,54.943001,57.554913,135816.28125,149962.71875,51.2499
2001-08-01,51.030777,54.853298,52.974419,138151.71875,153010.75,51.9876956521739
2001-07-01,50.698174,54.359932,56.260426,133000.015625,147393.734375,53.2241818181818
2001-06-01,50.270542,53.418053,53.422508,131307.25,148478.203125,51.48805
2001-05-01,50.17551,53.059242,49.240318,112845.664062,156004.359375,50.5388571428571
2001-04-01,50.080482,52.655579,58.052792,139221.125,147322.15625,50.1853888888889
2001-03-01,50.032967,52.790134,53.771027,135215.265625,119645.015625,48.4673181818182
2001-02-01,49.890423,52.341618,52.376961,146412.0625,153608.5,48.2897
2001-01-01,49.320248,51.399738,54.677437,174617.734375,111733.375,50.9692727272727
2000-12-01,48.940128,51.937954,54.199047,165102.75,132848.734375,49.89615
2000-11-01,48.322437,51.354885,56.506584,164261.78125,137964.421875,49.7537222222222
2000-10-01,47.942322,50.77182,52.876431,160368.328125,136143.640625,48.1061363636364
2000-09-01,47.752262,50.188751,51.553818,158476.984375,118689.34375,45.7366666666667
2000-08-01,47.514687,49.964493,49.274418,143163.296875,119013.664062,44.897652173913
2000-07-01,47.277115,49.471127,51.778942,145549.3125,106494.289062,44.3556666666667
2000-06-01,46.801968,49.246868,48.261353,122662.84375,101988.859375,42.6489
2000-05-01,46.70694,48.932911,42.576923,109947.960938,104178.578125,41.8063
2000-04-01,46.564396,49.112316,47.951805,122463.65625,112343.710938,41.1884
2000-03-01,46.564396,49.112316,44.574917,117942.609375,100913.679688,40.9381
2000-02-01,46.421852,48.708652,43.224159,109930.140625,107259.773438,40.5717
2000-01-01,46.32682,48.304989,45.784966,119453.664062,107646.25,40.426619047619
1999-12-01,46.279308,47.946178,43.224159,124234.554688,95024.28125,40.6232380952381
1999-11-01,46.184277,47.677071,46.235218,139413.21875,105285.179688,40.340947368421
1999-10-01,45.994217,47.766773,45.616123,148638.015625,102835.132812,40.3150476190476
1999-09-01,45.756645,47.407963,42.37994,126441.132812,104750.890625,40.1738181818182
1999-08-01,45.614101,46.869743,41.310593,109194.5,106934.78125,39.2609545454546
1999-07-01,45.566586,46.959446,43.843258,108231.8125,101185.570312,38.2798181818182
1999-06-01,45.281498,47.138851,43.505569,103932.992188,95836.28125,37.8993181818182
1999-05-01,45.233982,47.004299,41.282452,89768.15625,99449.03125,37.8384761904762
1999-04-01,45.281498,46.824894,44.152805,105098.1875,103308.953125,38.2417368421053
1999-03-01,45.424042,46.690338,41.338734,99702.328125,87593.679688,38.9107826086957
1999-02-01,45.424042,46.735191,40.241245,99064.132812,92116.976562,38.7799
1999-01-01,44.568779,46.196972,38.693504,98526.921875,80524.179688,38.40425
1998-12-01,44.663807,46.376377,40.410088,103140.421875,94645.09375,39.0733
1998-11-01,43.9986,46.152122,40.353806,108366.757812,103037.945312,39.9435263157895
1998-10-01,43.856056,45.299946,43.702553,122018.195312,107477.625,42.8881904761905
1998-09-01,43.713512,45.030834,40.381947,114558.296875,108337.9375,43.7759090909091
1998-08-01,43.523453,44.851429,41.507576,104570.929688,103107.523438,43.0375238095238
1998-07-01,43.428425,44.80658,40.747776,96941.007812,91708.625,41.7805217391304
1998-06-01,42.810734,44.627174,37.905563,94816.8125,103022.492188,40.39905
1998-05-01,42.240559,44.133808,36.526669,87942.335938,94562.0625,39.2971052631579
1998-04-01,42.050499,43.774994,41.001041,96095.796875,101533.71875,38.44215
1998-03-01,41.670383,43.685291,39.200035,89656.335938,104068.984375,39.0040454545455
1998-02-01,41.100204,43.191925,39.200035,90267.828125,121125.335938,40.4143
1998-01-01,40.530029,,,84526.859375,105819.59375,42.661
1997-12-01,40.33997,,,79658.4375,101643.890625,37.1706315789474
1997-11-01,40.054882,,,80291.101562,117847.734375,34.51775
1997-10-01,39.912338,,,76244.664062,96472.171875,34.4638695652174
1997-09-01,39.769794,,,66491.976562,98000.570312,32.3945
1997-08-01,39.532219,,,57819.554688,88645.460938,29.3305
1997-07-01,39.484707,,,56156.421875,79974.765625,27.6679130434783
1997-06-01,39.00956,,,52296.984375,77904.835938,26.3761
1997-05-01,39.00956,,,54893.152344,77567.5625,26.3721
1997-04-01,38.914528,,,52705.023438,77305.96875,26.3642272727273
1997-03-01,38.724472,,,47729.027344,69196.554688,26.3319473684211
1997-02-01,38.581928,,,44532.941406,74695.320312,26.34105
1997-01-01,38.154293,,,49513.058594,71469.195312,26.3173181818182
1996-12-01,37.916721,,,48596.796875,71240.273438,26.2924736842105
1996-11-01,37.821693,,,49485.710938,75095.359375,26.2657777777778
1996-10-01,37.726662,,,49210.589844,75284.859375,26.2693043478261
1996-09-01,37.774178,,,46471.539062,73348.539062,26.2355714285714
1996-08-01,37.48909,,,44366.21875,74354.015625,26.1994090909091
1996-07-01,37.394058,,,46954.175781,72015.609375,26.1995454545455
1996-06-01,37.156487,,,42167.804688,70942.359375,26.1944210526316
1996-05-01,37.108971,,,39050.714844,73573.429688,26.1758571428571
1996-04-01,36.918911,,,43748.753906,72260.054688,26.1896842105263
1996-03-01,36.776367,,,41695.03125,61731.664062,26.1956666666667
1996-02-01,36.538795,,,37219.652344,58607.851562,26.1587619047619
1996-01-01,35.683533,,,42485.363281,67384.25,26.2116363636364
1995-12-01,35.588501,,,37201.722656,63180.136719,26.20595
1995-11-01,35.873589,,,41584.347656,60793.097656,26.1670526315789
1995-10-01,35.826077,,,41406.789062,63447.140625,25.9653636363636
1995-09-01,35.208385,,,40912.449219,58475.742188,25.9692380952381
1995-08-01,34.78075,,,40612.429688,55484.949219,25.7108695652174
1995-07-01,34.638206,,,39088.71875,59788.789062,25.5140476190476
1995-06-01,34.400635,,,36243.53125,55464.761719,25.6742380952381
1995-05-01,34.068031,,,35827.980469,58022.070312,25.8492857142857
1995-04-01,33.973003,,,33494.789062,55257.375,26.0077222222222
1995-03-01,33.83046,,,31663.976562,40481.792969,25.8589565217391
1995-02-01,33.687916,,,28527.265625,45604.3125,25.0281578947368
1995-01-01,33.022709,,,31609.314453,45711.5625,24.6222727272727
1994-12-01,32.927677,,,27271.277344,44992.769531,24.145
1994-11-01,32.975193,,,32969.042969,47892.671875,24.2648
1994-10-01,32.927677,,,32323.769531,51300.949219,25.39445
1994-09-01,32.975193,,,31062.769531,45565.757812,25.9112727272727
1994-08-01,32.690105,,,32337.177734,46965.902344,26.3132173913044
1994-07-01,32.500046,,,30424.582031,55223.996094,26.4607619047619
1994-06-01,32.357502,,,29419.619141,49123.164062,26.9755714285714
1994-05-01,32.262474,,,26610.527344,48923.703125,27.053
1994-04-01,32.167442,,,29199.578125,44158.152344,27.52975
1994-03-01,32.214958,,,25618.683594,37281.125,27.5872272727273
1994-02-01,31.834841,,,26386.148438,45760.011719,27.6462631578947
1994-01-01,30.456915,,,27718.025391,46615.417969,27.7245238095238
1993-12-01,30.361885,,,27812.941406,51068.476562,27.7939
1993-11-01,30.266857,,,29016.796875,50987.167969,28.4848947368421
1993-10-01,30.124313,,,28342.417969,47241.570312,29.16
1993-09-01,29.79171,,,27350.367188,44663.4375,28.2337272727273
1993-08-01,29.60165,,,27026.712891,45027.792969,27.9488636363636
1993-07-01,29.269049,,,24853.613281,38398.59375,27.5687727272727
1993-06-01,29.031475,,,24780.419922,41427.023438,27.2063333333333
1993-05-01,28.888931,,,22168.898438,41108.65625,27.0064285714286
1993-04-01,28.841415,,,20551.509766,36491.324219,26.078
1993-03-01,28.746386,,,19980.941406,31097.867188,25.3656086956522
1993-02-01,28.698872,,,19057.78125,31304.322266,25.3116315789474
1993-01-01,28.366268,,,24558.550781,34294.515625,25.28005
1992-12-01,28.366268,,,19457.783203,32286.386719,25.3221052631579
1992-11-01,28.318754,,,20243.447266,33771.800781,24.936052631579
1992-10-01,28.27124,,,20635.412109,33972.75,24.7848636363636
1992-09-01,28.033667,,,21206.503906,35597.757812,24.726
1992-08-01,27.891123,,,20247.337891,30446.472656,24.6691428571429
1992-07-01,27.606033,,,20647.337891,28874.875,25.2616363636364
1992-06-01,27.36846,,,20206.630859,32006.4375,26.1205263157895
1992-05-01,27.083372,,,15584.387695,31118.494141,26.1495555555556
1992-04-01,26.988342,,,22091.228516,30578.373047,25.6671578947368
1992-03-01,26.798285,,,17867.46875,27901.892578,25.8101818181818
1992-02-01,26.703255,,,16876.195312,28602.675781,26.158
1992-01-01,26.418167,,,21255.501953,27501.171875,26.5446363636364
1991-12-01,26.275623,,,19303.6875,30588.810547,26.6682631578947
1991-11-01,26.180593000000002,,,19575.177734,28496.814453,26.7366
1991-10-01,26.13308,,,19800.478516,27700.146484,26.9946086956522
1991-09-01,25.895506,,,20028.828125,27288.314453,26.9834285714286
1991-08-01,25.610416,,,21025.306641,29295.158203,27.1995
1991-07-01,25.325329,,,20480.150391,26885.771484,27.621
1991-06-01,25.135271,,,18239.998047,28261.681641,27.7955
1991-05-01,24.945211,,,18641.226562,25920.722656,27.8185909090909
1991-04-01,24.802668,,,19931.894531,31012.724609,27.9261428571429
1991-03-01,24.565094,,,17770.78125,29510.396484,28
1991-02-01,24.089947,,,16775.273438,27273.140625,28
1991-01-01,23.329712,,,19721.869141,29803.666016,28
1990-12-01,22.426933,,,18290.578125,29973.898438,28
1990-11-01,22.046816,,,16976.84375,31476.082031,28
1990-10-01,21.619183,,,17997.335938,27074.640625,25.75
1990-09-01,21.381609,,,15895.03125,24978.642578,25.3519
1990-08-01,21.334095,,,16482.724609,27024.082031,24.4473913043478
1990-07-01,21.049007,,,14179.920898,22173.220703,23.5631818181818
1990-06-01,20.858948,,,15280.797852,23428.949219,23.10255
1990-05-01,20.716404,,,13575.004883,24276.566406,22.9018181818182
1990-04-01,20.526346,,,15103.598633,24358.902344,22.7608888888889
1990-03-01,20.431316,,,13277.551758,21590.703125,22.7593636363636
1990-02-01,20.336287,,,12582.727539,19809.181641,22.62445
1990-01-01,20.241257,,,14591.964844,19839.005859,22.4643636363636
1989-12-01,19.861139,,,13757.261719,20506.470703,22.3351578947368
1989-11-01,19.718596,,,14256.039062,22091.068359,22.099
1989-10-01,19.576052,,,14285.913086,19817.865234,21.9589047619048
1989-09-01,19.385992,,,13987.344727,22606.810547,21.9691428571429
1989-08-01,19.053391,,,14764.110352,20930.945312,21.88
1989-07-01,18.863331,,,13647.648438,19472.847656,21.8865238095238
1989-06-01,18.578243,,,14047.911133,19802.544922,21.68
1989-05-01,18.388184,,,13331.908203,20688.292969,21.5796363636364
1989-04-01,18.24564,,,12980.873047,18857.251953,21.4136
1989-03-01,18.24564,,,11518.003906,14484.142578,21.33875
1989-02-01,18.103096,,,11736.342773,15605.052734,21.35745
1989-01-01,17.532921,,,14728.010742,14046.751953,21.3421363636364
1988-12-01,17.390375,,,12449.001953,15564.626953,21.356
1988-11-01,17.200317,,,12085.330078,16079.157227,21.37705
1988-10-01,17.152803,,,12795.010742,16478.599609,21.3616315789474
1988-09-01,17.105288,,,12962.828125,17686.90625,21.2485
1988-08-01,17.010258,,,12348.933594,15515.626953,21.0590869565217
1988-07-01,16.91523,,,12386.875977,15343.481445,21.0246666666667
1988-06-01,16.772684,,,11218.787109,14673.895508,20.9487272727273
1988-05-01,16.72517,,,10811.208984,13788.270508,20.9550454545455
1988-04-01,16.63014,,,10776.87793,12984.416992,21.02955
1988-03-01,16.535112,,,11014.839844,12495.18457,21.0277272727273
1988-02-01,16.392567,,,9829.120117,13172.984375,20.90295
1988-01-01,15.442274,,,11523.291016,13537.276367,20.8461578947368
1987-12-01,15.299729,,,10521.0,12205.926758,20.81475
1987-11-01,15.2047,,,10443.964844,13583.376953,20.8171
1987-10-01,15.2047,,,9902.737305,14104.360352,20.7062272727273
1987-09-01,15.062157,,,9972.773438,12916.601562,20.6005454545455
1987-08-01,15.014642,,,9981.982422,13435.614258,20.4387142857143
1987-07-01,14.824583,,,9543.401367,10849.970703,20.45
1987-06-01,14.634524,,,9488.606445,12477.550781,20.4564047619048
1987-05-01,14.49198,,,8194.546875,10833.708008,20.4732352941176
1987-04-01,14.539495,,,9008.626953,11273.750977,20.5048
1987-03-01,14.49198,,,7823.584961,9323.769531,20.5625
1987-02-01,14.396951,,,7326.765625,9277.237305,20.5252222222222
1987-01-01,14.301921,,,8401.967773,8895.727539,20.4629285714286
1986-12-01,14.254407,,,8088.37793,8734.743164,20.5198333333333
1986-11-01,14.206892,,,8339.19043,9875.202148,20.436
1986-10-01,14.159377,,,8154.601562,9162.852539,20.4372272727273
1986-09-01,14.159377,,,8651.463867,9027.647461,20.5092380952381
1986-08-01,14.159377,,,8131.567871,8568.644531,20.43165
1986-07-01,14.159377,,,7836.111816,8704.620117,20.4542619047619
1986-06-01,14.254407,,,8644.46582,9068.832031,20.552
1986-05-01,14.349436,,,7869.832031,9417.241211,20.50025
1986-04-01,14.634524,,,8107.556641,10653.145508,20.5045454545455
1986-03-01,14.539495,,,7287.723145,7957.808105,20.781052631579
1986-02-01,14.444466,,,5788.989746,7585.143555,20.460875
1986-01-01,14.396951,,,6793.163574,9247.333008,19.0416818181818
1985-12-01,14.349436,,,6768.862305,7779.469238,18.8963157894737
1985-11-01,14.254407,,,6700.818848,6971.888184,18.736825
1985-10-01,14.254407,,,6842.901367,8824.260742,18.7039130434783
1985-09-01,14.301921,,,6908.183594,7670.584473,18.6157142857143
1985-08-01,14.301921,,,7029.637695,7967.503906,18.60475
1985-07-01,14.064348,,,6909.087891,8200.350586,18.5810227272727
1985-06-01,13.969318,,,6948.95459,7772.821289,18.4727368421053
1985-05-01,13.969318,,,6672.349609,9687.946289,18.4800476190476
1985-04-01,14.016833,,,6633.193848,8024.635742,18.484075
1985-03-01,13.921803,,,5935.89209,6103.425293,18.4778095238095
1985-02-01,13.874289,,,6972.843262,7883.730957,18.255725
1985-01-01,13.541686,,,9045.361328,8911.4375,18.9793636363636
1984-12-01,13.351627,,,7887.712891,9913.958008,19.8592611111111
1984-11-01,12.828966,,,7853.085449,10317.56543,19.959
1984-10-01,12.686421,,,7688.697266,10666.779297,19.1482173913043
1984-09-01,12.401334,,,8683.884766,8860.507812,18.002
1984-08-01,12.116245,,,8160.794434,12012.132812,18.002
1984-07-01,11.118437,,,7312.060059,8436.250977,18.002
1984-06-01,10.405717,,,6504.16748,7292.79834,17.402
1984-05-01,10.263173,,,5630.696777,6502.387207,14.002
1984-04-01,10.120628,,,6492.889648,7116.091797,14.002
1984-03-01,9.978085,,,5910.723633,6200.796387,14.002
1984-02-01,9.645482,,,4754.026367,8512.182617,14.002
1984-01-01,9.075306,,,6743.105469,8164.835938,14.002
1983-12-01,8.4101,,,5180.465332,8728.879883,14.002
1983-11-01,7.887438,,,5600.901855,10193.81543,14.002
1983-10-01,7.792409,,,3838.302246,7332.789551,13.7016
1983-09-01,7.744894,,,4389.040527,7645.49707,11.00175
1983-08-01,7.649865,,,4885.953125,6733.258301,11.0016304347826
1983-07-01,7.459806,,,4342.379883,7536.880859,11.00166
1983-06-01,7.364777,,,4230.84082,6525.436035,10.3845681818182
1983-05-01,7.317262,,,3601.426758,5794.406738,10.0315714285714
1983-04-01,7.269747,,,3969.708984,6326.028809,9.8693
1983-03-01,7.269747,,,3376.494629,5233.46875,9.60572727272727
1983-02-01,7.222233,,,3306.082275,6528.538086,9.46435
1983-01-01,7.174718,,,3980.295654,5601.062012,9.28647619047619
1982-12-01,7.222233,,,3238.301514,5574.365234,9.05938095238095
1982-11-01,7.174718,,,3250.599365,5795.853516,8.8752
1982-10-01,7.174718,,,2959.9646,5596.384277,8.76642857142857
1982-09-01,7.174718,,,3325.302002,5842.067383,8.63795454545454
1982-08-01,7.127203,,,3552.827393,5572.103516,8.52931818181818
1982-07-01,6.984659,,,3598.783447,5880.655273,8.48784090909091
1982-06-01,6.937144,,,3911.187256,5712.736816,8.45090909090909
1982-05-01,6.88963,,,3469.264648,6250.15625,8.41628571428572
1982-04-01,6.842115,,,3745.531982,5643.859863,8.37915
1982-03-01,6.842115,,,3439.790527,6169.591797,8.34052173913043
1982-02-01,6.7946,,,3074.071533,5417.016113,8.28305
1982-01-01,6.652056,,,3899.375,5343.331543,8.25425
1981-12-01,6.604542,,,3223.995117,4563.980957,8.1312
1981-11-01,6.557027,,,3365.414551,6547.441895,8.1008947368421
1981-10-01,6.509512,,,3309.347168,5013.19043,8.06413636363637
1981-09-01,6.461998,,,3522.728027,5595.953613,7.99197727272727
1981-08-01,6.461998,,,3471.878662,6658.67041,7.95161904761905
1981-07-01,6.319454,,,3917.460449,5624.871094,7.94913043478261
1981-06-01,6.224424,,,3733.962646,5128.466797,7.93494444444444
1981-05-01,6.224424,,,3337.972168,5777.817871,7.85036842105263
1981-04-01,6.176909,,,4413.745117,5766.935059,7.79041666666667
1981-03-01,6.176909,,,3792.850342,4743.999512,7.73029545454545
1981-02-01,6.129395,,,3608.585449,4685.873535,7.668025
1981-01-01,,,,3988.570068,5089.47168,7.63233333333333
1980-12-01,,,,3821.77002,4557.104004,7.59421052631579
1980-11-01,,,,3441.11377,5678.662598,7.5802
1980-10-01,,,,3562.317627,5123.57666,7.56686363636364
1980-09-01,,,,3704.768311,6157.358398,7.56219047619048
1980-08-01,,,,3275.19043,5726.231934,7.55623809523809
1980-07-01,,,,3368.115479,5015.743652,7.54320454545455
1980-06-01,,,,3962.872314,5192.259277,7.5208947368421
1980-05-01,,,,3365.184814,4422.364258,7.50945
1980-04-01,,,,3668.771973,4834.899414,7.443425
1980-03-01,,,,3274.15918,4528.092285,7.42585714285714
1980-02-01,,,,2735.636475,4598.568359,7.41785714285714
1980-01-01,,,,3070.310059,3883.50293,7.41665789473684
1979-12-01,,,,2871.64624,3694.356934,7.411075
1979-11-01,,,,3020.925537,4505.823242,7.37176315789474
1979-10-01,,,,3131.908203,4559.800781,7.37089130434783
1979-09-01,,,,2867.676514,4146.90918,7.37215789473684
1979-08-01,,,,2869.858643,4517.094238,7.37169565217391
1979-07-01,,,,2917.850342,4363.960449,7.37061904761905
1979-06-01,,,,2887.779297,4357.942383,7.373925
1979-05-01,,,,2604.005615,3364.128906,7.37831818181818
1979-04-01,,,,2687.208496,3866.698486,7.37963888888889
1979-03-01,,,,2312.003662,3185.565918,7.37768181818182
1979-02-01,,,,1977.805786,3646.39917,7.376725
1979-01-01,,,,2350.728271,3203.469238,7.37620454545455
1978-12-01,,,,2250.178711,3585.473877,7.3712
1978-11-01,,,,2115.090088,3536.065186,7.365025
1978-10-01,,,,2298.306152,3001.404297,7.359
1978-09-01,,,,2296.802002,3681.684814,7.36134210526316
1978-08-01,,,,2253.735596,3072.634033,7.36167391304348
1978-07-01,,,,1947.159546,3104.256348,7.36092105263158
1978-06-01,,,,2185.437744,3260.650146,7.3632380952381
1978-05-01,,,,1970.673096,2817.395996,7.36352272727273
1978-04-01,,,,2047.734497,3078.602051,7.36676470588235
1978-03-01,,,,1690.122681,2413.18042,7.3735
1978-02-01,,,,1605.695068,3072.419434,7.371475
1978-01-01,,,,2080.004639,2602.506104,7.37145238095238
1977-12-01,,,,2070.437744,2571.544922,7.37913157894737
1977-11-01,,,,2046.464355,2702.610596,7.38688888888889
1977-10-01,,,,1764.99292,2689.993896,7.389175
1977-09-01,,,,2038.251831,2825.351318,7.39338095238095
1977-08-01,,,,1966.964111,2670.948975,7.39404347826087
1977-07-01,,,,1993.46167,2706.634766,7.39615
1977-06-01,,,,2307.999756,2901.264404,7.3981
1977-05-01,,,,1835.761719,2388.293701,7.40495238095238
1977-04-01,,,,1998.366333,2644.490967,7.41097368421052
1977-03-01,,,,1612.967773,2229.954346,7.42626086956521
1977-02-01,,,,1439.007202,2681.010742,7.427175
1977-01-01,,,,1664.056763,2372.085693,7.42790476190476
1976-12-01,,,,1680.958374,2730.929688,7.4282380952381
1976-11-01,,,,1479.028198,2407.050537,7.428225
1976-10-01,,,,1821.218384,2415.29126,7.428375
1976-09-01,,,,1690.845703,2292.789795,7.42902380952381
1976-08-01,,,,1651.354248,2465.53125,7.42972727272727
1976-07-01,,,,1718.035278,2564.052246,7.42980952380953
1976-06-01,,,,1631.0354,1937.040405,7.43092857142857
1976-05-01,,,,1936.570679,2446.507812,7.43038888888889
1976-04-01,,,,1376.637939,2689.207275,7.43536842105263
1976-03-01,,,,1199.479248,2248.892822,7.45834782608695
1976-02-01,,,,1163.740845,2772.15625,7.469325
1976-01-01,,,,1363.046753,2258.075684,7.48566666666666
1975-12-01,,,,1246.623535,2371.284668,7.49922222222222
1975-11-01,,,,1426.750977,2621.223145,7.497575
1975-10-01,,,,1188.763916,2305.544678,7.50006818181818
1975-09-01,,,,1691.174927,2250.568359,7.50916666666667
1975-08-01,,,,1179.375977,2256.188232,7.50180952380952
1975-07-01,,,,1136.00354,2119.002686,7.27190909090909
1975-06-01,,,,1502.354248,2226.491455,7.015
1975-05-01,,,,1588.619385,2523.987305,7.017775
1975-04-01,,,,1650.785889,2050.495361,7.01771428571428
1975-03-01,,,,1367.331909,1782.342163,7.02615789473684
1975-02-01,,,,1233.80542,2395.622559,7.05223529411765
1975-01-01,,,,1760.99231,1607.736816,7.06620454545455
1974-12-01,,,,1585.37085,2205.736572,7.06272380952381
1974-11-01,,,,1739.957275,2109.095703,7.0665
1974-10-01,,,,1413.790161,1927.717163,6.77241304347826
1974-09-01,,,,1390.463989,2310.77124,6.74730952380952
1974-08-01,,,,1450.051758,2538.087646,6.74288636363636
1974-07-01,,,,1535.988647,1897.694946,6.73463636363636
1974-06-01,,,,1850.041382,2175.222168,6.71572222222222
1974-05-01,,,,1682.875732,2044.057373,6.71760869565218
1974-04-01,,,,1414.742432,1678.695435,6.72181818181818
1974-03-01,,,,1469.297607,1539.36377,6.72342857142857
1974-02-01,,,,1164.793945,1453.738037,6.7189
1974-01-01,,,,938.453552,1254.606934,6.73104545454545
1973-12-01,,,,1061.273071,1201.315918,6.73530555555556
1973-11-01,,,,1192.897827,1190.903076,6.73823809523809
1973-10-01,,,,911.099487,1162.128906,6.73969565217391
1973-09-01,,,,1128.837402,1225.992676,6.73926315789473
1973-08-01,,,,1215.03479,1032.02832,6.74680434782609
1973-07-01,,,,1488.157837,1128.124023,6.75834090909091
1973-06-01,,,,1081.407104,921.343506,6.759225
1973-05-01,,,,1141.286499,854.218689,6.76329545454545
1973-04-01,,,,1097.525269,827.393616,6.76627777777778
1973-03-01,,,,848.385864,716.325562,6.77195454545454
1973-02-01,,,,635.955627,645.955444,6.77626
1973-01-01,,,,647.056824,1101.098022,6.78145454545454
1972-12-01,,,,701.039673,868.048828,6.78045
1972-11-01,,,,640.801819,695.78717,6.78065
1972-10-01,,,,628.040527,847.051453,6.78129545454545
1972-09-01,,,,602.874634,856.825317,6.77954761904762
1972-08-01,,,,698.873901,707.873169,6.77945652173913
1972-07-01,,,,584.117432,663.133179,6.7778
1972-06-01,,,,630.432007,850.581421,6.77188095238095
1972-05-01,,,,566.131836,701.53302,6.76747727272727
1972-04-01,,,,548.000549,687.001221,6.574975
1972-03-01,,,,640.000549,786.003784,6.435
1972-02-01,,,,453.00058,696.003784,6.435
1972-01-01,,,,533.000549,744.999878,6.435
1971-12-01,,,,519.153748,767.22644,6.435
1971-11-01,,,,525.823181,746.750122,6.43315789473684
1971-10-01,,,,575.463501,741.599792,6.43240476190476
1971-09-01,,,,744.109192,747.113953,6.41059090909091
1971-08-01,,,,702.001221,781.003784,6.42454545454545
1971-07-01,,,,559.000549,651.003784,6.435
1971-06-01,,,,692.998596,666.003784,6.435
1971-05-01,,,,617.000549,744.002502,6.435
1971-04-01,,,,578.000549,694.002502,6.435
1971-03-01,,,,504.00058,644.999939,6.435
1971-02-01,,,,515.000549,596.000549,6.435
1971-01-01,,,,626.000549,699.002502,6.435
1970-12-01,,,,484.00058,547.000549,6.435
1970-11-01,,,,667.998657,600.000549,6.435
1970-10-01,,,,515.734619,625.61261,6.435
1970-09-01,,,,621.29718,824.736572,6.3704
1970-08-01,,,,577.381104,717.746155,6.2695
1970-07-01,,,,627.859863,693.634033,6.2303
1970-06-01,,,,593.985718,655.116089,6.1924
1970-05-01,,,,369.596619,591.155457,6.1213
1970-04-01,,,,424.881287,472.406982,6.1628
1970-03-01,,,,350.44397,455.195923,6.0962
1970-02-01,,,,283.882202,367.733307,5.6282
1970-01-01,,,,234.379623,416.225647,3.9195
1969-12-01,,,,293.984741,362.68222,3.9195
1969-11-01,,,,269.083313,428.314941,3.9195
1969-10-01,,,,323.469177,413.152924,3.9195
1969-09-01,,,,238.822891,408.114655,3.9195
1969-08-01,,,,307.345947,448.424652,3.9195
1969-07-01,,,,284.169189,395.015961,3.9195
1969-06-01,,,,325.484467,467.567688,3.9195
1969-05-01,,,,275.099915,412.146851,3.9191
1969-04-01,,,,298.276703,383.930634,3.9187
1969-03-01,,,,269.053619,388.969269,3.9185
1969-02-01,,,,239.830536,448.424652,3.9188
1969-01-01,,,,236.807587,401.060303,3.9186
1968-12-01,,,,273.084625,406.098572,3.9184
1968-11-01,,,,318.430511,448.424652,3.9174
1968-10-01,,,,289.207428,427.261627,3.9129
1968-09-01,,,,232.776978,501.829407,3.914
1968-08-01,,,,273.084625,465.555511,3.9144
1968-07-01,,,,308.353607,399.04422,3.9139
1968-06-01,,,,302.307709,422.223358,3.9145
1968-05-01,,,,339.592377,403.076416,3.9118
1968-04-01,,,,268.045959,388.969269,3.9166
1968-03-01,,,,282.15387,399.04422,3.9187
1968-02-01,,,,246.884491,407.108582,3.9189
1968-01-01,,,,323.469177,399.04422,3.9189
1967-12-01,,,,309.361267,346.645935,3.919
1967-11-01,,,,268.045959,402.070312,3.9184
1967-10-01,,,,232.776978,419.201202,3.9183
1967-09-01,,,,273.084625,424.239441,3.9186
1967-08-01,,,,246.286255,393.051239,3.918
1967-07-01,,,,269.374237,406.072906,3.917
1967-06-01,,,,278.42041,460.349243,3.9151
1967-05-01,,,,274.400055,354.810272,3.9103
1967-04-01,,,,257.312775,349.784821,3.9123
1967-03-01,,,,252.287338,327.671692,3.913
1967-02-01,,,,233.05426,345.080139,3.9129
1967-01-01,,,,216.000107,367.000427,3.9095
1966-12-01,,,,254.000168,321.000275,3.902
1966-11-01,,,,253.000214,332.000244,3.9012
1966-10-01,,,,257.368622,356.12674,3.9004
1966-09-01,,,,272.300385,314.192627,3.8951
1966-08-01,,,,332.146545,300.228668,3.8871
1966-07-01,,,,288.671692,281.655273,3.8872
1966-06-01,,,,285.731201,296.759399,3.8909
1966-05-01,,,,255.271561,289.441986,3.8913
1966-04-01,,,,283.446259,287.466614,3.8913
1966-03-01,,,,266.358978,290.482269,3.895
1966-02-01,,,,259.696289,306.822296,3.8987
1966-01-01,,,,308.790466,313.803101,3.9053
1965-12-01,,,,233.999863,303.999939,3.9088
1965-11-01,,,,216.000137,255.000122,3.9052
1965-10-01,,,,235.999832,307.999878,3.8999
1965-09-01,,,,194.999878,324.999817,3.8999
1965-08-01,,,,268.999908,298.000031,3.8999
1965-07-01,,,,275.999969,372.000061,3.8992
1965-06-01,,,,200.0,333.000061,3.8999
1965-05-01,,,,188.000183,288.999969,3.8993
1965-04-01,,,,207.999878,220.000076,3.8999
1965-03-01,,,,209.999847,240.000153,3.8998
1965-02-01,,,,188.000183,235.999832,3.8999
1965-01-01,,,,188.000183,335.000031,3.9
1964-12-01,,,,185.000046,277.999939,3.8998
1964-11-01,,,,214.999954,290.999939,3.9
1964-10-01,,,,272.999847,253.999939,3.8999
1964-09-01,,,,220.000076,259.999847,3.8999
1964-08-01,,,,257.000092,300.0,3.8998
1964-07-01,,,,220.000076,270.999878,3.8993
1964-06-01,,,,200.0,268.000122,3.8999
1964-05-01,,,,238.000183,294.000092,3.9
1964-04-01,,,,192.000122,279.000122,3.9
1964-03-01,,,,212.999985,268.000122,3.8999
1964-02-01,,,,203.000153,298.999817,3.9
1964-01-01,,,,192.000122,244.000092,3.9
1963-12-01,,,,237.000015,246.000061,3.9
1963-11-01,,,,240.999939,288.999969,3.9
1963-10-01,,,,205.999908,244.000092,3.8999
1963-09-01,,,,235.000046,235.000046,3.8999
1963-08-01,,,,222.999832,209.000061,3.899
1963-07-01,,,,211.000031,288.999969,3.8996
1963-06-01,,,,227.999954,203.000153,3.8997
1963-05-01,,,,196.000061,211.999817,3.8997
1963-04-01,,,,205.999908,179.999924,3.8996
1963-03-01,,,,188.000183,144.999878,3.9
1963-02-01,,,,189.220551,191.222672,3.8999
1963-01-01,,,,180.791367,245.716324,3.8999
1962-12-01,,,,148.999817,170.999863,3.9003
1962-11-01,,,,195.542725,160.6241,3.9031
1962-10-01,,,,162.187683,214.247986,3.8831
1962-09-01,,,,146.828278,183.78511,3.8795
1962-08-01,,,,150.175476,250.292465,3.8819
1962-07-01,,,,189.559082,212.505585,3.8777
1962-06-01,,,,169.795166,201.945541,3.8745
1962-05-01,,,,163.333557,230.417221,3.8611
1962-04-01,,,,158.791916,207.801971,3.73
1962-03-01,,,,134.188705,156.385468,3.6082
1962-02-01,,,,72.479836,156.110382,3.4904
1962-01-01,,,,93.999985,198.999878,2
1961-12-01,,,,93.999985,145.999985,3
1961-11-01,,,,115.999985,181.999969,3
1961-10-01,,,,109.999985,160.999878,3
1961-09-01,,,,123.999977,207.999146,3
1961-08-01,,,,120.999886,176.999878,3
1961-07-01,,,,145.999985,157.999985,3
1961-06-01,,,,128.999878,172.999863,3
1961-05-01,,,,138.999893,168.999878,3
1961-04-01,,,,90.999878,136.999878,3
1961-03-01,,,,100.999893,142.999893,3
1961-02-01,,,,88.999886,179.999969,3
1961-01-01,,,,107.999985,146.999878,3
1960-12-01,,,,106.999886,121.999985,3
1960-11-01,,,,87.999985,115.999985,3
1960-10-01,,,,93.999985,146.999878,3
1960-09-01,,,,112.999878,148.999863,3
1960-08-01,,,,87.999985,120.999886,3.2
1960-07-01,,,,110.999886,120.999886,3.2
1960-06-01,,,,151.999985,122.999878,3.2
1960-05-01,,,,127.999985,103.999985,3.2
1960-04-01,,,,87.869896,92.919891,2
1960-03-01,,,,94.939888,90.899895,2
1960-02-01,,,,88.879898,110.089874,2
1960-01-01,,,,107.059868,142.409836,2
1959-12-01,,,,81.809906,92.919891,2
1959-11-01,,,,88.879898,103.019882,2
1959-10-01,,,,95.94989,93.929893,2
1959-09-01,,,,89.8899,87.869896,2
1959-08-01,,,,113.119865,108.06987,2
1959-07-01,,,,90.899895,98.979889,2
1959-06-01,,,,97.969887,106.049881,2
1959-05-01,,,,83.829903,92.919891,2
1959-04-01,,,,74.739914,79.789909,2
1959-03-01,,,,74.739922,75.749916,2
1959-02-01,,,,70.699921,83.829903,2
1959-01-01,,,,98.979881,148.469818,2
1958-12-01,,,,93.929901,102.009888,2
1958-11-01,,,,74.739914,94.939888,2
1958-10-01,,,,95.94989,87.869896,2
1958-09-01,,,,93.929893,102.00988,2
1958-08-01,,,,73.729912,95.949883,2
1958-07-01,,,,87.869896,103.019882,2
1958-06-01,,,,82.819908,84.839905,2
1958-05-01,,,,82.819908,107.059875,2
1958-04-01,,,,68.679924,97.969887,2
1958-03-01,,,,70.699921,89.8899,2
1958-02-01,,,,72.71991,154.529816,2
1958-01-01,,,,60.59993,104.029884,2
1957-12-01,,,,68.679924,116.149864,2
1957-11-01,,,,46.459946,119.179855,2
1957-10-01,,,,56.559937,124.229858,2
1957-09-01,,,,69.689919,107.059875,2
1957-08-01,,,,78.779907,128.269852,2
1957-07-01,,,,90.899902,127.259865,2
1957-06-01,,,,79.789902,131.299835,2
1957-05-01,,,,83.829903,119.179863,2
1957-04-01,,,,68.679924,111.099876,2
1957-03-01,,,,77.769913,81.809914,2
1957-02-01,,,,89.889908,118.169884,2
1945-01-01,,,,,,2
1945-02-01,,,,,,2
1945-03-01,,,,,,2
1945-04-01,,,,,,2
1945-05-01,,,,,,2
1945-06-01,,,,,,2
1945-07-01,,,,,,2
1945-08-01,,,,,,2
1945-09-01,,,,,,2
1945-10-01,,,,,,2
1945-11-01,,,,,,2
1945-12-01,,,,,,2
1946-01-01,,,,,,2
1946-02-01,,,,,,2
1946-03-01,,,,,,2
1946-04-01,,,,,,2
1946-05-01,,,,,,2
1946-06-01,,,,,,2
1946-07-01,,,,,,2
1946-08-01,,,,,,2
1946-09-01,,,,,,2
1946-10-01,,,,,,2
1946-11-01,,,,,,2
1946-12-01,,,,,,2
1947-01-01,,,,,,2
1947-02-01,,,,,,2
1947-03-01,,,,,,2
1947-04-01,,,,,,2
1947-05-01,,,,,,2
1947-06-01,,,,,,2
1947-07-01,,,,,,2
1947-08-01,,,,,,2
1947-09-01,,,,,,2
1947-10-01,,,,,,2
1947-11-01,,,,,,2
1947-12-01,,,,,,2
1948-01-01,,,,,,2
1948-02-01,,,,,,2
1948-03-01,,,,,,2
1948-04-01,,,,,,2
1948-05-01,,,,,,2
1948-06-01,,,,,,2
1948-07-01,,,,,,2
1948-08-01,,,,,,2
1948-09-01,,,,,,2
1948-10-01,,,,,,2
1948-11-01,,,,,,2
1948-12-01,,,,,,2
1949-01-01,,,,,,2
1949-02-01,,,,,,2
1949-03-01,,,,,,2
1949-04-01,,,,,,2
1949-05-01,,,,,,2
1949-06-01,,,,,,2
1949-07-01,,,,,,2
1949-08-01,,,,,,2
1949-09-01,,,,,,2
1949-10-01,,,,,,2
1949-11-01,,,,,,2
1949-12-01,,,,,,2
1950-01-01,,,,,,2
1950-02-01,,,,,,2
1950-03-01,,,,,,2
1950-04-01,,,,,,2
1950-05-01,,,,,,2
1950-06-01,,,,,,2
1950-07-01,,,,,,2
1950-08-01,,,,,,2
1950-09-01,,,,,,2
1950-10-01,,,,,,2
1950-11-01,,,,,,2
1950-12-01,,,,,,2
1951-01-01,,,,,,2
1951-02-01,,,,,,2
1951-03-01,,,,,,2
1951-04-01,,,,,,2
1951-05-01,,,,,,2
1951-06-01,,,,,,2
1951-07-01,,,,,,2
1951-08-01,,,,,,2
1951-09-01,,,,,,2
1951-10-01,,,,,,2
1951-11-01,,,,,,2
1951-12-01,,,,,,2
1952-01-01,,,,,,2
1952-02-01,,,,,,2
1952-03-01,,,,,,2
1952-04-01,,,,,,2
1952-05-01,,,,,,2
1952-06-01,,,,,,2
1952-07-01,,,,,,2
1952-08-01,,,,,,2
1952-09-01,,,,,,2
1952-10-01,,,,,,2
1952-11-01,,,,,,2
1952-12-01,,,,,,2
1953-01-01,,,,,,2
1953-02-01,,,,,,2
1953-03-01,,,,,,2
1953-04-01,,,,,,2
1953-05-01,,,,,,2
1953-06-01,,,,,,2
1953-07-01,,,,,,2
1953-08-01,,,,,,2
1953-09-01,,,,,,2
1953-10-01,,,,,,2
1953-11-01,,,,,,2
1953-12-01,,,,,,2
1954-01-01,,,,,,2
1954-02-01,,,,,,2
1954-03-01,,,,,,2
1954-04-01,,,,,,2
1954-05-01,,,,,,2
1954-06-01,,,,,,2
1954-07-01,,,,,,2
1954-08-01,,,,,,2
1954-09-01,,,,,,2
1954-10-01,,,,,,2
1954-11-01,,,,,,2
1954-12-01,,,,,,2
1955-01-01,,,,,,2
1955-02-01,,,,,,2
1955-03-01,,,,,,2
1955-04-01,,,,,,2
1955-05-01,,,,,,2
1955-06-01,,,,,,2
1955-07-01,,,,,,2
1955-08-01,,,,,,2
1955-09-01,,,,,,2
1955-10-01,,,,,,2
1955-11-01,,,,,,2
1955-12-01,,,,,,2
1956-01-01,,,,,,2
1956-02-01,,,,,,2
1956-03-01,,,,,,2
1956-04-01,,,,,,2
1956-05-01,,,,,,2
1956-06-01,,,,,,2
1956-07-01,,,,,,2
1956-08-01,,,,,,2
1956-09-01,,,,,,2
1956-10-01,,,,,,2
1956-11-01,,,,,,2
1956-12-01,,,,,,2
1957-01-01,,,,,,2
