Date,Interbank Call Loan Rate,Real GDP,CPI,Wholesale Price,Industrial Production,Intl Trade Merch Exports,Intl Trade Merch Imports,FX Rate,Real GDP_yoy_pct,CPI_yoy_pct,Wholesale Price_yoy_pct,Industrial Production_yoy_pct,Intl Trade Merch Exports_yoy_pct,Intl Trade Merch Imports_yoy_pct,FX Rate_yoy_pct
2001-04-01,10.585227272727273,1693.208862,50.080482,52.655579,58.052792,139221.125,147322.15625,50.1853888888889,2.414137607121236,7.551018164178491,7.2146119111955676,21.064873366080782,13.683626034969043,31.13520554016933,21.84350178421328
2001-05-01,9.875,1786.322144,50.17551,53.059242,49.240318,112845.664062,156004.359375,50.5388571428571,3.268184788982209,7.426241153884194,8.432629319763961,15.650250254110665,2.63552238648066,49.747061423526226,20.888136818750034
2001-06-01,9.34375,1786.322144,50.270542,53.418053,53.422508,131307.25,148478.203125,51.48805,3.268184788982209,7.411171256730054,8.469949804726662,10.694178010301547,7.047289941865542,45.58276662264122,20.725387993594225
2001-07-01,9.0921875,1786.322144,50.698174,54.359932,56.260426,133000.015625,147393.734375,53.2241818181818,3.268184788982209,7.236183933812379,9.88213791854793,8.655032001233254,-8.622024150749596,38.405294474700625,19.994097300266244
2001-08-01,9.196022727272727,1762.583252,51.030777,54.853298,52.974419,138151.71875,153010.75,51.9876956521739,3.1104413690406396,7.400006654784441,9.784558406306676,7.508969461597692,-3.5006026225951947,28.56569975048351,15.79156845617964
2001-09-01,9.264204545454545,1762.583252,51.078289,54.943001,57.554913,135816.28125,149962.71875,51.2499,3.1104413690406396,6.965171618466992,9.472740216228924,11.640447270074162,-14.299049931047758,26.34893244154448,12.054296334086345
2001-10-01,9.23046875,1762.583252,51.220833,55.212109,55.662968,140033.46875,141110.25,51.7333043478261,3.1104413690406396,6.838448500679628,8.745577763412848,5.269903711920354,-12.68009688244045,3.6480656402308576,7.539927872759877
2001-11-01,8.984375,1956.269531,51.268349,54.673893,56.708515,152251.421875,131543.984375,51.9898947368421,3.348573566297075,6.0963647176983216,6.46288663678245,0.35735835668282423,-7.311718699020253,-4.653690721668169,4.494482854231818
2001-12-01,8.689144736842104,1956.269531,51.410892,54.359932,55.911907,136718.96875,115249.414062,51.7889,3.348573566297075,5.048544213043327,4.663214111206626,3.1603138704634492,-17.191585997204772,-13.24763867401353,3.7933788478670127
2002-01-01,8.851102941176471,1956.269531,51.553436,54.180527,53.273144,136626.96875,120252.398438,51.4096818181818,3.348573566297075,4.52793343618223,5.410122907630388,-2.568322651992627,-21.75653335612121,7.624421474783172,0.8640678340961383
2002-02-01,7.811079545454546,1758.846802,51.743496,55.212109,47.995617,135183.96875,107386.726562,51.2816842105263,3.876541250939902,3.7142860063543726,5.484146477856311,-8.365021407026651,-7.66883107735744,-30.090635243492393,6.195905566873061
2002-03-01,7.498355263157895,1758.846802,51.648468,55.48122,50.833534,134821.515625,119020.515625,51.066052631579,3.876541250939902,3.2288730748268435,5.097706325200835,-5.462966143458625,-0.2912023270301489,-0.5219607325367859,5.361828438726524
2002-04-01,6.9908117647058825,1758.846802,51.838524,55.795177,51.630142,145467.53125,156904.78125,50.9871904761905,3.876541250939902,3.510433465875984,5.962517286155,-11.063464441124548,4.486679912980152,6.504537568496249,1.597679334670099
2002-05-01,6.970240476190476,1851.704834,51.933556,56.198841,55.662968,140050.984375,175560.453125,49.8382727272727,3.660184710781933,3.5037929858610317,5.917157655588068,13.043477907677193,24.108432113131762,12.535607228123325,-1.386229240609993
2002-06-01,7.076706818181818,1851.704834,52.028584,56.4231,55.862122,145511.765625,146908.03125,50.4064736842105,3.660184710781933,3.4971614191070532,5.625527010503362,4.566640712562586,10.817769487214157,-1.057510019620933,-2.100635615039792
2002-07-01,7.125002777777777,1851.704834,52.171127,56.647354,57.455338,148026.40625,152362.328125,50.5963181818182,3.660184710781933,2.9053373796066095,4.207919171054142,2.123894333825338,11.298036736602835,3.370966731434377,-4.937349051866313
2002-08-01,7.110130952380952,1809.766968,52.361187,56.916466,54.41827,163186.875,161516.03125,51.7930909090909,2.676963822642753,2.6070737664841026,3.761246953647168,2.7255626909282515,18.121494597764464,5.5586167965322675,-0.3743284649217915
2002-09-01,7.09375,1809.766968,52.598759,57.185574,56.111061,157103.0,175808.203125,52.1292380952381,2.676963822642753,2.9767441896888958,4.081635438879649,-2.5086511728373173,15.673171547685861,17.23460643447423,1.7157849971182415
2002-10-01,7.0484375,1809.766968,52.598759,57.275276,59.894947,166407.71875,166355.5625,52.9069545454546,2.676963822642753,2.690167104467056,3.7368016497975054,7.602862642897534,18.834247437721928,17.890488111246338,2.268655003626918
2002-11-01,7.051136363636363,2045.575439,52.598759,57.320126,62.284771,160589.65625,155983.234375,53.3082,4.565112658803661,2.5949928678218326,4.840030323064792,9.833189953924904,5.476621677691629,18.57876672667116,2.5356951958275253
2002-12-01,7.0625,2045.575439,52.646275,57.185574,61.239223,165456.71875,167322.96875,53.5194705882353,4.565112658803661,2.4029596685465116,5.1980234265193825,9.52805276343016,21.019577797246946,45.18335742686408,3.3415859155828898
2003-01-01,7.080882352941177,2045.575439,52.836334,57.67894,58.948975,155787.875,142903.578125,53.5635,4.565112658803661,2.488482048024898,6.456956389516111,10.654206930231114,14.024248964390495,18.836364165059493,4.189518599697828
2003-02-01,7.067434210526316,1840.078735,53.168938,58.665668,55.115299,146432.625,168346.609375,54.0748421052632,4.618476885401868,2.7548235241004804,6.255075313279557,14.834025365274496,8.32099867610967,56.76668315036557,5.446696881619895
2003-03-01,7.060855263157895,1840.078735,53.311481,59.069332,56.509365,150902.59375,163513.890625,54.5908571428571,4.618476885401868,3.2198689804313174,6.467255045941678,11.165525103959917,11.927679384445433,37.38294592857088,6.902441699788597
2003-04-01,7.117564285714286,1840.078735,53.406509,58.889927,62.832439,170575.65625,201376.296875,52.8067894736842,4.618476885401868,3.0247485441522226,5.546626368798857,21.69720354439466,17.260294984211466,28.342995841626074,3.568737521129739
2003-05-01,7.190650000000001,1932.975586,53.644085,58.620819,57.057034,143657.0625,180915.15625,52.50715,4.388969046672586,3.293687418593083,4.30965827213412,2.504476584863391,2.5748324019946756,3.0500622604268557,5.355075781482355
2003-06-01,7.121875,1932.975586,53.786629,58.845078,60.741344,148592.578125,189681.46875,53.3992,4.388969046672586,3.37899835982467,4.292529123709965,8.734401460796626,2.117225701143366,29.11579246965097,5.937186430732111
2003-07-01,7.067189999999999,1932.975586,54.21426,59.024483,60.392826,163414.21875,169555.609375,53.7138260869565,4.388969046672586,3.916214039232857,4.196363699529537,5.1126459303050265,10.395315869529199,11.284470027193617,6.161531149234056
2003-08-01,6.842391304347826,1909.700684,54.309288,59.248737,61.936256,161779.875,187748.53125,54.99135,5.521910708229916,3.720505801367713,4.097708736870631,13.815187436131282,-0.8622016936104648,16.24142185576394,6.175068980769649
2003-09-01,6.8265625,1909.700684,54.40432,59.607552,61.289009,165222.484375,184864.328125,55.0235,5.521910708229916,3.4327064636638926,4.2352954260806985,9.228034379888129,5.168255459793891,5.151139047568254,5.552089404173133
2003-10-01,6.941761363636363,1909.700684,54.499348,59.652401,61.338799,184470.96875,179575.9375,54.9519565217391,5.521910708229916,3.6133723230998616,4.1503510170775915,2.4106407507130667,10.854814990365336,7.947059179340643,3.8652800824654276
2003-11-01,6.8210227272727275,2162.922363,54.499348,59.921509,62.135406,183611.203125,186964.578125,55.3717894736842,5.736621674406028,3.6133723230998616,4.538341384664779,-0.23980982445932497,14.335634942241171,19.86197034196484,3.8710544975898653
2003-12-01,6.817565789473684,2162.922363,54.689407,60.370026,60.79113,170906.0,196444.9375,55.4451052631579,5.736621674406028,3.8808671648658866,5.568628199832348,-0.731709153135407,3.2934783737816664,17.404645021277144,3.5980077040334013
2004-01-01,6.970394736842105,2162.922363,54.879463,60.953094,59.646008,176049.953125,184644.515625,55.5261,5.736621674406028,3.8669015151581165,5.6765155531637745,1.182434469810545,13.006197128627628,29.209161903201995,3.6640622812176282
2004-02-01,6.840625,1972.127686,55.35461,61.446457,60.641766,158201.171875,193295.296875,56.0695789473684,7.1762663460158915,4.110806200417261,4.740061938781648,10.027101549426408,8.036833919353704,14.819833670914996,3.6888445059575004
2004-03-01,6.875,1972.127686,55.449642,62.029526,61.289009,168634.203125,185974.625,56.3029130434783,7.1762663460158915,4.010695182150337,5.011388989467491,8.458144946417278,11.750367528059801,13.736285210478583,3.1361586723963164
2004-04-01,7.088315217391305,1972.127686,55.639702,62.74715,63.728622,189302.296875,220833.921875,55.9038947368421,7.1762663460158915,4.181499674505962,6.5498858573894925,1.4263062428628626,10.97849542935585,9.66232138635359,5.8649754965719225
2004-05-01,7.205882352941177,2077.811768,55.924789,63.195663,61.936256,166851.75,210662.921875,55.8453,7.492913156741743,4.251547957244495,7.804128427478996,8.551482013593613,16.14587344078542,16.442937253909594,6.357515119369461
2004-06-01,7.151713157894737,2077.811768,56.209877,63.733883,64.425652,182420.46875,200059.65625,55.9848181818182,7.492913156741743,4.5052981476121134,8.307925091033109,6.065568782936381,22.765531799672445,5.4713766022544075,4.842054154028896
2004-07-01,7.230654761904762,2077.811768,57.160172,64.496353,67.910812,185809.375,211569.578125,55.9527272727273,7.492913156741743,5.433832353332857,9.270508985229075,12.448475254329061,13.704533437363441,24.778872786850247,4.1682027680289835
2004-08-01,7.154829545454546,2029.119019,57.87289,64.900017,65.919296,173935.359375,210411.984375,55.8342272727273,6.253248794458721,6.561680572943618,9.538228637683876,6.430869828489483,7.513594861536399,12.071174657990834,1.5327451912478862
2004-09-01,7.151928571428571,2029.119019,58.110462,65.483086,63.529469,191541.3125,205948.796875,56.2131818181818,6.253248794458721,6.812220058995311,9.857029525386318,3.655565714890252,15.929325977973452,11.40537439745719,2.1621340303357828
2004-10-01,7.017647727272728,2029.119019,58.443066,65.572792,68.259331,204749.09375,214646.34375,56.3414285714286,6.253248794458721,7.236266386159351,9.92481593490262,11.282470659394562,10.992583351953588,19.529568793146357,2.5285215261440674
2004-11-01,7.0,2282.019531,58.680641,66.155861,70.698944,211452.78125,225820.078125,56.322052631579,5.5063080412562915,7.672189032426591,10.404197264124315,13.782058493349169,15.163332983579348,20.782278862481718,1.7161503482678864
2004-12-01,7.1185789473684205,2282.019531,59.155788,66.155861,69.852547,207417.5625,205897.8125,56.1828333333333,5.5063080412562915,8.16681190198314,9.583953135948619,14.905820964341343,21.363534633073144,4.81197180253119,1.3305558113271498
2005-01-01,7.046877777777778,2282.019531,59.58342,66.73893,68.010391,184102.796875,183428.640625,55.76619047619,5.5063080412562915,8.571434090016506,9.492276142700806,14.02337437234693,4.574181138396716,-0.6584950524440969,0.43239211143948353
2005-02-01,7.023809523809524,2071.139893,60.011051,67.815361,62.840286,183461.359375,194990.34375,54.81284210526,5.020577912012536,8.412020245468256,10.364965387670754,3.625422122436217,15.967130458400725,0.876920909304979,-2.2413880498158845
2005-03-01,7.110197368421052,2071.139893,60.153595,68.39843,64.054733,164332.828125,175890.90625,54.4402,5.020577912012536,8.48328831410672,10.267536140772716,4.512593767016204,-2.5507132718571968,-5.422093874365929,-3.3083777424444683
2005-04-01,7.096875,2071.139893,60.343655,69.474861,66.749039,177792.359375,208476.234375,54.49176190476,5.020577912012536,8.454310197419822,10.721938765346328,4.739498368566641,-6.080189036269457,-5.595919048611975,-2.5260008067943596
2005-05-01,7.3203125,2195.368652,60.676258,70.416748,69.084549,176709.390625,223908.125,54.3410952381,5.657725392187696,8.496176892147055,11.426551534082318,11.541370857159983,5.908023514886729,6.28739172850703,-2.6935207831276786
2005-06-01,7.194068421052632,2195.368652,60.961346,70.596153,71.394516,179574.09375,206360.78125,55.17904761905,5.657725392187696,8.45308556715041,10.767067181517875,10.816908767954715,-1.5603375100964323,3.1496230265066316,-1.4392661956163733
2005-07-01,7.228829545454545,2195.368652,61.484005,71.493179,71.822189,185595.328125,232615.75,56.0062,5.657725392187696,7.564415656411949,10.848405645509906,5.759579196314113,-0.11519702652247332,9.947636168450202,0.09556768700846874
2005-08-01,7.323115789473683,2117.984619,62.006668,72.300507,73.304428,196146.0,214623.921875,55.9523,4.379516389521343,7.1428573897035275,11.402909185678634,11.20329319050979,12.769479825614095,2.001757415344474,0.2114701555659959
2005-09-01,7.209635416666667,2117.984619,62.291756,73.376938,74.696075,196586.234375,237212.9375,56.1561818181818,4.379516389521343,7.195423777563503,12.05479534058611,17.577049164380696,2.6338557510928506,15.180540551531196,-0.10139970404871024
2005-10-01,7.355113636363637,2117.984619,62.529331,73.690903,74.938255,206265.875,243421.796875,55.7077,4.379516389521343,6.9918730820864194,12.380304013896492,9.784631496022133,0.7407999821733124,13.405983359546504,-1.124800324551889
2005-11-01,7.6984375,2389.831299,62.814419,74.00486,80.568588,202110.125,231245.109375,54.5605789473684,4.724401633528341,7.044534499887289,11.864404576338284,13.960101016501758,-4.4183179784966775,2.4023688659770226,-3.1275026422296404
2005-12-01,7.922763157894737,2389.831299,63.337078,73.960007,78.604683,197926.375,216677.875,53.61175,4.724401633528341,7.068268619800988,11.796605594778665,12.529444345100238,-4.575884214240533,5.2356372168839815,-4.576279231200453
2006-01-01,7.763888888888889,2389.831299,63.527138,74.543076,78.491104,204555.46875,224973.59375,52.6171363636364,4.724401633528341,6.618817785216091,11.693543783216187,15.410458381278836,11.109375969386658,22.649109203144647,-5.6468876314908485
2006-02-01,7.734375,2164.381104,64.297241,75.440102,68.768623,174613.609375,194791.65625,51.8168,4.501927238963188,7.142334501023817,11.24338333906385,9.433975205014189,-4.822677663646302,-0.10189607145609791,-5.465949201295828
2006-03-01,8.1234375,2164.381104,64.756042,76.068024,69.126457,178481.734375,176824.8125,51.2189130434783,4.501927238963188,7.651158671397762,11.213114102180398,7.917797424899109,8.609908568747816,0.5309576656979731,-5.917110805106695
2006-04-01,7.919836956521739,2164.381104,64.952667,76.202576,75.614967,211198.75,216316.25,51.3597222222222,4.501927238963188,7.637939730366039,9.6836681688359,13.282480366496351,18.789553579487173,3.7606279912451024,-5.747730616624091
2006-05-01,7.923611111111111,2325.314209,65.083755,77.099609,70.262039,201089.109375,227047.703125,52.1272727272727,5.919076820269731,7.263956521511261,9.49044252938236,1.7044187405783173,13.796504341830307,1.4021724870412866,-4.073937967439301
2006-06-01,7.948863636363637,2325.314209,65.214844,77.906937,74.821251,202184.640625,231902.34375,53.1566666666667,5.919076820269731,6.9773689052075705,10.35578241777566,4.799717390058378,12.591207563869444,12.377139854426677,-3.6651247885711835
2006-07-01,8.050597619047618,2325.314209,65.542557,78.669411,74.017693,215324.5625,241057.171875,52.3976,5.919076820269731,6.600988338349145,10.037645689248208,3.0568603248781523,16.018309660778264,3.6289124339172973,-6.443215215458298
2006-08-01,8.0703125,2217.592773,65.804726,79.566437,72.364273,206755.0,230587.21875,51.3617727272727,4.702968714051847,6.125241240184054,10.049625239834059,-1.282535074143143,5.40872615296768,7.437799447303561,-8.204358485222773
2006-09-01,8.110795454545455,2217.592773,66.00135,79.700989,74.006355,218771.3125,250522.65625,50.4012105263158,4.702968714051847,5.955192529810849,8.618581222345378,-0.9233684634701311,11.285163580009705,5.61087387992909,-10.248152751016804
2006-10-01,8.151315789473685,2217.592773,66.00135,78.265747,73.385925,209912.453125,219172.5625,50.0038095238095,4.702968714051847,5.5526245754972114,6.208152992778504,-2.071478712708208,1.7679018039217675,-9.961817177552213,-10.23896243461946
2006-11-01,8.06547857142857,2533.516357,66.132439,77.682678,76.981941,209801.078125,234189.578125,49.8434285714286,6.012351501971014,5.282258520929739,4.969697936054462,-4.451669179060202,3.8053279740438484,1.2733107125846743,-8.645711733539652
2006-12-01,7.311014285714285,2533.516357,66.263519,77.592972,78.341141,200372.328125,224739.90625,49.467,6.012351501971014,4.620423127192574,4.912066868787601,-0.33527518964742153,1.2357893812787735,3.72074502299784,-7.731047764715759
2007-01-01,7.647569444444445,2533.516357,66.329063,78.131187,76.788925,182253.71875,206412.59375,48.9143181818182,6.012351501971014,4.410595358474989,4.813473219162567,-2.168626650989647,-10.902544007394077,-8.25030159789586,-7.037285640609669
2007-02-01,7.644886363636363,2297.796875,66.722321,77.727524,68.40107,195230.28125,190926.609375,48.38135,6.164153381002713,3.771670389402848,3.0321035355970416,-0.5344777661172584,11.807024635017793,-1.9841952932724727,-6.629992589276068
2007-03-01,7.5734375,2297.796875,66.656776,77.592972,61.966061,179934.96875,178435.90625,48.5172272727273,6.164153381002713,2.9352226314264263,2.0047161998056007,-10.35840155962282,0.814220222640083,0.911124251863682,-5.274781541063978
2007-04-01,7.920454545454546,2297.796875,66.656776,78.176041,71.273926,217597.25,221476.859375,47.8224444444444,6.164153381002713,2.6236166715063236,2.5897615324710355,-5.74098114729058,3.029610733965038,2.385678087060028,-6.887260336948053
2007-05-01,7.994791666666667,2484.416992,66.787865,79.162773,67.260208,197106.234375,207573.3125,46.8141428571429,6.842205770910503,2.618333868413103,2.6759720662137276,-4.27233687311579,-1.9806517679545554,-8.57722423832602,-10.192610493796273
2007-06-01,7.691964285714286,2484.416992,66.918945,79.521584,68.515808,193150.546875,201011.328125,46.16015,6.842205770910503,2.6130569291862304,2.0725330274504294,-8.427342386991088,-4.468239388547768,-13.32070005221756,-13.162068100583236
2007-07-01,7.41875,2484.416992,67.312202,79.835548,71.039894,191561.609375,217429.578125,45.6250909090909,6.842205770910503,2.699993837591652,1.482325830556941,-4.0230908034380235,-11.035876654805698,-9.80165558494649,-12.925227664834072
2007-08-01,7.242052272727273,2362.773193,67.70546,80.239204,72.454582,193591.625,229722.046875,46.0737142857143,6.546757446526019,2.8884460365354414,0.8455411921989286,0.12479777140856907,-6.36665376895359,-0.37520374272695944,-10.295708580071029
2007-09-01,6.721726190476191,2362.773193,67.770996,80.284058,72.199371,190342.484375,230341.671875,46.13145,6.546757446526019,2.681226974902784,0.7315705956923546,-2.4416605844187256,-12.994769652442429,-8.055552610324046,-8.471543603276043
2007-10-01,6.5968775,2362.773193,67.902084,80.91198,70.876823,202065.0625,218408.90625,44.3802857142857,6.546757446526019,2.879841094159441,3.381087003488248,-3.419050723963757,-3.7384111843650314,-0.348426938704971,-11.246190766417785
2007-11-01,6.397321428571429,2698.252197,68.033173,81.988411,74.444595,206340.5625,228081.59375,43.2176315789474,6.502260762786927,2.874132617428482,5.542719575141319,-3.2960275709338127,-1.6494269981483178,-2.6081367172282266,-13.293220756244818
2007-12-01,6.434210526315789,2698.252197,68.295341,83.154549,73.53511,171149.921875,219451.75,41.7428888888889,6.502260762786927,3.0662754267547943,7.167629820906973,-6.134747258787043,-14.584052859719199,-2.3530116828105574,-15.6146746540342
2008-01-01,6.314236111111111,2698.252197,68.819679,83.42366,78.7929,186563.671875,208167.09375,40.9380909090909,6.502260762786927,3.754939218725273,6.773828996096021,2.6097187843168834,2.3648094286141896,0.8499965860246927,-16.30652857733611
2008-02-01,5.829545454545454,2393.607178,69.802818,83.917023,66.342857,173055.3125,204345.15625,40.6711,4.16965938296876,4.61689124993121,7.963072386044345,-3.009036262152054,-11.358365417506155,7.0281177248816995,-15.936409380887461
2008-03-01,5.321875,2393.607178,70.064987,84.230988,66.585793,167185.203125,182594.53125,41.2523684210526,4.16965938296876,5.113075075818263,8.55491912334534,7.455261679453851,-7.085763102954379,2.3305987496560876,-14.9737717096592
2008-04-01,5.189144736842105,2393.607178,70.589333,86.563263,68.074783,173772.53125,211961.125,41.8195714285714,4.16965938296876,5.899710781091483,10.728634876764875,-4.488518003063291,-20.140290720585853,-4.2964914717741,-12.55241777288606
2008-05-01,5.15625,2602.999268,71.638008,88.222763,72.0914,181079.703125,203259.5625,42.9019523809524,4.773042383055803,7.2620123431105466,11.444760784213548,7.182838328421437,-8.130910369638078,-2.07818141361501,-8.356855935884289
2008-06-01,5.139883333333334,2602.999268,72.490067,91.093254,74.455124,181466.96875,205132.84375,44.28055,4.773042383055803,8.32517906550978,14.551609032335167,8.668533836746107,-6.048949026564854,2.050389728501778,-4.071910511555976
2008-07-01,5.3671875,2602.999268,73.66983,95.219582,76.50032,200711.375,235958.890625,44.9562608695652,4.773042383055803,9.444985918006378,19.269654164583415,7.686421942014721,4.776408829959489,8.521983374933239,-1.465925932856471
2008-08-01,5.675,2491.195557,74.587425,97.148193,79.889221,199297.578125,264202.9375,44.8769473684211,5.435238743205084,10.164564275909193,21.07322624985164,10.261102603559301,2.9474173404970383,15.009830834287442,-2.597504750478241
2008-09-01,5.8515625,2491.195557,74.915138,95.219582,76.928627,197742.734375,226994.609375,46.6922272727273,5.435238743205084,10.541592158391765,18.6033496214155,6.5502731318809015,3.8878603609168616,-1.453085962585332,1.2156072976836851
2008-10-01,5.484379545454545,2491.195557,74.78405,93.111565,81.167595,207859.1875,228663.8125,48.0252272727273,5.435238743205084,10.13513222952036,15.07760037512369,14.519234305973349,2.8674551297060535,4.695278423427385,8.212974521856943
2008-11-01,5.534090909090909,2783.075195,74.652969,89.4786,82.26532,191677.25,219924.421875,49.1862,3.1436274968777544,9.730247330960129,9.135667966537376,10.505430246480607,-7.106364508432506,-3.576427076330002,13.810494011337893
2008-12-01,5.7140625,2783.075195,74.456337,86.832367,73.412247,172664.15625,171287.953125,48.0942352941176,3.1436274968777544,9.021107310965792,4.422870479400953,-0.16708073191161743,0.8847414935461817,-21.947328683867863,15.215397339016711
2009-01-01,5.793269230769231,2783.075195,74.128624,84.903755,70.818047,128253.8125,158267.59375,47.20715,3.1436274968777544,7.714283293881685,1.7741909189791016,-10.121283770492006,-31.254669673347944,-23.970887569736266,15.313511088805942
2009-02-01,5.4828125,2420.350098,74.718513,83.378807,48.721703,118707.398438,154466.046875,47.58455,1.1172643634175916,7.042258666405132,-0.6413668892901625,-26.560740367271187,-31.404938269086646,-24.409244775039785,16.998433777301326
2009-03-01,5.219791666666667,2420.350098,75.111763,83.019997,51.156097,119461.367188,145822.953125,48.4580454545455,1.1172643634175916,7.202992844343203,-1.4377024759581247,-23.172654863478147,-28.545490297558295,-20.138378665160594,17.46730505251566
2009-04-01,4.89732380952381,2420.350098,75.177307,82.706039,57.833439,140812.6875,158396.109375,48.2165263157895,1.1172643634175916,6.499528760244844,-4.455959567975166,-15.044255080475244,-18.967234644572173,-25.271150841929146,15.296557732888827
2009-05-01,4.724264705882353,2652.251465,75.636108,83.468513,57.128334,135085.25,147284.84375,47.52415,1.892132572048033,5.580975953435208,-5.388915330162581,-20.755687918392475,-25.40011515992483,-27.538541390887815,10.773863105353133
2009-06-01,4.572434210526316,2652.251465,75.701653,84.410393,62.894421,146643.953125,171745.796875,47.9052857142857,1.892132572048033,4.43038078582545,-7.336285297262524,-15.52707507410772,-19.189726849393907,-16.275817301928274,8.18584167153682
2009-07-01,4.329166666666667,2652.251465,75.963821,86.87722,64.271637,163295.0,196845.015625,48.146,1.892132572048033,3.113881218403769,-8.761183177636722,-15.985139670004001,-18.641880660724887,-16.576563356606943,7.0952055814637705
2009-08-01,4.244485294117647,2514.310791,76.160446,86.294151,66.019867,159479.890625,193802.0,48.1607222222222,0.9278771365438754,2.108962737351505,-11.172664837934764,-17.360732557399704,-19.97901222614268,-26.64653851549247,7.3172865944795
2009-09-01,4.112980769230769,2514.310791,76.22599,87.236031,66.4412,167490.984375,174435.609375,48.1394,0.9278771365438754,1.7497825339386042,-8.384358377040558,-13.632671489119396,-15.298539334765382,-23.15429434413193,3.0993867969069555
2009-10-01,4.1333400000000005,2514.310791,76.422615,87.146324,70.620094,174820.875,176358.609375,46.8512727272727,0.9278771365438754,2.1910621315641476,-6.406552182857195,-12.994719136374577,-15.894564439207192,-22.874281047421963,-2.4444539091671658
2009-11-01,4.033653846153846,2832.720703,76.750328,88.043358,73.809151,175643.578125,178455.375,47.0324210526316,1.7838363867850981,2.8094783477399243,-1.6040058740302232,-10.279141927606917,-8.364932132008363,-18.856044509040505,-4.378827694289056
2009-12-01,4.4375,2832.720703,77.143585,89.119789,75.070816,174889.796875,171926.359375,46.4210526315789,1.7838363867850981,3.6091595534709198,2.634296494531796,2.259253827225849,1.2889997978373202,0.3727093694289918,-3.478967182462611
2010-01-01,4.191673333333333,2832.720703,77.471298,89.702858,77.675789,153919.046875,182422.5625,46.0276,1.7838363867850981,4.5092891512460875,5.652403712886445,9.683607908588598,20.01128377762649,15.26210652330715,-2.498668104301993
2010-02-01,4.156266666666666,2616.890869,77.667923,90.33078,66.083786,164805.140625,198466.09375,46.3116,8.120344703950334,3.9473617468805955,8.337817786239142,35.63521373626863,38.83308268361765,28.485254698468832,-2.675133000101926
2010-03-01,4.12918,2616.890869,78.06118,90.33078,66.555634,165144.5,180687.515625,45.7424782608696,8.120344703950334,3.9267045296220715,8.806050667527732,30.10303346637253,38.24092582174039,23.90883036781868,-5.603955273481153
2010-04-01,4.130225,2616.890869,78.192268,90.68959,71.477226,191081.546875,208170.140625,44.6265789473684,8.120344703950334,4.010466881980745,9.652923893501896,23.591519432209452,35.699098048249375,31.42377135802046,-7.445470760189332
2010-05-01,4.226570833333334,2863.766602,78.651062,91.003548,71.027618,161280.203125,203988.796875,45.5971052631579,7.974927709201984,3.986130539662347,9.02739815192346,24.32993057350492,19.391423656542806,38.49951677393826,-4.054874704423117
2010-06-01,4.218754545454545,2863.766602,78.519981,90.510185,75.004501,193442.15625,219486.84375,46.3027,7.974927709201984,3.7229411621962916,7.226351854563706,19.254617194106928,31.91280794586122,27.797505233707053,-3.34532127382301
2010-07-01,4.078125,2863.766602,78.78215,90.285927,75.790489,211186.359375,195800.390625,46.3202727272727,7.974927709201984,3.710093782670576,3.9235912475100054,17.9221388121793,29.32812356471417,-0.5306839986185197,-3.7920642893019108
2010-08-01,4.1830428571428575,2692.051514,78.978775,89.927116,75.996483,208435.96875,216902.953125,45.1824761904762,7.069162795475603,3.700515356750933,4.209978263764369,15.11153604717197,30.697336155136323,11.919873440418582,-6.183972943769067
2010-09-01,4.082409090909091,2692.051514,79.306488,90.420479,77.307991,215641.390625,201503.1875,44.3136666666667,7.069162795475603,4.0412699133195895,3.650381572265715,16.355500803718193,28.74805854755429,15.517231958533406,-7.947197790860095
2010-10-01,4.200673684210526,2692.051514,79.372032,90.241074,76.025803,236235.078125,203327.59375,43.4449,7.069162795475603,3.8593510572753953,3.5512111790280354,7.654632971743136,35.1297882046409,15.292128051233679,-7.270608734797102
2010-11-01,4.14376,3011.151855,79.306488,91.093254,80.826042,207708.078125,212720.265625,43.4918421052632,6.29893204123626,3.330487395441506,3.4640841390897403,9.506803566945244,18.25543543481032,19.20081736120305,-7.527953841471002
2010-12-01,4.25,3011.151855,79.961914,93.066719,81.522064,180643.21875,215935.3125,43.95475,6.29893204123626,3.6533549743636984,4.428791903894669,8.593549855645644,3.289741298694615,25.597560074548632,-5.31289682539674
2011-01-01,4.25,3011.151855,80.289627,94.277702,84.582649,184549.90625,217409.546875,44.1721904761905,6.29893204123626,3.637900839095254,5.09999804019623,8.891908391171931,19.90062958216976,19.1790883186393,-4.03108031661329
2011-02-01,4.239583333333333,2743.20874,80.813965,96.385719,73.717293,176908.765625,234375.390625,43.7031,4.827020969669649,4.050632331187742,6.703073968806628,11.551255553064088,7.3442035570606246,18.093416460462784,-5.632498121420982
2011-03-01,4.2384894736842105,2743.20874,81.731567,98.179779,73.804565,171527.90625,212968.84375,43.516,4.827020969669649,4.7019363529990255,8.689174387733601,10.891536244700184,3.865345954603394,17.865832076631616,-4.867419399910922
2011-04-01,4.290782608695652,2743.20874,81.928192,99.301064,78.250137,189478.484375,241545.921875,43.2401578947368,4.827020969669649,4.777868829690424,9.49554849680101,9.47562094813248,-0.8389415546487422,16.032933998024014,-3.106715964642326
2011-05-01,4.473705263157894,2965.726074,82.321449,100.736313,74.720123,186000.90625,238632.140625,43.1307272727273,3.5603275744885643,4.666671888041396,10.694929169135259,5.198689050785843,15.327797613102124,16.982963908174177,-5.409067036594129
2011-06-01,4.707257894736842,2965.726074,82.518074,99.570175,78.338318,177730.375,211127.640625,43.3656666666667,3.5603275744885643,5.0918160563487636,10.009912144141575,4.444822584713948,-8.122211597814532,-3.8085212681454816,-6.3431146203856485
2011-07-01,4.674128571428572,2965.726074,82.911331,99.211365,77.48278,179390.78125,195399.296875,42.8087619047619,3.5603275744885643,5.241264677341251,9.885746645764627,2.232854045842103,-15.055696882648151,-0.20484828897414653,-7.580937278124599
2011-08-01,4.654790476190476,2773.776367,82.911331,98.717995,79.206108,190608.90625,213743.53125,42.4209047619048,3.035783400688663,4.979256768669815,9.775559798893152,4.223386232228665,-8.552776474669754,-1.4566062054393702,-6.1120409092441434
2011-09-01,4.708892105263158,2773.776367,83.042412,97.820969,78.53318,177033.703125,215342.21875,43.0256363636364,3.035783400688663,4.710741950898134,8.184528639800725,1.5848154688174576,-17.903653555610155,6.867896940836227,-2.906620913857194
2011-10-01,4.712505,2773.776367,83.107956,98.448891,77.473579,167927.203125,219033.609375,43.4514,3.035783400688663,4.706851904711207,9.095433638123595,1.9043218787179406,-28.915212567989578,7.724488022177267,0.014961479943575995
2011-11-01,4.680292307692308,3132.649414,83.435669,98.583443,72.532616,180104.84375,217759.640625,43.2745263157895,4.034919686904992,5.206611847444309,8.222550706114863,-10.260834001991581,-13.289437090832934,2.3690149996727694,-0.49967023458729054
2011-12-01,4.617803846153846,3132.649414,83.76338200000001,99.973839,78.248375,145750.515625,217541.3125,43.6485714285714,4.034919686904992,4.754098307351695,7.421686371043124,-4.015709170464577,-19.31581122526914,0.7437412535293397,-0.6965767554782953
2012-01-01,4.699519230769231,3132.649414,83.632301,99.74958,79.190254,148791.21875,202323.859375,43.6191428571429,4.034919686904992,4.163270057288981,5.804000186597658,-6.375296900431682,-19.37616129241464,-6.938833973410352,-1.2520267007037011
2012-02-01,4.664616666666666,2908.89917,84.087837,99.800003,76.853607,179627.078125,223868.4375,42.6607619047619,6.040022677967993,4.05112160998411,3.5423131511837402,4.25451596547366,1.536561792399871,-4.482959195068004,-2.3850438418283826
2012-03-01,4.392377777777778,2908.89917,84.173119,99.800003,81.303673,188948.984375,213153.75,42.8573636363636,6.040022677967993,2.9872815236737127,1.6502624231818697,10.160764445939098,10.156410409166284,0.08682314593257967,-1.513549875072151
2012-04-01,4.1875210526315785,2908.89917,84.343689,100.0,88.855629,185505.640625,230390.71875,42.6997777777778,6.040022677967993,2.948309905337587,0.7038554994738044,13.553320679809167,-2.0967255269665808,-4.618253555434815,-1.249718186215909
2012-05-01,4.156272222222222,3150.174561,84.940659,99.900002,79.310425,197818.484375,204346.046875,42.8514545454546,6.219336594064684,3.1816859783408313,-0.8301981431462546,6.143327681620647,6.353505670083259,-14.367760210423253,-0.6475029403208987
2012-06-01,4.09766875,3150.174561,84.855377,100.0,76.829956,211520.8125,231003.578125,42.77645,6.219336594064684,2.8324740104816337,0.4316804705826849,-1.9254459867264484,19.012190516111826,9.414180654490046,-1.3587169573472835
2012-07-01,4.1187575,3150.174561,85.196503,100.300003,84.365829,184261.046875,217950.75,41.9054090909091,6.219336594064684,2.756163690099256,1.097291625813246,8.883327366416127,2.7148918082990914,11.541215084016665,-2.1102054197748576
2012-08-01,4.087178947368422,2979.022217,85.452347,100.5,81.21862,198087.625,211491.703125,42.0452105263158,7.399509651961789,3.06473912474039,1.8051470757687094,2.5408545512676906,3.9235935492914598,-1.0535187249087752,-0.8856346598396625
2012-09-01,3.8632999999999997,2979.022217,86.134605,100.199997,80.388611,160373.78125,218203.359375,41.74895,7.399509651961789,3.723631004359551,2.4320225247410843,2.36260775381818,-9.410593339527418,1.328648251888609,-2.9672689855097745
2012-10-01,3.795967647058824,2979.022217,86.134605,100.199997,83.797562,200857.078125,222391.96875,41.4521363636364,7.399509651961789,3.6418282264095048,1.7786955060773435,8.162760881358011,19.609613205722233,1.5332621256541001,-4.601148953459733
2012-11-01,3.8035809523809525,3378.370361,86.134605,99.900002,84.896812,182616.859375,218513.640625,41.1221578947368,7.843869981168594,3.234750835401101,1.3354767899514286,17.04639468677098,1.3947518415922566,0.3462533267578394,-4.973753855434737
2012-12-01,3.613842857142857,3378.370361,86.134605,99.599998,84.400917,148396.546875,214026.375,41.0067222222222,7.843869981168594,2.830858715804929,-0.3739388261362997,7.862836768175718,1.81545241102814,-1.6157563175500322,-6.052544493174183
2013-01-01,3.623266666666667,3378.370361,86.049324,100.0,83.969353,162882.328125,217422.015625,40.7295,7.843869981168594,2.8900591889729377,0.2510486760946895,6.0349585442673215,9.470390452729593,7.462370625313208,-6.624712609797879
2013-02-01,3.544283333333333,3129.775635,86.475731,100.5,76.275253,183829.828125,192505.34375,40.672250000000005,7.593128949876937,2.8397614746589417,0.7013997785150439,-0.7525398254892401,2.339708491542325,-14.009609438579297,-4.661219856319376
2013-03-01,3.1651999999999996,3129.775635,86.646294,100.699997,76.444336,152135.015625,191439.203125,40.71273684210527,7.593128949876937,2.9382004960514685,0.9017975680822188,-5.976774259632767,-19.483549420375123,-10.187269459251835,-5.00410340788825
2013-04-01,2.8602105263157895,3129.775635,86.646294,100.699997,76.913734,191403.71875,201721.4375,41.1422380952381,7.593128949876937,2.7300264279405573,0.6999969999999855,-13.439660643221584,3.1794602606844524,-12.443765706165188,-3.647652900316234
2013-05-01,2.66877,3386.828857,86.816856,101.0,73.954666,185511.453125,212135.109375,41.29757142857143,7.512418484037142,2.2088326392664337,1.1010990770550677,-6.75290669543126,-6.221375767226,3.8117020706373683,-3.626208569501166
2013-06-01,2.1666904761904764,3386.828857,86.816856,101.199997,78.284431,212136.28125,217955.484375,42.90694736842105,7.512418484037142,2.311555341979088,1.199996999999997,1.8931092450449993,0.2909731400544846,-5.648437940186124,0.3050682523235482
2013-07-01,2.241794736842105,3386.828857,87.328545,101.5,78.110863,192964.09375,210141.34375,43.355869565217404,7.512418484037142,2.5024994277053736,1.1964077408851193,-7.414098900160171,4.72321579769599,-3.5831059310417634,3.461272675233129
2013-08-01,2.0693217391304346,3178.883789,87.499115,102.699997,78.136955,210744.34375,238302.34375,43.86394117647058,6.708965473955697,2.395215663298278,2.189051741293535,-3.7942838723435623,6.389454540635731,12.676923126934136,4.325654759217934
2013-09-01,2.0423176470588236,3178.883789,87.669678,101.900002,78.035538,217592.140625,244278.234375,43.8318095238095,6.708965473955697,1.7821791833839695,1.6966118272438768,-2.927122350702138,35.67812576907736,11.949804565193812,4.98901055909069
2013-10-01,2.0104333333333333,3178.883789,88.096085,102.400002,81.028976,221232.28125,250251.078125,43.18247619047619,6.708965473955697,2.2772264411034415,2.1956138381920454,-3.3038980298734644,10.144130002886854,12.527030329192135,4.174307957641754
2013-11-01,2.0253190476190475,3559.155273,88.181366,102.099998,82.979721,216842.65625,208962.546875,43.55460000000001,5.351246094477569,2.3762354282579112,2.2021981541101354,-2.258142508342953,18.741860413182355,-4.370937083232718,5.915161630111188
2013-12-01,2.0328325,3559.155273,88.607773,102.699997,80.097038,188407.359375,243626.3125,44.104277777777774,5.351246094477569,2.8712826859773832,3.112448857679695,-5.099327297593237,26.962091330671335,13.830041974966868,7.5537750585608965
2014-01-01,2.01565,3559.155273,89.290031,103.400002,81.378944,219122.453125,240563.625,44.92657142857143,5.351246094477569,3.76610396149073,3.400001999999991,-3.084945765867686,34.528070446561834,10.643636665991373,10.30474577044016
2014-02-01,2.0267999999999997,3308.135986,89.716438,103.599998,78.79863,195917.9375,270067.28125,44.894999999999996,5.698822273565307,3.7475335131887944,3.0845751243781194,3.3082512358235006,6.575706183427621,40.290797122352615,10.382386024869517
2014-03-01,2.0213947368421055,3308.135986,89.80172,104.300003,80.334923,208553.0625,217745.359375,44.7916,5.698822273565307,3.641732213036142,3.5749812385794,5.089437888504911,37.084195668711615,13.74125874982013,10.01864152172731
2014-04-01,2.0208619047619045,3308.135986,89.716438,104.699997,76.938232,235948.265625,245697.9375,44.64157894736842,5.698822273565307,3.543306768550303,3.972194755874714,0.031851268591376325,23.27256082896769,21.800608078653028,8.505470324754505
2014-05-01,2.019757894736842,3621.755859,89.972282,104.800003,81.978989,203560.578125,239349.53125,43.92361904761905,6.936488730880086,3.6345775986174944,3.7623792079207963,10.850326874574744,9.729385812011436,12.82881553891768,6.358842731441605
2014-06-01,2.0104333333333333,3621.755859,90.313408,105.099998,87.246689,260391.765625,222519.5,43.8175,6.936488730880086,4.02750359907067,3.8537560430955464,11.44832744584936,22.747398083278124,2.094012746725582,2.122156637619721
2014-07-01,2.115655,3621.755859,90.654541,105.400002,86.013046,239286.171875,211559.90625,43.466523809523814,6.936488730880086,3.808601185328331,3.842366502463057,10.116624879691848,24.005542805810222,0.6750515984553784,0.25522321525568437
2014-08-01,2.2693714285714286,3367.553467,91.166229,105.199997,82.843979,235744.109375,241803.0625,43.767315789473685,5.935092017294252,4.191029817844449,2.434274657281632,6.02406889288174,11.862603370582757,1.4690240536083587,-0.22028432558798272
2014-09-01,2.2746999999999997,3367.553467,91.336792,105.5,81.539314,239536.3125,255879.0,44.07514285714286,5.935092017294252,4.182876090864607,3.532873335959308,4.489974811219999,10.085002064858006,4.748996837430575,0.5551523790072732
2014-10-01,2.4256285714285712,3367.553467,91.507355,105.900002,85.48172,258029.0,255236.84375,44.797863636363644,5.935092017294252,3.8722152068392246,3.4179686832428002,5.495249008206637,16.63261732966468,1.9923053528303258,3.7408402398279472
2014-11-01,2.531263636363636,3798.601318,91.422073,106.300003,89.628403,230632.0,250392.96875,44.9514,6.7276088463027905,3.6750474017379187,4.113619081559627,8.012417877375144,6.359147221523664,19.826721340539265,3.2070091333636253
2014-12-01,2.59065,3798.601318,91.251511,106.5,85.651711,232602.0,248844.09375,44.68776470588236,6.7276088463027905,2.983641175588514,3.700100400197681,6.934929354066766,23.456960901955213,2.141714988195287,1.3229712796670734
2015-01-01,2.5937882352941175,3798.601318,90.995667,106.300003,83.994286,214526.03125,244342.953125,44.60441176470587,6.7276088463027905,1.9102199662132557,2.8046430792138644,3.2137821793313037,-2.097649879986485,1.571030584944011,-0.7170804573363831
2015-02-01,2.560679411764706,3481.796387,91.080948,106.300003,77.894814,194256.484375,252496.90625,44.221368421052624,5.24949402729904,1.520914149534125,2.6061824827448454,-1.1469945606922383,-0.8480352264835345,-6.505925086028908,-1.5004601379827842
2015-03-01,2.5181184210526317,3481.796387,91.166229,107.099998,74.075829,199569.84375,236595.984375,44.44572727272729,5.24949402729904,1.519468669419699,2.684558887308941,-7.791249143289781,-4.30740198312839,8.657187943801613,-0.7721821218101499
2015-04-01,2.521340909090909,3481.796387,91.080948,107.199997,83.358124,241670.375,253107.78125,44.41357894736842,5.24949402729904,1.520914149534125,2.387774662495934,8.344215656008313,2.4251542429620354,3.0158347381324724,-0.5107346231386867
2015-05-01,2.528005263157895,3853.503906,91.251511,107.400002,76.163902,196955.046875,224448.625,44.6106,6.3987760639389935,1.4218034394192447,2.480915005317308,-7.093387062872914,-3.2449953280952792,-6.225584053655842,1.564035403449271
2015-06-01,2.51565,3853.503906,91.166229,107.599998,79.08519,218487.625,215607.453125,44.983142857142866,6.3987760639389935,0.9442905753263231,2.378687010060654,-9.354508570520082,-16.092728786726585,-3.1062656868274474,2.6602221878082144
2015-07-01,2.510955,3853.503906,91.166229,107.199997,77.716736,241438.484375,267400.96875,45.26490909090909,6.3987760639389935,0.5644372519629348,1.7077751099093819,-9.645408906923269,0.8994721605243283,26.394917397067054,4.137403048990174
2015-08-01,2.516395238095238,3589.387695,91.336792,107.099998,75.457611,243241.453125,310053.46875,46.14200000000001,6.5874003241178425,0.18709011206332615,1.8060846522647722,-8.915998590555397,3.180288903029993,28.22561697290331,5.425702188246717
2015-09-01,2.521410526315789,3589.387695,91.336792,106.900002,74.753922,237145.5625,285613.71875,46.75042857142858,6.5874003241178425,0.0,1.327016113744084,-8.32162016962762,-0.9980741437689122,11.620617069005279,6.069828798869481
2015-10-01,2.5283190476190476,3589.387695,91.166229,106.800003,78.536514,231829.390625,292386.78125,46.36090909090909,6.5874003241178425,-0.37278533512415946,0.8498592851773568,-8.124785041760973,-10.153746042111544,14.55508419324747,3.4891071307174615
2015-11-01,2.5241863636363635,4066.219238,91.251511,106.800003,81.570839,212799.0625,302913.6875,47.006687500000005,7.045169987486433,-0.18656544793071994,0.47036687289652157,-8.98996716476137,-7.7322043341773945,20.97531692371055,4.572243578620472
2015-12-01,2.51760625,4066.219238,91.507355,106.900002,81.081184,240802.5,286782.8125,47.230315789473686,7.045169987486433,0.28037234364262087,0.37558873239436075,-5.336177113846574,3.5255500812546803,15.24597919053483,5.6895911002159405
2016-01-01,2.5434277777777776,4066.219238,91.677917,107.099998,78.358192,219975.90625,294828.0,47.5111,7.045169987486433,0.749760974882463,0.7525822929656867,-6.710092160316716,2.5404259652055616,20.66155222785291,6.516593584121866
2016-02-01,2.5250399999999997,3722.688232,91.763199,107.0,76.312546,202201.296875,324339.90625,47.636105263157894,6.918608046680141,0.7490600558966554,0.6585107998538842,-2.0312879879268997,4.08985703903868,28.453021887273124,7.721915815883262
2016-03-01,2.5197684210526314,3722.688232,91.592636,107.300003,79.424538,207716.421875,269145.625,46.72395238095237,6.918608046680141,0.4677247317095956,0.18674603523336497,7.220586083484792,4.0820686993197075,13.757478053139515,5.125858542589401
2016-04-01,2.5283190476190476,3722.688232,91.592636,107.300003,83.552315,220486.875,311292.03125,46.28452380952382,6.918608046680141,0.5617947674413593,0.09328918171518374,0.23295989722607047,-8.765451702551463,22.98793411749367,4.212551445972257
2016-05-01,2.523847619047619,4140.186035,91.84848,107.800003,81.210503,198511.59375,318035.5,46.80228571428571,7.439518318733995,0.6542017698753622,0.3724404027478645,6.625974861424533,0.7903056558829391,41.6963458787061,4.912925883726538
2016-06-01,2.5253380952380953,4140.186035,92.019043,107.699997,82.350739,225868.59375,330662.625,46.46445454545455,7.439518318733995,0.935449463419169,0.09293587533338865,4.129153637994687,3.3782090633279527,53.3632628220398,3.2930373340431585
2016-07-01,2.51565,4140.186035,92.360176,107.900002,83.058922,226524.125,336725.5625,47.05809999999999,7.439518318733995,1.3096373658276317,0.652989757079947,6.873919666415218,-6.177291666491391,25.92533380640567,3.9615475764890773
2016-08-01,2.5214052631578947,3852.482666,92.530739,107.800003,82.452721,225275.578125,336927.6875,46.68086363636365,7.329800884047444,1.307191739337621,0.6535994519813126,9.270251081762982,-7.386025189862466,8.667607834979263,1.1678376237779897
2016-09-01,2.5172149999999998,3852.482666,92.530739,107.800003,82.376732,234792.265625,325049.40625,47.42938095238095,7.329800884047444,1.307191739337621,0.8419092452402355,10.1972041012109,-0.9923427831376785,13.807350596670176,1.4522912445926073
2016-10-01,2.514826315789474,3852.482666,92.701302,108.199997,84.508064,254827.46875,350818.4375,48.3482,7.329800884047444,1.683817589954284,1.3108557684216482,7.603533306813204,9.920259921746055,19.98437001843769,4.286565876424109
2016-11-01,2.5058625,4347.318848,92.871864,109.0,86.731361,243437.296875,350942.9375,49.154999999999994,6.913046088932995,1.7756999114239447,2.0599222267811967,6.326429963531455,14.39772995945412,15.855754289743018,4.570227374562363
2016-12-01,2.5015650000000003,4347.318848,93.383553,109.099998,91.613632,240465.0,363020.03125,49.8156,6.913046088932995,2.050324807224513,2.05799434877465,12.990002711356553,-0.14015635219734035,26.58360802218578,5.473781335805739
2017-01-01,2.518775,4347.318848,93.724686,109.300003,95.534309,247273.625,370168.125,49.736285714285714,6.913046088932995,2.232564904370604,2.0541597022252,21.920001676404155,12.409413019522454,25.553924661158376,4.683507042113777
2017-02-01,2.527788888888889,3959.977295,94.065811,109.199997,86.92762,278372.25,394199.375,49.96139999999999,6.374132030726565,2.5092978722330628,2.0560719626168122,13.909998494873976,37.67085290856891,21.538968040569316,4.881370389112183
2017-03-01,2.51759375,3959.977295,94.406937,109.900002,87.533783,257775.6875,341245.96875,50.275173913043474,6.374132030726565,3.072628022191659,2.4231117682261383,10.209999584763096,24.099811258603697,26.788599573186445,7.600430509681821
2017-04-01,2.5355363636363637,3959.977295,94.406937,109.800003,96.761932,301769.4375,407540.1875,49.86264705882352,6.374132030726565,3.072628022191659,2.329916057877468,15.809995210785011,36.865034483345106,30.918927112754346,7.730712028117348
2017-05-01,2.5772411764705883,4437.331055,94.748062,109.900002,84.85685,278239.0625,355614.09375,49.86031818181818,7.177093432227855,3.156918873344461,1.948050966195236,4.489994354547955,40.16262589197011,11.815848781032301,6.5339382913921495
2017-06-01,2.57815,4437.331055,94.662781,110.099998,89.177612,298485.53125,423482.0,49.85010000000001,7.177093432227855,2.8730335741483426,2.2284132468453066,8.28999603755831,32.15008173308733,28.070718606313605,7.286527922615349
2017-07-01,2.5543,4437.331055,94.662781,110.0,89.620575,284607.84375,363724.65625,50.63819047619048,7.177093432227855,2.4930712561656465,1.9462446349166829,7.899997787113122,25.641294828972416,8.018130120430044,7.607809231971729
2017-08-01,2.5655,4142.63623,94.748062,110.099998,87.523567,295420.28125,361521.0625,50.87471428571428,7.5315994685905885,2.396309619876713,2.133576007414395,6.150004437088263,31.137286921566965,7.299303652508526,8.984089673276085
2017-09-01,2.5533352941176473,4142.63623,94.918625,110.099998,94.40374,304543.65625,443933.25,51.00942105263158,7.5315994685905885,2.5806407965681677,2.133576007414395,14.600006225058792,29.707703718147126,36.57408426661293,7.548148485945849
2017-10-01,2.5711999999999997,4142.63623,95.515602,110.0,92.426468,305194.4375,394533.125,51.3433,7.5315994685905885,3.0358796902334895,1.6635887707094899,9.369998110476164,19.76512539918247,12.460772532800535,6.19485316930104
2017-11-01,2.6578399999999998,4636.033203,95.771446,110.300003,96.670776,303909.0,436784.6875,51.03835000000001,6.641204960911118,3.1221318008648913,1.1926633027522948,11.46000118688324,24.840771689989218,24.460315574807655,3.8314515308717656
2017-12-01,2.69046,4636.033203,96.197853,110.5,98.186714,284441.5625,451534.46875,50.39473684210526,6.641204960911118,3.0136998535491344,1.2832282545046425,7.1747859532520275,18.288134447840633,24.38279705811688,1.162561209952817
2018-01-01,3.0855473684210524,4636.033203,96.453697,110.699997,108.341713,271153.84375,471205.25,50.508666666666656,6.641204960911118,2.911731280700147,1.280872791924792,13.406078019573053,9.657406344894248,27.29492848688686,1.552952620583592
2018-02-01,3.0982380952380955,4215.57666,97.306519,111.400002,96.407822,285881.96875,448958.40625,51.78563157894737,6.454566427002706,3.4451496941859228,2.0146566487543094,10.905857079717585,2.6977253479827823,13.891201945715913,3.6512819475582603
2018-03-01,3.075673684210526,4215.57666,97.98877,112.0,101.110573,270828.21875,402287.59375,52.067600000000006,6.454566427002706,3.794035813279284,1.9108261708675744,15.510343018077943,5.063523009709758,17.887866990370128,3.5652310025952927
2018-04-01,3.065655,4215.57666,98.500465,112.0,106.928505,313819.84375,435702.0625,52.0986,6.454566427002706,4.33604577172122,2.0036402002648446,10.506790004978406,3.9932493992205664,6.9102080883741035,4.48422431031128
2018-05-01,3.1515899999999997,4720.383789,99.012154,112.099998,103.359726,285520.78125,478169.5625,52.19480952380953,6.378896018611369,4.500453001350024,2.001816160112524,21.80481127923084,2.617072773525475,34.46305163488756,4.682062664499065
2018-06-01,3.30657619047619,4720.383789,99.012154,112.5,102.381813,318095.3125,520720.09375,53.047631578947374,6.378896018611369,4.594596687371788,2.179838368389442,14.806632184768521,6.569759401026243,22.961564777251464,6.414293208935118
2018-07-01,3.4621947368421053,4720.383789,99.609123,112.0,99.397308,314187.65625,502863.3125,53.4329090909091,6.378896018611369,5.225223628281106,1.8181818181818077,10.909027307624374,10.393182461261663,38.25384225653523,5.5189938432588015
2018-08-01,3.6392136363636367,4397.241211,100.120819,112.099998,97.245918,318719.84375,533259.0625,53.27352380952381,6.145965198590453,5.670571921566059,1.8165304598824816,11.108266416975443,7.886920424492683,47.50428614377067,4.715131195307998
2018-09-01,3.934538095238095,4397.241211,100.973633,112.400002,98.280304,331366.25,523193.21875,53.9419,6.145965198590453,6.379156883066939,2.089013661925776,4.10636697232547,8.807470850084398,17.854028449096802,5.748896746627796
2018-10-01,4.20315,4397.241211,101.911736,112.400002,95.390694,326704.84375,543885.0,54.0085652173913,6.145965198590453,6.696428505994234,2.181820000000001,3.207118116858032,7.048099049970391,37.85534484588589,5.191067222775514
2018-11-01,4.641321739130435,4931.988281,102.16758,112.699997,100.640816,340435.84375,578700.75,52.808263157894736,6.383799792643541,6.6785396557550225,2.17587845396523,4.106763351108289,12.019006923125009,32.491080058753205,3.4678102993038085
2018-12-01,4.782921052631579,4931.988281,101.997017,112.599998,100.450798,297541.46875,512611.90625,52.76905882352941,6.383799792643541,6.02837154795961,1.9004506787330344,2.3058964983796226,4.605482453008247,13.526638989285367,4.711448318230693
2019-01-01,4.948788235294118,4931.988281,101.40004,112.099998,98.484505,249686.6875,469831.53125,52.467909090909096,6.383799792643541,5.128204676281101,1.2646802510753563,-9.098257473554995,-7.9169654957177755,-0.2915329890742946,3.879022262006071
2019-02-01,5.096627272727273,4463.186035,101.570602,112.800003,93.450516,277684.15625,501811.125,52.19005555555555,5.873677434204216,4.382114419281602,1.256733370615204,-3.067495913350271,-2.8675514359455367,11.772297391970255,0.7809578917496562
2019-03-01,5.116333333333333,4463.186035,101.741173,112.900002,89.768242,273978.5,416576.71875,52.413428571428575,5.873677434204216,3.8294214735015153,0.8035732142857244,-11.217749700617363,1.1632027358670527,3.5519676027792046,0.6641914961099893
2019-04-01,5.169666666666667,4463.186035,101.741173,113.199997,96.982712,316372.125,491324.40625,52.11222222222223,5.873677434204216,3.290043351571992,1.0714258928571363,-9.30134859736419,0.8132950483632273,12.76614194361314,0.026147002457332924
2019-05-01,5.220527777777778,4985.924316,101.997017,113.300003,86.004532,294109.34375,491785.25,52.26200000000001,5.625401214596004,3.014643030591979,1.070477271551784,-16.79106037877848,3.0080341131036414,2.847460099470478,0.12873018754828713
2019-06-01,5.035757142857143,4985.924316,102.16758,113.800003,91.504128,323923.78125,514589.09375,51.802944444444435,5.625401214596004,3.1869077406396107,1.1555582222222194,-10.624626270292747,1.832302621560955,-1.1774079920456315,-2.3463575987375695
2019-07-01,4.934044444444444,4985.924316,102.252861,113.900002,84.647919,318252.0,454656.53125,51.14286956521738,5.625401214596004,2.6541123145919165,1.696430357142864,-14.838821389408253,1.2936038921802728,-9.586458198817194,-4.28582228565455
2019-08-01,4.7935,4675.544434,102.508705,113.800003,50.576786,319565.0625,505680.34375,52.054736842105264,6.329041543225022,2.3850044614597277,1.5165076095719598,-47.99083906020611,0.26519175588670674,-5.1717299694273855,-2.287791158280128
2019-09-01,4.410036842105264,4675.544434,102.679268,114.300003,77.380981,328551.4375,485194.34375,52.10519047619048,6.329041543225022,1.6891885032996656,1.6903923186762926,-21.265016640567158,-0.8494566057949515,-7.262876053857492,-3.404977436481693
2019-10-01,4.3244476190476195,4675.544434,102.849831,114.699997,91.497208,316560.75,494045.96875,51.50417391304348,6.329041543225022,0.9204975175773678,2.0462588603868515,-4.081620372737826,-3.104971947634305,-9.163523768811421,-4.637026172177183
2019-11-01,4.088347826086957,5258.096191,103.020393,114.900002,98.025314,326207.21875,509972.78125,50.726749999999996,6.612098233410202,0.8347197809716045,1.9520896704194213,-2.5988481651420647,-4.179531991481145,-11.876253616398458,-3.941642904768694
2019-12-01,4.01318,5258.096191,103.276245,115.199997,94.407288,285210.34375,470469.0,50.76711111111111,6.612098233410202,1.2541817767082408,2.309057767478828,-6.016388242132242,-4.144338283938787,-8.221210966068938,-3.7937908256298947
2020-01-01,3.979216666666667,5258.096191,103.958496,115.599998,88.806732,291965.96875,442339.46875,50.83857142857143,6.612098233410202,2.523131154583358,3.122212366141164,-9.826696087876973,16.93293369915847,-5.851472426053784,-3.105398500852352
2020-02-01,3.831255,4433.805664,104.555466,116.099998,92.033768,294836.34375,485644.6875,50.744789473684214,-0.6582824639080775,2.938708584202354,2.9255274044629243,-1.5160408531077585,6.176869336599045,-3.221617994220438,-2.769236526933516
2020-03-01,3.672726315789474,4433.805664,104.384903,115.900002,93.174271,275738.0,375642.90625,50.90357142857143,-0.6582824639080775,2.5984858656976417,2.6572187306072914,3.7942471904484965,0.6422036765658667,-9.826236238748043,-2.880668530965347
2020-04-01,3.689753571428571,4433.805664,104.299622,115.800003,77.383362,258593.0625,397380.65625,50.7349,-0.6582824639080775,2.5146643434118765,2.2968251492091474,-20.20911727030277,-18.263006736133914,-19.12051361686249,-2.6429926867231
2020-05-01,3.0288615384615385,4142.943359,104.21434,115.900002,31.557976,168306.890625,177791.984375,50.55557894736841,-16.907215263874853,2.1739096546323555,2.2947916426798276,-63.306612725943324,-42.77404162716268,-63.84763789174238,-3.265127726898309
2020-06-01,2.4218875,4142.943359,104.299622,116.0,23.425058,229675.421875,296111.46875,50.09723809523809,-16.907215263874853,2.086808750877722,1.9332134815497337,-74.39999865361266,-29.095844402439962,-42.45671500883807,-3.292682235535116
2020-07-01,2.3526857142857147,4142.943359,104.811317,116.800003,15.490569,276903.125,348191.40625,49.46754545454546,-16.907215263874853,2.5020874477047705,2.5460938973469016,-81.70000020910142,-12.99249494111585,-23.416605213454744,-3.2757726050853475
2020-08-01,1.8125,4135.499023,105.323006,116.900002,13.099387,281649.40625,387161.5,48.84331578947368,-11.550428375203847,2.7454263518400746,2.7240763780999266,-74.10000113490803,-11.864768931052971,-23.437502607100303,-6.169315700072808
2020-09-01,1.9018,4135.499023,105.152443,117.099998,13.077386,268275.0625,374606.15625,48.505681818181806,-11.550428375203847,2.408641051083471,2.4496893495269623,-83.09999972732318,-18.34609991624219,-22.79255496782572,-6.908157565710216
2020-10-01,1.84378,4135.499023,105.237724,117.199997,37.513855,304950.625,414900.125,48.48218181818183,-11.550428375203847,2.321727684705688,2.179599010800315,-59.00000030602026,-3.6675819728124837,-16.019935138879728,-5.867470275251474
2020-11-01,1.875,4825.595703,105.57885,117.199997,69.695999,304773.40625,404072.40625,48.25205555555556,-8.22541985329761,2.4834471365295707,2.001736257585085,-28.899999238972086,-6.570612564042166,-20.76588768922655,-4.878480179480138
2020-12-01,1.9375,4825.595703,106.687515,117.900002,70.427834,283724.28125,387130.75,48.06372222222222,-8.22541985329761,3.3030538629672312,2.3437544013130474,-25.400003016716244,-0.5210408852852177,-17.713866375892994,-5.325079228897112
2021-01-01,1.9166666666666667,4825.595703,107.62561,118.400002,72.821526,281327.0625,399051.1875,48.061400000000006,-8.22541985329761,3.527478889267499,2.4221488308330263,-17.999993514005208,-3.643885722554785,-9.786212695947672,-5.4627251524432925
2021-02-01,1.6875,4266.796875,108.400002,118.5,76.082497,266734.46875,404942.1875,48.204166666666666,-3.7667142327869163,3.677030142068327,2.0671852207956087,-17.331976454555242,-9.531346998329472,-16.61760173171872,-5.006667351206751
2021-03-01,1.59375,4266.796875,108.5,118.800003,50.262482,258559.78125,389129.78125,48.57430434782609,-3.7667142327869163,3.942233868819134,2.5021578515589615,-46.05540621831107,-6.229906197187185,3.590344653287336,-4.575842156799936
2021-04-01,1.5351875000000001,4266.796875,108.199997,119.0,20.142971,329269.15625,463040.15625,48.46200000000001,-3.7667142327869163,3.739586898982239,2.7633824845410437,-73.96989420025457,27.33100921839309,16.52307402670661,-4.479953641378998
2021-05-01,1.58546,4641.824707,108.099998,119.0,78.932549,280304.5,430241.15625,47.955149999999996,12.041712974816466,3.7285252682116354,2.6747178140687167,150.1191743095311,66.54368633340081,141.99131235440433,-5.143703230212493
2021-06-01,1.82815,4641.824707,108.099998,119.400002,83.269676,284812.78125,437143.78125,48.12472727272727,12.041712974816466,3.643710233197206,2.9310362068965423,255.47265667389172,24.006643342537682,47.62811555234636,-3.9373644087144055
2021-07-01,1.75,4641.824707,108.300003,119.400002,83.835335,316898.53125,477257.0,49.942952380952384,12.041712974816466,3.3285394171699956,2.22602648392054,441.20242452036456,14.443826247898063,37.06742654565445,0.9610481418443673
2021-08-01,1.7916666666666667,4426.630371,108.800003,120.300003,82.541061,324557.5625,499859.78125,50.23433333333334,7.03981179492108,3.3012701897247476,2.908469582404294,530.1139205979639,15.234598510714958,29.10885541305115,2.8479179215745276
2021-09-01,2.0,4426.630371,109.400002,120.800003,82.622284,328312.46875,494410.5,50.142136363636375,7.03981179492108,4.039429687810481,3.159696894273223,531.795100335801,22.379048462620332,31.98141347950685,3.3737378470189094
2021-10-01,1.6875,4426.630371,109.300003,121.099998,84.297913,335980.3125,527155.5625,50.749142857142864,7.03981179492108,3.8600977345348175,3.327645989615524,124.71141129057517,10.17531526620088,27.056014384184635,4.6758643153944845
2021-11-01,1.7344,5204.83252,109.5,121.800003,89.127853,325648.46875,519108.96875,50.35705,7.858860135428136,3.713954073187953,3.924919895689083,27.880874481761865,6.849371392619652,28.469294294950377,4.362496934500193
2021-12-01,1.90625,5204.83252,110.199997,122.800003,91.549019,316001.96875,552865.625,50.24780952380952,7.858860135428136,3.2923083830380673,4.156065239082873,29.989826181506587,11.376427621137907,42.811085143714365,4.544149309720957
2022-01-01,1.9062666666666666,5204.83252,110.5,123.300003,87.071869,316188.46875,573608.5625,51.235285714285716,7.858860135428136,2.6707305073578658,4.138514288200779,19.568860723956803,12.39177132132463,43.74310375908854,6.603814525348217
2022-03-01,1.9375,4611.219238,111.800003,125.5,89.006248,320479.1875,522366.0625,52.07395652173914,8.072152790259079,3.041477419354832,5.639727972060737,77.08287465788099,23.947810425369465,34.239548775219845,7.204739668226812
2022-04-01,1.8750111111111112,4611.219238,112.5,128.100006,94.686852,380464.59375,612935.0625,51.97599999999999,8.072152790259079,3.9741248791347106,7.647063865546233,370.0739131283067,15.548203203439282,32.37190213996695,7.251042053567702
2022-05-01,1.875,4990.934082,113.400002,128.899994,82.839958,320708.625,596057.875,52.36175000000001,7.520951286108102,4.9028715060660755,8.319322689075626,4.950313969969478,14.414369016551642,38.540413054684386,9.189002641009392
2022-06-01,1.9140625,4990.934082,113.900002,128.800003,88.775719,333003.40625,622411.6875,53.56854545454546,7.520951286108102,5.365406204725365,7.872697523070404,6.612302658653313,16.92010617939921,42.38145758821772,11.311894093378584
2022-07-01,2.25,4990.934082,114.900002,130.100006,90.341049,362150.6875,672678.9375,55.89252380952381,7.520951286108102,6.0941817333098225,8.961477236826187,7.7601097437017375,14.279698953322306,40.94689810730907,11.912734720185503
2022-08-01,2.871895,4767.549316,115.800003,129.899994,92.535477,348797.90625,682748.875,55.750095238095234,7.701545338717408,6.43382335200855,7.980042195011405,12.10841716706308,7.468734841142388,36.5880794195222,10.980063909998927
2022-09-01,3.38871875,4767.549316,116.300003,130.0,92.812935,360517.40625,694898.8125,57.4337619047619,7.701545338717408,6.30713059767587,7.615891367155014,12.334022380693321,9.809233753020541,40.55098192696149,14.541912391298695
2022-10-01,3.85629,4767.549316,116.800003,131.0,94.90976,417610.90625,691954.875,58.82470000000002,7.701545338717408,6.86184793608835,8.17506371882848,12.588505008421746,24.296243176451004,31.26198872273116,15.912696625418054
2022-11-01,4.22348,5575.901855,117.900002,131.100006,102.059189,454896.5625,647449.3125,57.65225,7.129323250539477,7.67123470319635,7.635470255283994,14.508748460484068,39.68945232450136,24.723199073027004,14.48694869933802
2022-12-01,4.52817,5575.901855,119.0,131.600006,103.61544,412123.375,622165.75,55.6838947368421,7.129323250539477,7.985483883452371,7.1661260464301435,13.180284323964209,30.417977024075114,12.53471401843802,10.818551623542373
2023-01-01,5.2368421052631575,5575.901855,119.400002,131.5,95.895073,323160.03125,573967.1875,54.991285714285716,7.129323250539477,8.054300452488693,6.650443471603151,10.133242919133846,2.2048756324229535,0.06252085890019465,7.330885243707597
2023-02-01,4.934215789473685,4907.012695,121.400002,132.699997,98.373718,298950.9375,604171.5625,54.78305263157895,6.414647444268851,8.683979642362939,7.0161266129032285,13.140250620393301,-4.065317691381387,11.67867164148757,6.829837037178921
2023-03-01,5.76443076923077,4907.012695,121.400002,134.0,94.989136,279706.0625,492390.0,54.79556521739131,6.414647444268851,8.586760950265804,6.7729083665338585,6.721874176743192,-12.722550040788526,-5.738516464208465,5.226429634775265
2023-04-01,6.30435652173913,4907.012695,121.099998,134.199997,104.194328,362091.03125,636832.5,55.3155,6.414647444268851,7.644442666666662,4.761897513103941,10.04096746188161,-4.829243719869791,3.8988530697736,6.425080806526107
2023-05-01,6.36253,5203.455566,120.900002,134.399994,91.699196,271783.25,538933.375,55.72786363636363,4.258150488632317,6.613756497111889,4.266873743997235,10.694401848924162,-15.255397325220056,-9.583717017412107,6.4285735987884784
2023-06-01,6.397361904761904,5203.455566,120.900002,135.199997,96.338371,364171.78125,609678.25,55.89455000000002,4.258150488632317,6.145741770926394,4.968939325257615,8.51882934341539,9.359776631413963,-2.0458223641566797,4.3421088359179905
2023-07-01,6.3203249999999995,5203.455566,121.099998,135.300003,92.780258,375643.90625,595327.75,54.92105,4.258150488632317,5.395992943498817,3.9969229517176075,2.700000749382503,3.7258575548058337,-11.498975690761837,-1.7381104722243301
2023-08-01,6.315789473684211,5051.395996,121.199997,135.699997,95.774216,342863.03125,569279.125,56.15985714285713,5.953722996580346,4.663207133077529,4.4649755719003315,3.4999970876034903,-1.7015225417512103,-16.61954404538565,0.7349976767069277
2023-09-01,6.316966666666666,5051.395996,122.5,136.5,98.474525,381162.21875,609840.25,56.78689999999999,5.953722996580346,5.331037695674001,5.000000000000004,6.1000010397257665,5.726439872832079,-12.240424212841782,-1.126274656768178
2023-10-01,6.276342105263158,5051.395996,123.900002,136.800003,103.601646,384497.25,585963.625,56.78885714285715,5.953722996580346,6.0787661109905855,4.427483206106864,9.158052870431877,-7.9293082997637825,-15.317653481377668,-3.4608639859495693
2023-11-01,6.201565,5884.52832,123.699997,136.899994,102.859695,370268.53125,611170.6875,55.81221052631579,5.535005332334708,4.919418915701113,4.424094381811083,0.7843546552187552,-18.603796604860033,-5.603315085765881,-3.1916178010124696
2023-12-01,6.4063,5884.52832,123.900002,137.100006,105.826286,347724.53125,613883.5,55.58766666666667,5.535005332334708,4.117648739495805,4.179331116443863,2.1337032395943867,-15.62610801923089,-1.33119671084434,-0.17281131398978467
2024-01-01,6.40825,5884.52832,124.099998,137.199997,99.474503,321319.0,553411.375,55.97227272727273,5.535005332334708,3.936344992691043,4.334598479087459,3.7326526671500604,-0.5696964574730345,-3.581356730431562,1.7838953940518154
2024-02-01,6.462194736842105,5195.588379,124.800003,137.399994,96.959373,335485.625,578823.125,56.0649,5.88088317550195,2.8006597561670565,3.5418214817291904,-1.4377264870684248,12.220964351382912,-4.195569449695835,2.339861155678191
2024-03-01,6.4984399999999996,5195.588379,125.5,137.800003,96.690727,337118.875,536791.6875,55.84926315789473,5.88088317550195,3.377263535794661,2.8358231343283524,1.7913532764420426,20.5261237410612,9.017585145920926,1.9229620797286628
2024-04-01,6.5,5195.588379,125.599998,137.600006,97.729744,347895.40625,535330.4375,56.95055,5.88088317550195,3.7159373033185394,2.533538804773605,-6.204353081484437,-3.9204575023563226,-15.938580788511892,2.955862280915844
2024-05-01,6.505216666666667,5539.08252,125.5,137.899994,97.647491,359292.90625,628631.4375,57.76186363636364,6.450078217118382,3.8047956359835267,2.604166782924122,6.486747168426654,32.1983257798264,16.64362733148601,3.649879732107264
2024-06-01,6.508536363636364,5539.08252,125.599998,138.300003,99.541405,366273.8125,639752.375,58.69627777777777,6.450078217118382,3.8875069662943407,2.292903897031895,3.3247749227563794,0.5772087125435421,4.932786268822942,5.012524079320357
2024-07-01,6.51565,5539.08252,125.599998,138.800003,96.161621,326938.34375,581487.0625,58.48447826086956,6.450078217118382,3.7159373033185394,2.5868439929007225,3.644485446462098,-12.965886492402001,-2.32488532577223,6.488274096852775
2024-08-01,6.51192380952381,5316.054199,126.5,139.0,102.081268,365493.53125,650692.0,57.19345,5.239308167674284,4.372939877217985,2.4318371945137196,6.585333990100217,6.600449140723752,14.301046960047948,1.8404478033369198
2024-09-01,6.471885,5316.054199,126.599998,139.100006,98.493027,384723.03125,635113.1875,56.071285714285715,5.239308167674284,3.3469371428571426,1.9047663003663118,0.018788615634335315,0.9341987019798159,4.144189810364263,-1.2601749447747168
2024-10-01,6.35158,5316.054199,126.300003,139.5,96.384209,350995.625,637103.75,57.300869565217376,5.239308167674284,1.9370467806772096,1.9736819742613543,-6.966527346486373,-8.713098728274392,8.727525535394797,0.9016071957078209
2024-11-01,6.244331818181819,6193.631348,126.5,139.800003,101.213943,355557.75,689500.8125,58.69464999999999,5.2528089116240295,2.263543304693849,2.118341217750541,-1.5999969667419345,-3.973003376856643,12.816407364104808,5.16453200205198
2024-12-01,6.159405,6193.631348,127.0,140.199997,101.454735,334371.9375,624029.75,58.44800000000001,5.2528089116240295,2.502016101662363,2.2611166041816233,-4.130874440779298,-3.839991875752946,1.6527973141483576,5.145625828271272
2025-01-01,6.086827777777778,6193.631348,127.699997,140.899994,99.554054,330899.90625,572714.4375,58.39061904761905,5.2528089116240295,2.90088562289903,2.6967908752942638,0.07997124650123144,2.981742831889811,3.4880133246267375,4.3206148375103615
2025-02-01,5.895855555555555,5475.077637,128.399994,141.399994,99.709747,383804.09375,671522.625,58.09414999999999,5.379357208697777,2.8846081037353644,2.9112082785098137,2.836625191460329,14.402545191019733,16.015168709785055,3.619466011711414
2025-03-01,5.923455,5475.077637,128.100006,141.800003,95.583008,394115.84375,566823.0,57.424571428571426,5.379357208697777,2.0717179282868647,2.9027575565437447,-1.145631059325869,16.907083221015128,5.594593433416395,2.820642890530256
2025-04-01,5.838842105263158,5475.077637,127.800003,142.5,97.262245,388416.125,647409.5,56.852888888888884,5.379357208697777,1.7515963654712863,3.561041995884784,-0.47835897329272514,11.647385398610744,20.93642629838324,-0.17148405258793353
