Date,Interbank Call Loan Rate,Real GDP,CPI,Wholesale Price,Industrial Production,Intl Trade Merch Exports,Intl Trade Merch Imports,FX Rate,tone_mean,pos_mean,neg_mean,neu_mean,speech_count,tone_mean_filled,pos_mean_filled,neg_mean_filled,neu_mean_filled
2001-04-01,10.585227272727272,2.414137607121236,7.551018164178491,7.214611911195567,21.064873366080786,13.683626034969045,31.13520554016933,21.84350178421328,0.407964694,0.4843903877340409,0.0699719887955182,0.4242090520418693,5,0.407964694,0.4843903877340409,0.0699719887955182,0.4242090520418693
2001-05-01,9.875,3.268184788982209,7.426241153884194,8.432629319763961,15.650250254110665,2.63552238648066,49.74706142352623,20.888136818750034,0.5458831175,0.646129573451002,0.07087027716491998,0.2719606085677514,4,0.5458831175,0.646129573451002,0.07087027716491998,0.2719606085677514
2001-06-01,9.34375,3.268184788982209,7.411171256730054,8.469949804726662,10.694178010301547,7.047289941865542,45.58276662264122,20.725387993594225,0.4346296033333334,0.4375144375144375,0.009009009009009,0.5406560406560407,3,0.4346296033333334,0.4375144375144375,0.009009009009009,0.5406560406560407
2001-07-01,9.0921875,3.268184788982209,7.236183933812379,9.88213791854793,8.655032001233254,-8.622024150749596,38.40529447470063,19.994097300266244,0.415987622,0.48717631957565255,0.0679639260273011,0.4413509824672218,5,0.415987622,0.48717631957565255,0.0679639260273011,0.4413509824672218
2001-08-01,9.196022727272728,3.11044136904064,7.400006654784441,9.784558406306676,7.508969461597692,-3.5006026225951947,28.56569975048351,15.79156845617964,0.395587878,0.525982905982906,0.12308099308099307,0.34807895807895806,5,0.395587878,0.525982905982906,0.12308099308099307,0.34807895807895806
2001-09-01,9.264204545454543,3.11044136904064,6.965171618466992,9.472740216228924,11.640447270074162,-14.299049931047758,26.34893244154448,12.054296334086343,0.314111935,0.4096087025191502,0.09878764247545338,0.48405294953802414,4,0.314111935,0.4096087025191502,0.09878764247545338,0.48405294953802414
2001-10-01,9.23046875,3.11044136904064,6.838448500679628,8.745577763412848,5.269903711920354,-12.68009688244045,3.6480656402308576,7.539927872759877,0.3153730175,0.4147898357526085,0.08443994601889335,0.49692406438234427,4,0.3153730175,0.4147898357526085,0.08443994601889335,0.49692406438234427
2001-11-01,8.984375,3.348573566297075,6.0963647176983216,6.46288663678245,0.3573583566828242,-7.311718699020253,-4.653690721668169,4.494482854231818,0.4973285,0.5482603815937148,0.0061728395061728,0.4455667789001122,2,0.4973285,0.5482603815937148,0.0061728395061728,0.4455667789001122
2001-12-01,8.689144736842104,3.348573566297075,5.048544213043327,4.663214111206626,3.160313870463449,-17.191585997204772,-13.24763867401353,3.7933788478670127,0.29790907,0.4173881673881674,0.1457431457431457,0.43686868686868685,2,0.29790907,0.4173881673881674,0.1457431457431457,0.43686868686868685
2002-01-01,8.851102941176471,3.348573566297075,4.52793343618223,5.410122907630388,-2.568322651992627,-21.75653335612121,7.624421474783172,0.8640678340961383,,,,,0,0.29790907,0.4173881673881674,0.1457431457431457,0.43686868686868685
2002-02-01,7.811079545454546,3.876541250939902,3.714286006354373,5.484146477856311,-8.365021407026651,-7.66883107735744,-30.090635243492397,6.195905566873061,,,,,0,0.29790907,0.4173881673881674,0.1457431457431457,0.43686868686868685
2002-03-01,7.498355263157895,3.876541250939902,3.2288730748268435,5.097706325200835,-5.462966143458625,-0.2912023270301489,-0.5219607325367859,5.361828438726524,0.15604915900000002,0.30512692882030856,0.14459930313588845,0.5380786460925834,2,0.15604915900000002,0.30512692882030856,0.14459930313588845,0.5380786460925834
2002-04-01,6.9908117647058825,3.876541250939902,3.510433465875984,5.962517286155,-11.063464441124548,4.486679912980152,6.504537568496249,1.597679334670099,0.6312208,0.6631027253668763,0.0,0.33689727463312363,3,0.6312208,0.6631027253668763,0.0,0.33689727463312363
2002-05-01,6.970240476190476,3.660184710781933,3.503792985861032,5.917157655588068,13.043477907677191,24.10843211313176,12.535607228123324,-1.386229240609993,0.33012202999999996,0.42154063042220935,0.06066247349142082,0.5073802294197031,4,0.33012202999999996,0.42154063042220935,0.06066247349142082,0.5073802294197031
2002-06-01,7.076706818181818,3.660184710781933,3.497161419107053,5.625527010503362,4.566640712562586,10.817769487214155,-1.057510019620933,-2.100635615039792,,,,,0,0.33012202999999996,0.42154063042220935,0.06066247349142082,0.5073802294197031
2002-07-01,7.125002777777777,3.660184710781933,2.905337379606609,4.207919171054142,2.123894333825338,11.298036736602835,3.370966731434377,-4.937349051866313,0.606215272,0.633882618064487,0.00488458674609082,0.35381656287371105,5,0.606215272,0.633882618064487,0.00488458674609082,0.35381656287371105
2002-08-01,7.110130952380952,2.676963822642753,2.6070737664841026,3.761246953647168,2.7255626909282515,18.121494597764464,5.558616796532268,-0.3743284649217915,0.3334776666666667,0.4093314093314093,0.08116883116883113,0.501924001924002,3,0.3334776666666667,0.4093314093314093,0.08116883116883113,0.501924001924002
2002-09-01,7.09375,2.676963822642753,2.976744189688896,4.081635438879649,-2.5086511728373173,15.67317154768586,17.23460643447423,1.7157849971182415,0.4335162133333333,0.46923180903763423,0.039738767894107664,0.485023417062252,3,0.4335162133333333,0.46923180903763423,0.039738767894107664,0.485023417062252
2002-10-01,7.0484375,2.676963822642753,2.690167104467056,3.7368016497975054,7.602862642897534,18.834247437721928,17.890488111246338,2.268655003626918,0.393119685,0.4537037037037037,0.0,0.5462962962962963,2,0.393119685,0.4537037037037037,0.0,0.5462962962962963
2002-11-01,7.051136363636363,4.565112658803661,2.5949928678218326,4.840030323064792,9.833189953924904,5.476621677691629,18.57876672667116,2.5356951958275253,0.3838415375,0.44690372520561195,0.039688526468566174,0.5086907671937463,4,0.3838415375,0.44690372520561195,0.039688526468566174,0.5086907671937463
2002-12-01,7.0625,4.565112658803661,2.402959668546512,5.198023426519383,9.52805276343016,21.019577797246946,45.18335742686408,3.3415859155828898,0.5217805050000001,0.585344827586207,0.0172413793103448,0.39741379310344827,2,0.5217805050000001,0.585344827586207,0.0172413793103448,0.39741379310344827
2003-01-01,7.080882352941177,4.565112658803661,2.488482048024898,6.456956389516111,10.654206930231114,14.024248964390496,18.836364165059493,4.189518599697828,0.15148376000000002,0.3484327217125382,0.2142584097859327,0.4281345565749235,2,0.15148376000000002,0.3484327217125382,0.2142584097859327,0.4281345565749235
2003-02-01,7.067434210526316,4.618476885401868,2.7548235241004804,6.255075313279557,14.834025365274496,8.32099867610967,56.76668315036557,5.446696881619895,,,,,0,0.15148376000000002,0.3484327217125382,0.2142584097859327,0.4281345565749235
2003-03-01,7.060855263157895,4.618476885401868,3.2198689804313174,6.467255045941678,11.165525103959917,11.927679384445431,37.38294592857088,6.902441699788597,,,,,0,0.15148376000000002,0.3484327217125382,0.2142584097859327,0.4281345565749235
2003-04-01,7.117564285714286,4.618476885401868,3.0247485441522226,5.546626368798857,21.69720354439466,17.260294984211466,28.342995841626077,3.568737521129739,,,,,0,0.15148376000000002,0.3484327217125382,0.2142584097859327,0.4281345565749235
2003-05-01,7.190650000000001,4.388969046672586,3.293687418593083,4.30965827213412,2.504476584863391,2.574832401994676,3.050062260426856,5.355075781482355,,,,,0,0.15148376000000002,0.3484327217125382,0.2142584097859327,0.4281345565749235
2003-06-01,7.121875,4.388969046672586,3.37899835982467,4.292529123709965,8.734401460796626,2.117225701143366,29.11579246965097,5.937186430732111,0.48115802,0.5402298850574713,0.0,0.4482758620689655,1,0.48115802,0.5402298850574713,0.0,0.4482758620689655
2003-07-01,7.067189999999999,4.388969046672586,3.916214039232857,4.196363699529537,5.1126459303050265,10.3953158695292,11.284470027193615,6.161531149234056,0.432675261,0.4777500935151683,0.04138638670845126,0.472530186443047,10,0.432675261,0.4777500935151683,0.04138638670845126,0.472530186443047
2003-08-01,6.842391304347826,5.521910708229916,3.720505801367713,4.097708736870631,13.815187436131282,-0.8622016936104648,16.24142185576394,6.175068980769649,0.36805341,0.39023631840796014,0.05223880597014925,0.5575248756218906,2,0.36805341,0.39023631840796014,0.05223880597014925,0.5575248756218906
2003-09-01,6.8265625,5.521910708229916,3.4327064636638926,4.2352954260806985,9.228034379888127,5.168255459793891,5.151139047568254,5.552089404173133,0.39975331199999997,0.4283620313862249,0.03695354340515628,0.5346844252086187,5,0.39975331199999997,0.4283620313862249,0.03695354340515628,0.5346844252086187
2003-10-01,6.941761363636363,5.521910708229916,3.6133723230998616,4.150351017077592,2.4106407507130667,10.854814990365336,7.947059179340643,3.865280082465428,,,,,0,0.39975331199999997,0.4283620313862249,0.03695354340515628,0.5346844252086187
2003-11-01,6.821022727272728,5.736621674406028,3.6133723230998616,4.538341384664779,-0.2398098244593249,14.335634942241173,19.86197034196484,3.871054497589865,0.4605689466666667,0.5405565703678678,0.049708062356159266,0.4051691572303109,6,0.4605689466666667,0.5405565703678678,0.049708062356159266,0.4051691572303109
2003-12-01,6.817565789473684,5.736621674406028,3.880867164865887,5.568628199832348,-0.731709153135407,3.2934783737816664,17.404645021277144,3.5980077040334013,0.3504763066666667,0.4499074074074074,0.08370370370370367,0.4594444444444445,3,0.3504763066666667,0.4499074074074074,0.08370370370370367,0.4594444444444445
2004-01-01,6.970394736842105,5.736621674406028,3.866901515158117,5.676515553163775,1.182434469810545,13.006197128627628,29.209161903201995,3.664062281217628,0.5051844333333334,0.5968511021142601,0.04444444444444443,0.35870445344129553,3,0.5051844333333334,0.5968511021142601,0.04444444444444443,0.35870445344129553
2004-02-01,6.840625,7.176266346015892,4.110806200417261,4.740061938781648,10.027101549426408,8.036833919353704,14.819833670914996,3.688844505957501,0.468781185,0.5243519245875883,0.0399319193506153,0.4269442262372348,2,0.468781185,0.5243519245875883,0.0399319193506153,0.4269442262372348
2004-03-01,6.875,7.176266346015892,4.010695182150337,5.011388989467491,8.458144946417278,11.7503675280598,13.736285210478584,3.1361586723963164,0.49936362,0.5937477841879654,0.046460609576605305,0.35979160623542933,6,0.49936362,0.5937477841879654,0.046460609576605305,0.35979160623542933
2004-04-01,7.088315217391305,7.176266346015892,4.181499674505962,6.5498858573894925,1.4263062428628626,10.97849542935585,9.66232138635359,5.8649754965719225,0.22504253479999997,0.3093052954042459,0.10012051117298493,0.579311253464177,5,0.22504253479999997,0.3093052954042459,0.10012051117298493,0.579311253464177
2004-05-01,7.205882352941177,7.492913156741743,4.251547957244495,7.804128427478996,8.551482013593613,16.14587344078542,16.442937253909594,6.357515119369461,0.48415648,0.5395670995670996,0.040816326530612235,0.40446505875077304,3,0.48415648,0.5395670995670996,0.040816326530612235,0.40446505875077304
2004-06-01,7.151713157894737,7.492913156741743,4.5052981476121134,8.307925091033109,6.065568782936381,22.765531799672445,5.471376602254408,4.842054154028896,0.43988927875,0.5103883099192202,0.057020062437634786,0.4309249609764782,8,0.43988927875,0.5103883099192202,0.057020062437634786,0.4309249609764782
2004-07-01,7.230654761904762,7.492913156741743,5.433832353332857,9.270508985229077,12.44847525432906,13.70453343736344,24.778872786850247,4.168202768028984,0.5143853927272727,0.6052158193825815,0.06345198401708146,0.32388934705222433,11,0.5143853927272727,0.6052158193825815,0.06345198401708146,0.32388934705222433
2004-08-01,7.154829545454546,6.253248794458721,6.561680572943618,9.538228637683876,6.430869828489483,7.513594861536399,12.071174657990834,1.5327451912478862,0.5183566749999999,0.5822981366459627,0.0652173913043478,0.35248447204968936,2,0.5183566749999999,0.5822981366459627,0.0652173913043478,0.35248447204968936
2004-09-01,7.151928571428571,6.253248794458721,6.812220058995311,9.857029525386318,3.655565714890252,15.929325977973452,11.40537439745719,2.1621340303357828,,,,,0,0.5183566749999999,0.5822981366459627,0.0652173913043478,0.35248447204968936
2004-10-01,7.017647727272728,6.253248794458721,7.236266386159351,9.92481593490262,11.282470659394562,10.992583351953588,19.52956879314636,2.5285215261440674,0.36237206,0.4264705882352941,0.0748663101604278,0.49866310160427807,2,0.36237206,0.4264705882352941,0.0748663101604278,0.49866310160427807
2004-11-01,7.0,5.506308041256292,7.672189032426591,10.404197264124315,13.782058493349169,15.163332983579348,20.78227886248172,1.7161503482678864,0.5718842166666667,0.6415343915343915,0.04395604395604393,0.3052503052503052,3,0.5718842166666667,0.6415343915343915,0.04395604395604393,0.3052503052503052
2004-12-01,7.1185789473684205,5.506308041256292,8.16681190198314,9.58395313594862,14.905820964341345,21.363534633073144,4.81197180253119,1.3305558113271498,,,,,0,0.5718842166666667,0.6415343915343915,0.04395604395604393,0.3052503052503052
2005-01-01,7.046877777777778,5.506308041256292,8.571434090016506,9.492276142700806,14.02337437234693,4.574181138396716,-0.6584950524440969,0.4323921114394835,0.41974265,0.513418327704042,0.06470640470640468,0.42004376575805147,7,0.41974265,0.513418327704042,0.06470640470640468,0.42004376575805147
2005-02-01,7.023809523809524,5.020577912012536,8.412020245468256,10.364965387670754,3.625422122436217,15.967130458400725,0.876920909304979,-2.2413880498158845,0.426647256,0.5099245948402872,0.08540302811824081,0.3899151071544257,5,0.426647256,0.5099245948402872,0.08540302811824081,0.3899151071544257
2005-03-01,7.110197368421052,5.020577912012536,8.48328831410672,10.267536140772716,4.512593767016204,-2.5507132718571968,-5.422093874365929,-3.3083777424444683,0.4787736,0.6231884057971014,0.1304347826086956,0.2463768115942029,1,0.4787736,0.6231884057971014,0.1304347826086956,0.2463768115942029
2005-04-01,7.096875,5.020577912012536,8.454310197419822,10.721938765346328,4.739498368566641,-6.080189036269457,-5.595919048611975,-2.52600080679436,,,,,0,0.4787736,0.6231884057971014,0.1304347826086956,0.2463768115942029
2005-05-01,7.3203125,5.657725392187696,8.496176892147055,11.426551534082318,11.541370857159984,5.908023514886729,6.28739172850703,-2.6935207831276786,,,,,0,0.4787736,0.6231884057971014,0.1304347826086956,0.2463768115942029
2005-06-01,7.194068421052632,5.657725392187696,8.45308556715041,10.767067181517875,10.816908767954716,-1.5603375100964323,3.149623026506632,-1.4392661956163733,,,,,0,0.4787736,0.6231884057971014,0.1304347826086956,0.2463768115942029
2005-07-01,7.228829545454545,5.657725392187696,7.564415656411949,10.848405645509906,5.759579196314113,-0.1151970265224733,9.947636168450202,0.0955676870084687,0.46384895,0.5783132530120482,0.072289156626506,0.3373493975903614,1,0.46384895,0.5783132530120482,0.072289156626506,0.3373493975903614
2005-08-01,7.323115789473683,4.379516389521343,7.142857389703528,11.402909185678634,11.20329319050979,12.769479825614097,2.001757415344474,0.2114701555659959,0.58292854,0.6301369863013698,0.0410958904109589,0.3013698630136986,1,0.58292854,0.6301369863013698,0.0410958904109589,0.3013698630136986
2005-09-01,7.209635416666667,4.379516389521343,7.195423777563503,12.05479534058611,17.577049164380696,2.63385575109285,15.180540551531196,-0.1013997040487102,0.4341724,0.5352112676056338,0.0704225352112676,0.3943661971830985,1,0.4341724,0.5352112676056338,0.0704225352112676,0.3943661971830985
2005-10-01,7.355113636363637,4.379516389521343,6.9918730820864194,12.380304013896492,9.784631496022133,0.7407999821733124,13.405983359546504,-1.124800324551889,,,,,0,0.4341724,0.5352112676056338,0.0704225352112676,0.3943661971830985
2005-11-01,7.6984375,4.724401633528341,7.044534499887289,11.864404576338284,13.960101016501758,-4.4183179784966775,2.4023688659770226,-3.1275026422296404,0.40348460666666663,0.46699665090622533,0.05708108544987975,0.466456906306197,6,0.40348460666666663,0.46699665090622533,0.05708108544987975,0.466456906306197
2005-12-01,7.922763157894737,4.724401633528341,7.068268619800988,11.796605594778663,12.529444345100238,-4.575884214240533,5.2356372168839815,-4.576279231200453,0.08319346,0.2307692307692307,0.1538461538461538,0.6153846153846154,1,0.08319346,0.2307692307692307,0.1538461538461538,0.6153846153846154
2006-01-01,7.763888888888889,4.724401633528341,6.618817785216091,11.693543783216189,15.410458381278836,11.109375969386658,22.649109203144647,-5.6468876314908485,0.562547486,0.6222744309567373,0.04585172941879574,0.3178047730930039,5,0.562547486,0.6222744309567373,0.04585172941879574,0.3178047730930039
2006-02-01,7.734375,4.501927238963188,7.142334501023817,11.24338333906385,9.433975205014187,-4.822677663646302,-0.1018960714560979,-5.465949201295828,0.6739269999999999,0.7370689655172413,0.035991379310344795,0.20344827586206896,2,0.6739269999999999,0.7370689655172413,0.035991379310344795,0.20344827586206896
2006-03-01,8.1234375,4.501927238963188,7.651158671397762,11.213114102180398,7.917797424899109,8.609908568747816,0.5309576656979731,-5.917110805106695,0.4548669857142857,0.5008238719722723,0.04209101482357595,0.44820814013570665,7,0.4548669857142857,0.5008238719722723,0.04209101482357595,0.44820814013570665
2006-04-01,7.919836956521739,4.501927238963188,7.637939730366039,9.6836681688359,13.282480366496353,18.789553579487173,3.7606279912451024,-5.747730616624091,,,,,0,0.4548669857142857,0.5008238719722723,0.04209101482357595,0.44820814013570665
2006-05-01,7.923611111111111,5.919076820269731,7.263956521511261,9.49044252938236,1.704418740578317,13.796504341830309,1.4021724870412866,-4.073937967439301,0.4743644233333333,0.5462148521989906,0.047894469812278,0.4013244679430692,3,0.4743644233333333,0.5462148521989906,0.047894469812278,0.4013244679430692
2006-06-01,7.948863636363637,5.919076820269731,6.9773689052075705,10.35578241777566,4.799717390058378,12.591207563869444,12.377139854426677,-3.665124788571184,0.35901249,0.41299617552334944,0.05202043075684379,0.5251454307568438,8,0.35901249,0.41299617552334944,0.05202043075684379,0.5251454307568438
2006-07-01,8.050597619047618,5.919076820269731,6.600988338349145,10.037645689248208,3.0568603248781523,16.018309660778264,3.628912433917297,-6.443215215458298,,,,,0,0.35901249,0.41299617552334944,0.05202043075684379,0.5251454307568438
2006-08-01,8.0703125,4.702968714051847,6.125241240184054,10.04962523983406,-1.282535074143143,5.40872615296768,7.437799447303561,-8.204358485222773,0.4649903,0.53125,0.0625,0.40625,1,0.4649903,0.53125,0.0625,0.40625
2006-09-01,8.110795454545455,4.702968714051847,5.955192529810849,8.618581222345378,-0.9233684634701312,11.285163580009703,5.61087387992909,-10.248152751016804,,,,,0,0.4649903,0.53125,0.0625,0.40625
2006-10-01,8.151315789473685,4.702968714051847,5.5526245754972114,6.208152992778504,-2.071478712708208,1.7679018039217675,-9.961817177552213,-10.23896243461946,,,,,0,0.4649903,0.53125,0.0625,0.40625
2006-11-01,8.06547857142857,6.012351501971014,5.282258520929739,4.969697936054462,-4.451669179060202,3.805327974043848,1.2733107125846743,-8.645711733539652,0.5809132,0.6358111266947171,0.0144927536231884,0.3496961196820944,2,0.5809132,0.6358111266947171,0.0144927536231884,0.3496961196820944
2006-12-01,7.311014285714285,6.012351501971014,4.620423127192574,4.912066868787601,-0.3352751896474215,1.2357893812787737,3.72074502299784,-7.731047764715759,0.383006108,0.42548784548784546,0.0467499167499167,0.5226340326340326,5,0.383006108,0.42548784548784546,0.0467499167499167,0.5226340326340326
2007-01-01,7.647569444444445,6.012351501971014,4.410595358474989,4.813473219162567,-2.168626650989647,-10.902544007394075,-8.25030159789586,-7.037285640609669,0.6868425,0.7301587301587301,0.0158730158730158,0.2539682539682539,1,0.6868425,0.7301587301587301,0.0158730158730158,0.2539682539682539
2007-02-01,7.644886363636363,6.164153381002713,3.771670389402848,3.0321035355970416,-0.5344777661172584,11.807024635017791,-1.984195293272473,-6.629992589276068,0.605133728,0.6505682330077095,0.027717286381713557,0.3175907692703708,5,0.605133728,0.6505682330077095,0.027717286381713557,0.3175907692703708
2007-03-01,7.5734375,6.164153381002713,2.9352226314264263,2.0047161998056007,-10.35840155962282,0.814220222640083,0.911124251863682,-5.274781541063978,0.45852355333333333,0.5146012688662417,0.034541703507220696,0.4382536801774551,3,0.45852355333333333,0.5146012688662417,0.034541703507220696,0.4382536801774551
2007-04-01,7.920454545454546,6.164153381002713,2.623616671506324,2.5897615324710355,-5.74098114729058,3.029610733965038,2.385678087060028,-6.887260336948053,0.42709197,0.47214854111405835,0.02493368700265245,0.48753315649867374,2,0.42709197,0.47214854111405835,0.02493368700265245,0.48753315649867374
2007-05-01,7.994791666666667,6.842205770910503,2.618333868413103,2.675972066213728,-4.27233687311579,-1.9806517679545557,-8.57722423832602,-10.192610493796272,0.52172536,0.5555555555555556,0.037037037037037,0.4074074074074074,1,0.52172536,0.5555555555555556,0.037037037037037,0.4074074074074074
2007-06-01,7.691964285714286,6.842205770910503,2.6130569291862304,2.072533027450429,-8.427342386991088,-4.468239388547768,-13.32070005221756,-13.162068100583236,0.467859308,0.5022453478724664,0.034471968709256826,0.4632826834182766,5,0.467859308,0.5022453478724664,0.034471968709256826,0.4632826834182766
2007-07-01,7.41875,6.842205770910503,2.699993837591652,1.482325830556941,-4.023090803438024,-11.035876654805698,-9.80165558494649,-12.925227664834072,0.44709629642857146,0.47248252973515775,0.027443088983689627,0.494357479135679,14,0.44709629642857146,0.47248252973515775,0.027443088983689627,0.494357479135679
2007-08-01,7.242052272727273,6.546757446526019,2.8884460365354414,0.8455411921989286,0.124797771408569,-6.36665376895359,-0.3752037427269594,-10.295708580071029,0.42189268333333335,0.451207729468599,0.033091787439613496,0.5157004830917874,3,0.42189268333333335,0.451207729468599,0.033091787439613496,0.5157004830917874
2007-09-01,6.721726190476191,6.546757446526019,2.681226974902784,0.7315705956923546,-2.4416605844187256,-12.994769652442429,-8.055552610324046,-8.471543603276043,0.51058155,0.5892857142857143,0.0535714285714285,0.3392857142857143,1,0.51058155,0.5892857142857143,0.0535714285714285,0.3392857142857143
2007-10-01,6.5968775,6.546757446526019,2.879841094159441,3.381087003488248,-3.419050723963757,-3.738411184365032,-0.348426938704971,-11.246190766417785,0.22273485,0.4285714285714285,0.2095238095238095,0.3523809523809524,1,0.22273485,0.4285714285714285,0.2095238095238095,0.3523809523809524
2007-11-01,6.397321428571429,6.502260762786927,2.874132617428482,5.542719575141319,-3.2960275709338127,-1.6494269981483178,-2.6081367172282266,-13.293220756244818,,,,,0,0.22273485,0.4285714285714285,0.2095238095238095,0.3523809523809524
2007-12-01,6.434210526315789,6.502260762786927,3.0662754267547943,7.167629820906973,-6.134747258787043,-14.5840528597192,-2.3530116828105574,-15.6146746540342,,,,,0,0.22273485,0.4285714285714285,0.2095238095238095,0.3523809523809524
2008-01-01,6.314236111111111,6.502260762786927,3.754939218725273,6.773828996096021,2.6097187843168834,2.3648094286141896,0.8499965860246927,-16.30652857733611,0.430439198,0.527219892547674,0.07951434559273687,0.3891420505193829,5,0.430439198,0.527219892547674,0.07951434559273687,0.3891420505193829
2008-02-01,5.829545454545454,4.16965938296876,4.61689124993121,7.963072386044345,-3.009036262152054,-11.358365417506157,7.0281177248817,-15.93640938088746,0.27940928,0.5019800979852526,0.2279210861685088,0.25742048615759955,4,0.27940928,0.5019800979852526,0.2279210861685088,0.25742048615759955
2008-03-01,5.321875,4.16965938296876,5.113075075818263,8.55491912334534,7.455261679453851,-7.085763102954379,2.330598749656088,-14.9737717096592,0.577758,0.6142857142857143,0.0,0.3857142857142857,2,0.577758,0.6142857142857143,0.0,0.3857142857142857
2008-04-01,5.189144736842105,4.16965938296876,5.899710781091483,10.728634876764875,-4.488518003063291,-20.140290720585853,-4.2964914717741,-12.55241777288606,,,,,0,0.577758,0.6142857142857143,0.0,0.3857142857142857
2008-05-01,5.15625,4.773042383055803,7.262012343110546,11.444760784213548,7.182838328421437,-8.130910369638078,-2.07818141361501,-8.356855935884289,0.31453741,0.3709150326797386,0.07189542483660125,0.5571895424836601,2,0.31453741,0.3709150326797386,0.07189542483660125,0.5571895424836601
2008-06-01,5.139883333333334,4.773042383055803,8.32517906550978,14.551609032335168,8.668533836746107,-6.048949026564854,2.050389728501778,-4.071910511555976,,,,,0,0.31453741,0.3709150326797386,0.07189542483660125,0.5571895424836601
2008-07-01,5.3671875,4.773042383055803,9.444985918006378,19.26965416458341,7.686421942014721,4.776408829959489,8.521983374933239,-1.465925932856471,0.5022136542857143,0.5690319873050483,0.06476496675730405,0.3662030459376476,7,0.5022136542857143,0.5690319873050483,0.06476496675730405,0.3662030459376476
2008-08-01,5.675,5.435238743205084,10.164564275909193,21.07322624985164,10.2611026035593,2.9474173404970383,15.009830834287442,-2.597504750478241,0.390143765,0.3422759433962264,0.0250589622641509,0.6326650943396226,2,0.390143765,0.3422759433962264,0.0250589622641509,0.6326650943396226
2008-09-01,5.8515625,5.435238743205084,10.541592158391763,18.6033496214155,6.5502731318809015,3.8878603609168616,-1.453085962585332,1.2156072976836851,0.31912378999999996,0.4563770374699656,0.12226037405026297,0.4147063120981882,3,0.31912378999999996,0.4563770374699656,0.12226037405026297,0.4147063120981882
2008-10-01,5.484379545454545,5.435238743205084,10.13513222952036,15.07760037512369,14.519234305973349,2.867455129706053,4.695278423427385,8.212974521856943,0.413427565,0.4860454687888316,0.06226295828065737,0.447723318962257,4,0.413427565,0.4860454687888316,0.06226295828065737,0.447723318962257
2008-11-01,5.534090909090909,3.1436274968777544,9.730247330960127,9.135667966537376,10.505430246480609,-7.106364508432506,-3.576427076330002,13.810494011337893,0.298228725,0.4232142857142857,0.10238095238095235,0.46845238095238095,2,0.298228725,0.4232142857142857,0.10238095238095235,0.46845238095238095
2008-12-01,5.7140625,3.1436274968777544,9.021107310965792,4.422870479400953,-0.1670807319116174,0.8847414935461817,-21.947328683867863,15.215397339016713,0.36760545,0.5172413793103449,0.1149425287356321,0.367816091954023,1,0.36760545,0.5172413793103449,0.1149425287356321,0.367816091954023
2009-01-01,5.793269230769231,3.1436274968777544,7.714283293881685,1.7741909189791016,-10.121283770492006,-31.254669673347944,-23.970887569736263,15.313511088805942,0.31409915,0.43045249358219745,0.12822987374825445,0.43348287483479025,6,0.31409915,0.43045249358219745,0.12822987374825445,0.43348287483479025
2009-02-01,5.4828125,1.1172643634175916,7.042258666405132,-0.6413668892901625,-26.560740367271187,-31.40493826908665,-24.409244775039785,16.998433777301326,0.26321177799999995,0.4049066299965494,0.1401437826272634,0.4447005562732741,5,0.26321177799999995,0.4049066299965494,0.1401437826272634,0.4447005562732741
2009-03-01,5.219791666666667,1.1172643634175916,7.202992844343203,-1.4377024759581247,-23.172654863478147,-28.545490297558292,-20.138378665160594,17.46730505251566,0.2690176985714286,0.38551242292453863,0.11022317138131012,0.492882970082552,7,0.2690176985714286,0.38551242292453863,0.11022317138131012,0.492882970082552
2009-04-01,4.89732380952381,1.1172643634175916,6.499528760244844,-4.455959567975166,-15.044255080475244,-18.967234644572173,-25.271150841929146,15.296557732888829,0.34607354,0.496,0.144,0.344,1,0.34607354,0.496,0.144,0.344
2009-05-01,4.724264705882353,1.892132572048033,5.580975953435208,-5.388915330162581,-20.755687918392475,-25.40011515992483,-27.53854139088781,10.773863105353133,0.5162074299999999,0.6118080446037435,0.0790023894862604,0.3011250497809637,2,0.5162074299999999,0.6118080446037435,0.0790023894862604,0.3011250497809637
2009-06-01,4.572434210526316,1.892132572048033,4.43038078582545,-7.336285297262524,-15.52707507410772,-19.189726849393907,-16.275817301928274,8.18584167153682,0.3317431,0.2962962962962963,0.037037037037037,0.6666666666666666,1,0.3317431,0.2962962962962963,0.037037037037037,0.6666666666666666
2009-07-01,4.329166666666667,1.892132572048033,3.113881218403769,-8.761183177636722,-15.985139670004,-18.641880660724887,-16.576563356606943,7.0952055814637705,0.43755047,0.478198167188856,0.0315472201383679,0.4856034498820783,5,0.43755047,0.478198167188856,0.0315472201383679,0.4856034498820783
2009-08-01,4.244485294117647,0.9278771365438754,2.108962737351505,-11.172664837934764,-17.360732557399704,-19.97901222614268,-26.64653851549247,7.3172865944795,0.51726234,0.6140350877192983,0.0701754385964912,0.3070175438596491,1,0.51726234,0.6140350877192983,0.0701754385964912,0.3070175438596491
2009-09-01,4.112980769230769,0.9278771365438754,1.7497825339386042,-8.384358377040558,-13.632671489119396,-15.298539334765382,-23.15429434413193,3.0993867969069555,0.51115327,0.553030303030303,0.0431235431235431,0.40384615384615385,2,0.51115327,0.553030303030303,0.0431235431235431,0.40384615384615385
2009-10-01,4.1333400000000005,0.9278771365438754,2.191062131564148,-6.406552182857195,-12.994719136374576,-15.894564439207192,-22.874281047421963,-2.4444539091671658,0.339422655,0.4492552135054617,0.08038728897715985,0.44458788480635547,2,0.339422655,0.4492552135054617,0.08038728897715985,0.44458788480635547
2009-11-01,4.033653846153846,1.783836386785098,2.8094783477399243,-1.6040058740302232,-10.279141927606917,-8.364932132008363,-18.856044509040505,-4.378827694289056,0.27820862,0.39423076923076916,0.12019230769230765,0.47596153846153844,2,0.27820862,0.39423076923076916,0.12019230769230765,0.47596153846153844
2009-12-01,4.4375,1.783836386785098,3.60915955347092,2.634296494531796,2.259253827225849,1.2889997978373202,0.3727093694289918,-3.478967182462611,0.5100808,0.5439068100358423,0.00806451612903225,0.4480286738351254,2,0.5100808,0.5439068100358423,0.00806451612903225,0.4480286738351254
2010-01-01,4.191673333333333,1.783836386785098,4.509289151246088,5.652403712886445,9.683607908588598,20.01128377762649,15.26210652330715,-2.498668104301993,0.39962874000000004,0.42986111111111114,0.0345486111111111,0.5355902777777778,2,0.39962874000000004,0.42986111111111114,0.0345486111111111,0.5355902777777778
2010-02-01,4.156266666666666,8.120344703950334,3.947361746880596,8.337817786239142,35.63521373626863,38.83308268361765,28.485254698468832,-2.675133000101926,,,,,0,0.39962874000000004,0.42986111111111114,0.0345486111111111,0.5355902777777778
2010-03-01,4.12918,8.120344703950334,3.926704529622072,8.806050667527732,30.10303346637253,38.24092582174039,23.90883036781868,-5.603955273481153,0.14020272,0.25,0.1111111111111111,0.625,1,0.14020272,0.25,0.1111111111111111,0.625
2010-04-01,4.130225,8.120344703950334,4.010466881980745,9.652923893501896,23.59151943220945,35.699098048249375,31.42377135802046,-7.445470760189332,,,,,0,0.14020272,0.25,0.1111111111111111,0.625
2010-05-01,4.226570833333334,7.974927709201984,3.986130539662347,9.02739815192346,24.32993057350492,19.39142365654281,38.49951677393826,-4.054874704423117,0.427187675,0.4369588744588744,0.0170454545454545,0.545995670995671,2,0.427187675,0.4369588744588744,0.0170454545454545,0.545995670995671
2010-06-01,4.218754545454545,7.974927709201984,3.722941162196292,7.226351854563706,19.254617194106928,31.91280794586122,27.797505233707053,-3.34532127382301,0.475226195,0.5011904761904762,0.0083333333333333,0.4904761904761904,2,0.475226195,0.5011904761904762,0.0083333333333333,0.4904761904761904
2010-07-01,4.078125,7.974927709201984,3.710093782670576,3.923591247510005,17.9221388121793,29.32812356471417,-0.5306839986185197,-3.792064289301911,0.4110573071428571,0.44250861162357513,0.03243501733465234,0.5240136181742021,7,0.4110573071428571,0.44250861162357513,0.03243501733465234,0.5240136181742021
2010-08-01,4.1830428571428575,7.069162795475603,3.700515356750933,4.209978263764369,15.11153604717197,30.697336155136323,11.919873440418582,-6.183972943769067,0.44273790749999997,0.4977189524686315,0.054272398784593875,0.4387493894875153,4,0.44273790749999997,0.4977189524686315,0.054272398784593875,0.4387493894875153
2010-09-01,4.082409090909091,7.069162795475603,4.0412699133195895,3.650381572265715,16.355500803718193,28.74805854755429,15.517231958533406,-7.947197790860095,,,,,0,0.44273790749999997,0.4977189524686315,0.054272398784593875,0.4387493894875153
2010-10-01,4.200673684210526,7.069162795475603,3.8593510572753953,3.5512111790280354,7.654632971743136,35.1297882046409,15.29212805123368,-7.270608734797102,0.476636,0.5121951219512195,0.024390243902439,0.4634146341463415,1,0.476636,0.5121951219512195,0.024390243902439,0.4634146341463415
2010-11-01,4.14376,6.29893204123626,3.330487395441506,3.4640841390897403,9.506803566945244,18.25543543481032,19.20081736120305,-7.527953841471002,0.27183673,0.4166666666666667,0.1388888888888889,0.4305555555555556,1,0.27183673,0.4166666666666667,0.1388888888888889,0.4305555555555556
2010-12-01,4.25,6.29893204123626,3.6533549743636975,4.428791903894669,8.593549855645644,3.289741298694615,25.597560074548632,-5.31289682539674,,,,,0,0.27183673,0.4166666666666667,0.1388888888888889,0.4305555555555556
2011-01-01,4.25,6.29893204123626,3.637900839095254,5.09999804019623,8.891908391171931,19.90062958216976,19.1790883186393,-4.03108031661329,0.5217012,0.6056763285024154,0.047906602254428304,0.33715780998389694,2,0.5217012,0.6056763285024154,0.047906602254428304,0.33715780998389694
2011-02-01,4.239583333333333,4.827020969669649,4.050632331187742,6.703073968806628,11.551255553064088,7.344203557060624,18.093416460462784,-5.632498121420982,,,,,0,0.5217012,0.6056763285024154,0.047906602254428304,0.33715780998389694
2011-03-01,4.2384894736842105,4.827020969669649,4.7019363529990255,8.689174387733601,10.891536244700184,3.865345954603394,17.865832076631616,-4.867419399910922,,,,,0,0.5217012,0.6056763285024154,0.047906602254428304,0.33715780998389694
2011-04-01,4.290782608695652,4.827020969669649,4.777868829690424,9.49554849680101,9.47562094813248,-0.8389415546487422,16.032933998024014,-3.106715964642326,,,,,0,0.5217012,0.6056763285024154,0.047906602254428304,0.33715780998389694
2011-05-01,4.473705263157894,3.5603275744885643,4.666671888041396,10.69492916913526,5.198689050785843,15.327797613102124,16.982963908174177,-5.409067036594129,0.556126,0.6170212765957447,0.0212765957446808,0.3617021276595745,1,0.556126,0.6170212765957447,0.0212765957446808,0.3617021276595745
2011-06-01,4.707257894736842,3.5603275744885643,5.091816056348764,10.009912144141577,4.444822584713948,-8.122211597814532,-3.8085212681454816,-6.3431146203856485,,,,,0,0.556126,0.6170212765957447,0.0212765957446808,0.3617021276595745
2011-07-01,4.674128571428572,3.5603275744885643,5.241264677341251,9.885746645764629,2.232854045842103,-15.055696882648151,-0.2048482889741465,-7.580937278124599,0.5205925650000001,0.5877358490566038,0.04272237196765495,0.3695417789757412,2,0.5205925650000001,0.5877358490566038,0.04272237196765495,0.3695417789757412
2011-08-01,4.654790476190476,3.035783400688663,4.979256768669815,9.775559798893152,4.223386232228665,-8.552776474669754,-1.4566062054393702,-6.112040909244144,0.58625257,0.6185567010309279,0.0206185567010309,0.3402061855670103,1,0.58625257,0.6185567010309279,0.0206185567010309,0.3402061855670103
2011-09-01,4.708892105263158,3.035783400688663,4.710741950898134,8.184528639800725,1.5848154688174576,-17.903653555610155,6.867896940836227,-2.906620913857194,,,,,0,0.58625257,0.6185567010309279,0.0206185567010309,0.3402061855670103
2011-10-01,4.712505,3.035783400688663,4.706851904711207,9.095433638123597,1.9043218787179408,-28.915212567989578,7.724488022177267,0.0149614799435759,0.40645370000000003,0.515179034769071,0.10508562532433831,0.3690970420342501,2,0.40645370000000003,0.515179034769071,0.10508562532433831,0.3690970420342501
2011-11-01,4.680292307692308,4.034919686904992,5.206611847444309,8.222550706114863,-10.26083400199158,-13.289437090832934,2.3690149996727694,-0.4996702345872905,0.6568657,0.7,0.0,0.3,1,0.6568657,0.7,0.0,0.3
2011-12-01,4.617803846153846,4.034919686904992,4.754098307351695,7.421686371043124,-4.015709170464577,-19.31581122526914,0.7437412535293397,-0.6965767554782953,,,,,0,0.6568657,0.7,0.0,0.3
2012-01-01,4.699519230769231,4.034919686904992,4.163270057288981,5.804000186597658,-6.375296900431682,-19.37616129241464,-6.938833973410352,-1.2520267007037011,0.49401346,0.5774647887323944,0.0704225352112676,0.3380281690140845,1,0.49401346,0.5774647887323944,0.0704225352112676,0.3380281690140845
2012-02-01,4.664616666666666,6.040022677967993,4.05112160998411,3.54231315118374,4.25451596547366,1.536561792399871,-4.482959195068004,-2.3850438418283826,0.19927078,0.2990654205607476,0.102803738317757,0.5981308411214953,1,0.19927078,0.2990654205607476,0.102803738317757,0.5981308411214953
2012-03-01,4.392377777777778,6.040022677967993,2.9872815236737127,1.6502624231818697,10.160764445939098,10.156410409166284,0.0868231459325796,-1.513549875072151,0.45308277999999996,0.4847494553376906,0.030578898225957035,0.4687986305633364,3,0.45308277999999996,0.4847494553376906,0.030578898225957035,0.4687986305633364
2012-04-01,4.1875210526315785,6.040022677967993,2.948309905337587,0.7038554994738044,13.553320679809168,-2.0967255269665808,-4.618253555434815,-1.249718186215909,,,,,0,0.45308277999999996,0.4847494553376906,0.030578898225957035,0.4687986305633364
2012-05-01,4.156272222222222,6.219336594064684,3.1816859783408318,-0.8301981431462546,6.143327681620647,6.353505670083259,-14.367760210423253,-0.6475029403208987,0.5157823,0.5454545454545454,0.0227272727272727,0.4318181818181818,1,0.5157823,0.5454545454545454,0.0227272727272727,0.4318181818181818
2012-06-01,4.09766875,6.219336594064684,2.8324740104816337,0.4316804705826849,-1.9254459867264484,19.012190516111826,9.414180654490046,-1.3587169573472837,0.17475566,0.3085106382978723,0.1489361702127659,0.5425531914893617,1,0.17475566,0.3085106382978723,0.1489361702127659,0.5425531914893617
2012-07-01,4.1187575,6.219336594064684,2.756163690099256,1.097291625813246,8.883327366416127,2.7148918082990914,11.541215084016663,-2.1102054197748576,0.42567619,0.45584239130434784,0.0264945652173913,0.5122282608695652,2,0.42567619,0.45584239130434784,0.0264945652173913,0.5122282608695652
2012-08-01,4.087178947368422,7.399509651961789,3.06473912474039,1.8051470757687091,2.5408545512676906,3.92359354929146,-1.0535187249087752,-0.8856346598396625,0.03362115,0.1904761904761904,0.1714285714285714,0.638095238095238,1,0.03362115,0.1904761904761904,0.1714285714285714,0.638095238095238
2012-09-01,3.8633,7.399509651961789,3.723631004359551,2.4320225247410843,2.36260775381818,-9.410593339527418,1.328648251888609,-2.9672689855097745,0.192738995,0.27890804597701147,0.07522988505747125,0.6286206896551725,2,0.192738995,0.27890804597701147,0.07522988505747125,0.6286206896551725
2012-10-01,3.795967647058824,7.399509651961789,3.6418282264095048,1.7786955060773435,8.162760881358011,19.609613205722237,1.5332621256541,-4.601148953459733,0.24425056250000002,0.3201954382244051,0.08533608677047867,0.5785883053338543,4,0.24425056250000002,0.3201954382244051,0.08533608677047867,0.5785883053338543
2012-11-01,3.803580952380953,7.843869981168594,3.234750835401101,1.3354767899514286,17.04639468677098,1.3947518415922566,0.3462533267578394,-4.973753855434737,0.06957335,0.1647058823529411,0.1294117647058823,0.6823529411764706,1,0.06957335,0.1647058823529411,0.1294117647058823,0.6823529411764706
2012-12-01,3.613842857142857,7.843869981168594,2.830858715804929,-0.3739388261362997,7.862836768175718,1.81545241102814,-1.6157563175500322,-6.052544493174183,0.32970802499999996,0.37838915470494416,0.0490430622009569,0.572567783094099,2,0.32970802499999996,0.37838915470494416,0.0490430622009569,0.572567783094099
2013-01-01,3.623266666666667,7.843869981168594,2.8900591889729377,0.2510486760946895,6.0349585442673215,9.470390452729593,7.462370625313208,-6.624712609797879,0.35318797999999996,0.44043910399050584,0.10792167334223404,0.45163922266726,2,0.35318797999999996,0.44043910399050584,0.10792167334223404,0.45163922266726
2013-02-01,3.544283333333333,7.593128949876937,2.8397614746589417,0.7013997785150439,-0.7525398254892401,2.339708491542325,-14.009609438579297,-4.661219856319376,0.2701488,0.3214285714285714,0.0357142857142857,0.6071428571428571,1,0.2701488,0.3214285714285714,0.0357142857142857,0.6071428571428571
2013-03-01,3.1652,7.593128949876937,2.9382004960514685,0.9017975680822188,-5.976774259632767,-19.483549420375123,-10.187269459251835,-5.00410340788825,0.41652241,0.4558657965289903,0.037863392201200226,0.49995945082100157,4,0.41652241,0.4558657965289903,0.037863392201200226,0.49995945082100157
2013-04-01,2.860210526315789,7.593128949876937,2.7300264279405573,0.6999969999999855,-13.439660643221584,3.1794602606844524,-12.443765706165188,-3.647652900316234,,,,,0,0.41652241,0.4558657965289903,0.037863392201200226,0.49995945082100157
2013-05-01,2.66877,7.512418484037142,2.2088326392664337,1.1010990770550677,-6.75290669543126,-6.221375767226,3.811702070637368,-3.626208569501166,,,,,0,0.41652241,0.4558657965289903,0.037863392201200226,0.49995945082100157
2013-06-01,2.1666904761904764,7.512418484037142,2.311555341979088,1.199996999999997,1.8931092450449996,0.2909731400544846,-5.648437940186124,0.3050682523235482,0.353754935,0.3857142857142857,0.0428571428571428,0.5714285714285714,2,0.353754935,0.3857142857142857,0.0428571428571428,0.5714285714285714
2013-07-01,2.241794736842105,7.512418484037142,2.5024994277053736,1.1964077408851193,-7.414098900160171,4.72321579769599,-3.5831059310417634,3.461272675233129,0.38758113714285714,0.398719830361654,0.043808727202137354,0.5561237335413299,7,0.38758113714285714,0.398719830361654,0.043808727202137354,0.5561237335413299
2013-08-01,2.0693217391304346,6.708965473955697,2.395215663298278,2.189051741293535,-3.7942838723435615,6.389454540635731,12.676923126934136,4.325654759217934,0.4600538,0.4210526315789473,0.0,0.5789473684210527,1,0.4600538,0.4210526315789473,0.0,0.5789473684210527
2013-09-01,2.042317647058824,6.708965473955697,1.7821791833839695,1.6966118272438768,-2.927122350702138,35.67812576907736,11.949804565193812,4.98901055909069,0.18156567,0.2032967032967033,0.0329670329670329,0.7637362637362637,1,0.18156567,0.2032967032967033,0.0329670329670329,0.7637362637362637
2013-10-01,2.0104333333333333,6.708965473955697,2.277226441103441,2.1956138381920454,-3.3038980298734644,10.144130002886854,12.527030329192137,4.174307957641754,0.31459264,0.3385423593562974,0.0185529990690251,0.6380502726426387,2,0.31459264,0.3385423593562974,0.0185529990690251,0.6380502726426387
2013-11-01,2.0253190476190475,5.351246094477569,2.3762354282579112,2.2021981541101354,-2.258142508342953,18.741860413182355,-4.370937083232718,5.915161630111188,0.21786399,0.2753623188405797,0.0579710144927536,0.6376811594202898,1,0.21786399,0.2753623188405797,0.0579710144927536,0.6376811594202898
2013-12-01,2.0328325,5.351246094477569,2.8712826859773832,3.112448857679695,-5.099327297593237,26.96209133067133,13.830041974966868,7.553775058560896,0.12103479499999999,0.23469387755102034,0.13010204081632645,0.6352040816326531,2,0.12103479499999999,0.23469387755102034,0.13010204081632645,0.6352040816326531
2014-01-01,2.01565,5.351246094477569,3.76610396149073,3.400001999999991,-3.084945765867686,34.528070446561834,10.643636665991371,10.30474577044016,0.25118372,0.4062329141607436,0.14844177145981405,0.44532531437944234,2,0.25118372,0.4062329141607436,0.14844177145981405,0.44532531437944234
2014-02-01,2.0268,5.698822273565307,3.7475335131887935,3.0845751243781194,3.308251235823501,6.575706183427621,40.290797122352615,10.382386024869517,0.2719138566666667,0.37908540837213484,0.11467822840047683,0.5016701531817261,3,0.2719138566666667,0.37908540837213484,0.11467822840047683,0.5016701531817261
2014-03-01,2.021394736842105,5.698822273565307,3.641732213036142,3.5749812385794,5.089437888504911,37.084195668711615,13.74125874982013,10.01864152172731,0.2599958866666667,0.3890086295883397,0.1231484922306178,0.48784287818104244,3,0.2599958866666667,0.3890086295883397,0.1231484922306178,0.48784287818104244
2014-04-01,2.0208619047619045,5.698822273565307,3.543306768550303,3.972194755874714,0.0318512685913763,23.27256082896769,21.800608078653028,8.505470324754505,0.17690022,0.2592592592592592,0.1018518518518518,0.6296296296296297,1,0.17690022,0.2592592592592592,0.1018518518518518,0.6296296296296297
2014-05-01,2.019757894736842,6.936488730880086,3.6345775986174944,3.762379207920796,10.850326874574744,9.729385812011436,12.82881553891768,6.358842731441605,0.29922848,0.3884976525821596,0.09244131455399054,0.5084976525821596,2,0.29922848,0.3884976525821596,0.09244131455399054,0.5084976525821596
2014-06-01,2.0104333333333333,6.936488730880086,4.02750359907067,3.8537560430955455,11.44832744584936,22.747398083278124,2.094012746725582,2.122156637619721,0.5497646,0.6428571428571429,0.0357142857142857,0.3214285714285714,1,0.5497646,0.6428571428571429,0.0357142857142857,0.3214285714285714
2014-07-01,2.115655,6.936488730880086,3.808601185328331,3.842366502463057,10.116624879691848,24.005542805810222,0.6750515984553784,0.2552232152556843,0.4364357,0.48805878750765463,0.0499081445192896,0.46203306797305566,2,0.4364357,0.48805878750765463,0.0499081445192896,0.46203306797305566
2014-08-01,2.2693714285714286,5.935092017294252,4.191029817844449,2.434274657281632,6.02406889288174,11.862603370582756,1.4690240536083587,-0.2202843255879827,0.35332424,0.42079774545046383,0.06932048916247927,0.502067551743714,4,0.35332424,0.42079774545046383,0.06932048916247927,0.502067551743714
2014-09-01,2.2747,5.935092017294252,4.182876090864607,3.532873335959308,4.489974811219999,10.085002064858006,4.748996837430575,0.5551523790072732,0.4186613885714286,0.46369846525872715,0.03891380404378674,0.49738773069748604,7,0.4186613885714286,0.46369846525872715,0.03891380404378674,0.49738773069748604
2014-10-01,2.4256285714285712,5.935092017294252,3.8722152068392246,3.4179686832428,5.495249008206637,16.63261732966468,1.9923053528303256,3.7408402398279472,0.35945345666666667,0.42729591836734687,0.0783163265306122,0.49022108843537415,3,0.35945345666666667,0.42729591836734687,0.0783163265306122,0.49022108843537415
2014-11-01,2.531263636363636,6.727608846302791,3.675047401737919,4.113619081559627,8.012417877375144,6.359147221523664,19.826721340539265,3.2070091333636253,0.45389672000000003,0.5036734693877551,0.02,0.47122448979591836,2,0.45389672000000003,0.5036734693877551,0.02,0.47122448979591836
2014-12-01,2.59065,6.727608846302791,2.983641175588514,3.700100400197681,6.934929354066766,23.456960901955213,2.141714988195287,1.3229712796670734,0.62415504,0.6511627906976745,0.0,0.3488372093023256,1,0.62415504,0.6511627906976745,0.0,0.3488372093023256
2015-01-01,2.593788235294117,6.727608846302791,1.910219966213256,2.8046430792138644,3.213782179331304,-2.097649879986485,1.571030584944011,-0.7170804573363831,0.452084472,0.5724515016311338,0.09436253843255257,0.3252045495503769,5,0.452084472,0.5724515016311338,0.09436253843255257,0.3252045495503769
2015-02-01,2.560679411764706,5.24949402729904,1.520914149534125,2.606182482744845,-1.1469945606922385,-0.8480352264835345,-6.505925086028908,-1.5004601379827842,0.187279645,0.3074494949494949,0.1433080808080808,0.5353535353535352,2,0.187279645,0.3074494949494949,0.1433080808080808,0.5353535353535352
2015-03-01,2.518118421052632,5.24949402729904,1.519468669419699,2.684558887308941,-7.791249143289781,-4.30740198312839,8.657187943801613,-0.7721821218101499,0.362878115,0.4472708002119766,0.07485426603073655,0.4778749337572866,2,0.362878115,0.4472708002119766,0.07485426603073655,0.4778749337572866
2015-04-01,2.521340909090909,5.24949402729904,1.520914149534125,2.387774662495934,8.344215656008313,2.4251542429620354,3.0158347381324724,-0.5107346231386867,0.32489488,0.4367816091954023,0.0919540229885057,0.4712643678160919,1,0.32489488,0.4367816091954023,0.0919540229885057,0.4712643678160919
2015-05-01,2.528005263157895,6.3987760639389935,1.4218034394192447,2.480915005317308,-7.093387062872914,-3.2449953280952792,-6.225584053655842,1.564035403449271,0.4060968575,0.46300699864292916,0.03227235686647705,0.496756910111765,4,0.4060968575,0.46300699864292916,0.03227235686647705,0.496756910111765
2015-06-01,2.51565,6.3987760639389935,0.9442905753263232,2.378687010060654,-9.354508570520082,-16.092728786726585,-3.1062656868274474,2.6602221878082144,0.3147063275,0.4361569829008371,0.11211220538350361,0.4466720483022714,4,0.3147063275,0.4361569829008371,0.11211220538350361,0.4466720483022714
2015-07-01,2.510955,6.3987760639389935,0.5644372519629348,1.707775109909382,-9.645408906923269,0.8994721605243283,26.39491739706705,4.137403048990174,0.306864304,0.3548979001369347,0.05799253971295766,0.5833143578586647,5,0.306864304,0.3548979001369347,0.05799253971295766,0.5833143578586647
2015-08-01,2.516395238095238,6.5874003241178425,0.1870901120633261,1.806084652264772,-8.915998590555397,3.180288903029993,28.22561697290331,5.425702188246717,0.3951399,0.43374999999999997,0.03875,0.52125,2,0.3951399,0.43374999999999997,0.03875,0.52125
2015-09-01,2.521410526315789,6.5874003241178425,0.0,1.327016113744084,-8.32162016962762,-0.9980741437689122,11.62061706900528,6.069828798869481,0.11431983333333333,0.2571410224852577,0.15582953109039643,0.5790254128956384,3,0.11431983333333333,0.2571410224852577,0.15582953109039643,0.5790254128956384
2015-10-01,2.528319047619048,6.5874003241178425,-0.3727853351241594,0.8498592851773568,-8.124785041760973,-10.153746042111544,14.55508419324747,3.489107130717461,0.39229354666666666,0.44767569949328045,0.043936675793913034,0.5046423063607465,3,0.39229354666666666,0.44767569949328045,0.043936675793913034,0.5046423063607465
2015-11-01,2.5241863636363635,7.045169987486433,-0.1865654479307199,0.4703668728965215,-8.98996716476137,-7.732204334177394,20.97531692371055,4.572243578620472,0.3331883375,0.39481615375803153,0.05208205282720927,0.5435589386781636,4,0.3331883375,0.39481615375803153,0.05208205282720927,0.5435589386781636
2015-12-01,2.51760625,7.045169987486433,0.2803723436426208,0.3755887323943607,-5.336177113846574,3.5255500812546803,15.24597919053483,5.6895911002159405,,,,,0,0.3331883375,0.39481615375803153,0.05208205282720927,0.5435589386781636
2016-01-01,2.5434277777777776,7.045169987486433,0.749760974882463,0.7525822929656867,-6.710092160316716,2.5404259652055616,20.66155222785291,6.516593584121866,0.414301025,0.530741410488246,0.10753842676311025,0.3509267631103074,2,0.414301025,0.530741410488246,0.10753842676311025,0.3509267631103074
2016-02-01,2.52504,6.918608046680141,0.7490600558966554,0.6585107998538842,-2.0312879879269,4.08985703903868,28.453021887273124,7.721915815883262,0.35497549500000003,0.40824915824915825,0.07670454545454546,0.5008417508417509,2,0.35497549500000003,0.40824915824915825,0.07670454545454546,0.5008417508417509
2016-03-01,2.5197684210526314,6.918608046680141,0.4677247317095956,0.1867460352333649,7.220586083484792,4.082068699319708,13.757478053139517,5.125858542589401,0.241335175,0.3591573033707865,0.1093258426966292,0.5152808988764045,2,0.241335175,0.3591573033707865,0.1093258426966292,0.5152808988764045
2016-04-01,2.528319047619048,6.918608046680141,0.5617947674413593,0.0932891817151837,0.2329598972260704,-8.765451702551463,22.98793411749367,4.212551445972257,0.33781486,0.38686342592592593,0.0625,0.5506365740740741,2,0.33781486,0.38686342592592593,0.0625,0.5506365740740741
2016-05-01,2.523847619047619,7.439518318733995,0.6542017698753622,0.3724404027478645,6.625974861424533,0.7903056558829391,41.6963458787061,4.912925883726538,0.4670801866666667,0.5301673289126815,0.045049764274489236,0.4207668425558011,3,0.4670801866666667,0.5301673289126815,0.045049764274489236,0.4207668425558011
2016-06-01,2.5253380952380957,7.439518318733995,0.935449463419169,0.0929358753333886,4.129153637994687,3.3782090633279527,53.3632628220398,3.2930373340431585,0.30290818,0.3592233009708738,0.058252427184466,0.5825242718446602,1,0.30290818,0.3592233009708738,0.058252427184466,0.5825242718446602
2016-07-01,2.51565,7.439518318733995,1.3096373658276317,0.652989757079947,6.873919666415218,-6.177291666491391,25.92533380640567,3.961547576489077,0.29150929833333333,0.37138836066479225,0.08382225095790846,0.5405991516289229,6,0.29150929833333333,0.37138836066479225,0.08382225095790846,0.5405991516289229
2016-08-01,2.5214052631578947,7.329800884047444,1.307191739337621,0.6535994519813126,9.270251081762982,-7.386025189862466,8.667607834979263,1.1678376237779895,0.364786115,0.49357743097238893,0.09729891956782705,0.39813925570228087,2,0.364786115,0.49357743097238893,0.09729891956782705,0.39813925570228087
2016-09-01,2.517215,7.329800884047444,1.307191739337621,0.8419092452402355,10.1972041012109,-0.9923427831376784,13.807350596670176,1.4522912445926073,0.28477102,0.41415223239893456,0.12628902443896411,0.4508141703008525,6,0.28477102,0.41415223239893456,0.12628902443896411,0.4508141703008525
2016-10-01,2.514826315789474,7.329800884047444,1.683817589954284,1.3108557684216482,7.603533306813204,9.920259921746055,19.98437001843769,4.286565876424109,,,,,0,0.28477102,0.41415223239893456,0.12628902443896411,0.4508141703008525
2016-11-01,2.5058625,6.913046088932995,1.775699911423945,2.0599222267811967,6.326429963531455,14.39772995945412,15.855754289743018,4.570227374562363,0.2751745833333334,0.39094994058229354,0.10563354129530596,0.48666815210932857,3,0.2751745833333334,0.39094994058229354,0.10563354129530596,0.48666815210932857
2016-12-01,2.5015650000000003,6.913046088932995,2.050324807224513,2.05799434877465,12.990002711356553,-0.1401563521973403,26.58360802218578,5.473781335805739,0.52214694,0.5227272727272727,0.0,0.4772727272727273,1,0.52214694,0.5227272727272727,0.0,0.4772727272727273
2017-01-01,2.518775,6.913046088932995,2.232564904370604,2.0541597022252,21.920001676404155,12.409413019522454,25.553924661158376,4.683507042113777,0.313979225,0.45783730158730157,0.1577380952380952,0.373015873015873,2,0.313979225,0.45783730158730157,0.1577380952380952,0.373015873015873
2017-02-01,2.527788888888889,6.374132030726565,2.5092978722330628,2.056071962616812,13.909998494873976,37.67085290856891,21.53896804056932,4.881370389112183,,,,,0,0.313979225,0.45783730158730157,0.1577380952380952,0.373015873015873
2017-03-01,2.51759375,6.374132030726565,3.072628022191659,2.4231117682261383,10.209999584763096,24.099811258603697,26.788599573186445,7.600430509681821,0.37350866625,0.4602675183430599,0.07793049620166792,0.44233664770859277,8,0.37350866625,0.4602675183430599,0.07793049620166792,0.44233664770859277
2017-04-01,2.535536363636364,6.374132030726565,3.072628022191659,2.329916057877468,15.809995210785011,36.86503448334511,30.918927112754343,7.730712028117348,,,,,0,0.37350866625,0.4602675183430599,0.07793049620166792,0.44233664770859277
2017-05-01,2.5772411764705883,7.177093432227855,3.156918873344461,1.948050966195236,4.489994354547955,40.16262589197011,11.8158487810323,6.5339382913921495,0.34494347333333336,0.3682297323630717,0.04425316450405744,0.5875171031328708,3,0.34494347333333336,0.3682297323630717,0.04425316450405744,0.5875171031328708
2017-06-01,2.57815,7.177093432227855,2.8730335741483426,2.2284132468453066,8.28999603755831,32.15008173308733,28.070718606313605,7.286527922615349,0.35102147,0.40826612903225806,0.0507392473118279,0.5288978494623655,2,0.35102147,0.40826612903225806,0.0507392473118279,0.5288978494623655
2017-07-01,2.5543,7.177093432227855,2.4930712561656465,1.9462446349166829,7.899997787113122,25.641294828972416,8.018130120430044,7.607809231971729,0.461826102,0.5070481437465325,0.03580446262041702,0.44667660146561605,10,0.461826102,0.5070481437465325,0.03580446262041702,0.44667660146561605
2017-08-01,2.5655,7.5315994685905885,2.396309619876713,2.133576007414395,6.150004437088263,31.137286921566965,7.299303652508526,8.984089673276085,0.396195356,0.4621127083476626,0.0643342045532705,0.463243563289543,5,0.396195356,0.4621127083476626,0.0643342045532705,0.463243563289543
2017-09-01,2.5533352941176477,7.5315994685905885,2.580640796568168,2.133576007414395,14.600006225058792,29.70770371814713,36.57408426661293,7.548148485945849,0.39825276750000005,0.3603091650973007,0.0248634651600753,0.6059604519774011,4,0.39825276750000005,0.3603091650973007,0.0248634651600753,0.6059604519774011
2017-10-01,2.5712,7.5315994685905885,3.035879690233489,1.66358877070949,9.369998110476164,19.76512539918247,12.460772532800537,6.19485316930104,0.48936254,0.560301933592868,0.054030613173517074,0.37701376898763933,7,0.48936254,0.560301933592868,0.054030613173517074,0.37701376898763933
2017-11-01,2.65784,6.641204960911118,3.1221318008648917,1.1926633027522948,11.46000118688324,24.840771689989214,24.46031557480765,3.8314515308717656,0.48203940500000003,0.5607396473689835,0.05834400945460388,0.369010252885793,8,0.48203940500000003,0.5607396473689835,0.05834400945460388,0.369010252885793
2017-12-01,2.69046,6.641204960911118,3.0136998535491344,1.2832282545046425,7.174785953252028,18.288134447840637,24.38279705811688,1.162561209952817,0.3520293,0.4310344827586206,0.0517241379310344,0.5172413793103449,1,0.3520293,0.4310344827586206,0.0517241379310344,0.5172413793103449
2018-01-01,3.0855473684210524,6.641204960911118,2.911731280700147,1.280872791924792,13.406078019573052,9.657406344894248,27.29492848688686,1.552952620583592,0.552584175,0.6110867074102369,0.029655801714625202,0.35084988540870893,4,0.552584175,0.6110867074102369,0.029655801714625202,0.35084988540870893
2018-02-01,3.0982380952380955,6.454566427002706,3.4451496941859228,2.0146566487543094,10.905857079717585,2.6977253479827823,13.891201945715911,3.65128194755826,,,,,0,0.552584175,0.6110867074102369,0.029655801714625202,0.35084988540870893
2018-03-01,3.075673684210526,6.454566427002706,3.794035813279284,1.9108261708675744,15.510343018077943,5.063523009709758,17.887866990370128,3.5652310025952927,0.39770804666666665,0.46421650055370983,0.066037590746893,0.4671619293712317,3,0.39770804666666665,0.46421650055370983,0.066037590746893,0.4671619293712317
2018-04-01,3.065655,6.454566427002706,4.33604577172122,2.003640200264845,10.506790004978406,3.9932493992205664,6.910208088374104,4.48422431031128,0.56627832,0.6342002858141591,0.03247327385258415,0.3285589377209265,4,0.56627832,0.6342002858141591,0.03247327385258415,0.3285589377209265
2018-05-01,3.15159,6.378896018611369,4.500453001350024,2.001816160112524,21.80481127923084,2.617072773525475,34.46305163488756,4.682062664499065,0.3885990733333333,0.47132512724617986,0.07586288441551596,0.44347944150575724,6,0.3885990733333333,0.47132512724617986,0.07586288441551596,0.44347944150575724
2018-06-01,3.30657619047619,6.378896018611369,4.594596687371788,2.179838368389442,14.80663218476852,6.569759401026243,22.961564777251464,6.414293208935118,0.4984383,0.5185185185185185,0.0277777777777777,0.4444444444444444,1,0.4984383,0.5185185185185185,0.0277777777777777,0.4444444444444444
2018-07-01,3.4621947368421053,6.378896018611369,5.225223628281106,1.818181818181808,10.909027307624374,10.393182461261665,38.25384225653523,5.5189938432588015,0.45248844333333327,0.5268926815762138,0.055842501118793395,0.4142794923574036,9,0.45248844333333327,0.5268926815762138,0.055842501118793395,0.4142794923574036
2018-08-01,3.6392136363636367,6.145965198590453,5.670571921566059,1.8165304598824816,11.108266416975445,7.886920424492683,47.50428614377067,4.715131195307998,0.38746834125,0.47991567473077446,0.092707921512162,0.4201610998723517,8,0.38746834125,0.47991567473077446,0.092707921512162,0.4201610998723517
2018-09-01,3.934538095238095,6.145965198590453,6.379156883066939,2.089013661925776,4.10636697232547,8.807470850084398,17.854028449096802,5.748896746627796,0.3607228,0.4634146341463415,0.0975609756097561,0.4390243902439024,1,0.3607228,0.4634146341463415,0.0975609756097561,0.4390243902439024
2018-10-01,4.20315,6.145965198590453,6.696428505994234,2.181820000000001,3.207118116858032,7.048099049970391,37.85534484588589,5.191067222775514,0.6183319,0.6956521739130435,0.0434782608695652,0.2608695652173913,1,0.6183319,0.6956521739130435,0.0434782608695652,0.2608695652173913
2018-11-01,4.641321739130435,6.383799792643541,6.678539655755023,2.17587845396523,4.106763351108289,12.019006923125009,32.491080058753205,3.4678102993038085,,,,,0,0.6183319,0.6956521739130435,0.0434782608695652,0.2608695652173913
2018-12-01,4.782921052631579,6.383799792643541,6.02837154795961,1.9004506787330344,2.305896498379622,4.605482453008247,13.526638989285368,4.711448318230693,0.52254814,0.5961538461538461,0.0192307692307692,0.3846153846153846,1,0.52254814,0.5961538461538461,0.0192307692307692,0.3846153846153846
2019-01-01,4.948788235294118,6.383799792643541,5.128204676281101,1.2646802510753563,-9.098257473554996,-7.916965495717775,-0.2915329890742946,3.879022262006071,0.363623198825,0.47682078539016287,0.10633740343840313,0.41386562069524346,4,0.363623198825,0.47682078539016287,0.10633740343840313,0.41386562069524346
2019-02-01,5.096627272727273,5.873677434204216,4.382114419281602,1.256733370615204,-3.067495913350271,-2.8675514359455367,11.772297391970255,0.7809578917496562,0.27107418,0.1915204678362573,0.0175438596491228,0.7909356725146198,3,0.27107418,0.1915204678362573,0.0175438596491228,0.7909356725146198
2019-03-01,5.116333333333333,5.873677434204216,3.8294214735015153,0.8035732142857244,-11.217749700617365,1.1632027358670527,3.5519676027792046,0.6641914961099893,0.4757417266666666,0.5529640867312537,0.059570957095709566,0.38086429610703004,3,0.4757417266666666,0.5529640867312537,0.059570957095709566,0.38086429610703004
2019-04-01,5.169666666666667,5.873677434204216,3.290043351571992,1.0714258928571363,-9.30134859736419,0.8132950483632273,12.76614194361314,0.0261470024573329,0.55810976,0.5925925925925926,0.0277777777777777,0.3796296296296296,1,0.55810976,0.5925925925925926,0.0277777777777777,0.3796296296296296
2019-05-01,5.220527777777778,5.625401214596004,3.014643030591979,1.070477271551784,-16.79106037877848,3.008034113103641,2.847460099470478,0.1287301875482871,0.40403286,0.5072463768115942,0.072463768115942,0.391304347826087,1,0.40403286,0.5072463768115942,0.072463768115942,0.391304347826087
2019-06-01,5.035757142857143,5.625401214596004,3.1869077406396107,1.1555582222222194,-10.624626270292747,1.832302621560955,-1.1774079920456315,-2.346357598737569,0.35782610000000004,0.44763161674926377,0.07754435107376283,0.47041226747109094,6,0.35782610000000004,0.44763161674926377,0.07754435107376283,0.47041226747109094
2019-07-01,4.934044444444444,5.625401214596004,2.6541123145919165,1.696430357142864,-14.838821389408253,1.2936038921802728,-9.586458198817194,-4.28582228565455,0.38624154666666666,0.42353479853479853,0.041208791208791166,0.5352564102564102,3,0.38624154666666666,0.42353479853479853,0.041208791208791166,0.5352564102564102
2019-08-01,4.7935,6.329041543225022,2.385004461459728,1.5165076095719598,-47.99083906020611,0.2651917558867067,-5.1717299694273855,-2.287791158280128,0.354564036,0.4165792778649921,0.07983124018838304,0.49405102040816323,5,0.354564036,0.4165792778649921,0.07983124018838304,0.49405102040816323
2019-09-01,4.410036842105264,6.329041543225022,1.6891885032996656,1.6903923186762926,-21.26501664056716,-0.8494566057949515,-7.262876053857492,-3.404977436481693,0.5786245483333333,0.6086871685662009,0.014632209188660783,0.3766806222451384,6,0.5786245483333333,0.6086871685662009,0.014632209188660783,0.3766806222451384
2019-10-01,4.32444761904762,6.329041543225022,0.9204975175773678,2.0462588603868515,-4.081620372737826,-3.104971947634305,-9.16352376881142,-4.637026172177183,0.47691469142857146,0.5349443259358057,0.0501643326749544,0.4122208811716098,7,0.47691469142857146,0.5349443259358057,0.0501643326749544,0.4122208811716098
2019-11-01,4.088347826086957,6.612098233410202,0.8347197809716045,1.9520896704194213,-2.5988481651420647,-4.179531991481145,-11.876253616398458,-3.941642904768694,0.42463978999999996,0.4917237280426583,0.04591112864977207,0.4553531811746604,8,0.42463978999999996,0.4917237280426583,0.04591112864977207,0.4553531811746604
2019-12-01,4.01318,6.612098233410202,1.2541817767082408,2.309057767478828,-6.016388242132242,-4.144338283938787,-8.221210966068938,-3.793790825629895,0.53113223,0.5905982905982906,0.0111111111111111,0.39829059829059826,3,0.53113223,0.5905982905982906,0.0111111111111111,0.39829059829059826
2020-01-01,3.979216666666667,6.612098233410202,2.523131154583358,3.122212366141164,-9.826696087876972,16.93293369915847,-5.851472426053784,-3.105398500852352,0.45041935833333335,0.48692082316942403,0.03763736867672942,0.47038792709729166,6,0.45041935833333335,0.48692082316942403,0.03763736867672942,0.47038792709729166
2020-02-01,3.831255,-0.6582824639080775,2.938708584202354,2.9255274044629243,-1.5160408531077585,6.176869336599045,-3.221617994220438,-2.769236526933516,0.5505889533333334,0.6338863636363636,0.07234469696969696,0.27719696969696966,3,0.5505889533333334,0.6338863636363636,0.07234469696969696,0.27719696969696966
2020-03-01,3.672726315789474,-0.6582824639080775,2.5984858656976417,2.6572187306072914,3.794247190448497,0.6422036765658667,-9.826236238748043,-2.880668530965347,0.5537756,0.6701030927835051,0.1030927835051546,0.2164948453608247,1,0.5537756,0.6701030927835051,0.1030927835051546,0.2164948453608247
