window_scheme,horizon_h,model,tone_spec,n_common,rmse_none_aligned,rmse_aligned,mae_none_aligned,mae_aligned,pct_dRMSE_vs_none
expanding,1,ElasticNet,NEG,48,1.0194235474748496,1.0236039693600747,0.9305578378462561,0.9366507335969056,-0.4100770377121572
expanding,1,ElasticNet,None,48,1.0194235474748496,1.0194235474748496,0.9305578378462561,0.9305578378462561,
expanding,1,ElasticNet,POSNEG,48,1.0194235474748496,1.1223440499432695,0.9305578378462561,1.0203929976429933,-10.095951062083843
expanding,1,ElasticNet,ToneMean,48,1.0194235474748496,1.036921772923052,0.9305578378462561,0.9468376021730802,-1.7164823680545838
expanding,1,Lasso,NEG,48,1.0192851609373528,1.0234578318330985,0.9321950676769788,0.9380872152799017,-0.4093722792852617
expanding,1,Lasso,None,48,1.0192851609373528,1.0192851609373528,0.9321950676769788,0.9321950676769788,
expanding,1,Lasso,POSNEG,48,1.0192851609373528,1.1197095710670377,0.9321950676769788,1.02013990680815,-9.85243521423709
expanding,1,Lasso,ToneMean,48,1.0192851609373528,1.0358131904213688,0.9321950676769788,0.9476596307071751,-1.6215314533585994
expanding,1,OLS,NEG,48,1.022482310661472,1.0271039221681617,0.9282431237157948,0.9348609259025334,-0.45199916502221615
expanding,1,OLS,None,48,1.022482310661472,1.022482310661472,0.9282431237157948,0.9282431237157948,
expanding,1,OLS,POSNEG,48,1.022482310661472,1.1255982936410045,0.9282431237157948,1.0195695468907406,-10.084867181010098
expanding,1,OLS,ToneMean,48,1.022482310661472,1.0393980649664774,0.9282431237157948,0.9443374767548324,-1.6543811202036434
expanding,1,Ridge,NEG,48,1.0208000020370676,1.0252951324062791,0.9284822747869893,0.9349726769917425,-0.44035367949071924
expanding,1,Ridge,None,48,1.0208000020370676,1.0208000020370676,0.9284822747869893,0.9284822747869893,
expanding,1,Ridge,POSNEG,48,1.0208000020370676,1.1251241942473849,0.9284822747869893,1.0200234171280418,-10.219846395193194
expanding,1,Ridge,ToneMean,48,1.0208000020370676,1.0385289761618872,0.9284822747869893,0.9451205083321251,-1.7367725401097605
expanding,1,SVR,NEG,48,0.621673950196331,0.7034794156174803,0.48373971107913594,0.5489453402376631,-13.15890192846496
expanding,1,SVR,None,48,0.621673950196331,0.621673950196331,0.48373971107913594,0.48373971107913594,
expanding,1,SVR,POSNEG,48,0.621673950196331,0.7519887238523492,0.48373971107913594,0.6000273634139045,-20.961916389590307
expanding,1,SVR,ToneMean,48,0.621673950196331,0.695530276279823,0.48373971107913594,0.5373019618081561,-11.880234978507213
expanding,2,ElasticNet,NEG,48,0.9740128865708534,0.9767369372160175,0.879238685623418,0.8833546565799679,-0.27967295738298886
expanding,2,ElasticNet,None,48,0.9740128865708534,0.9740128865708534,0.879238685623418,0.879238685623418,
expanding,2,ElasticNet,POSNEG,48,0.9740128865708534,1.082456689975042,0.879238685623418,0.9727380013493977,-11.133713413790659
expanding,2,ElasticNet,ToneMean,48,0.9740128865708534,0.9980377107130487,0.879238685623418,0.900935064486957,-2.4665817540441397
expanding,2,Lasso,NEG,48,0.9747622217091769,0.9773614052708054,0.8813625680635728,0.8851207961424677,-0.26664795821395143
expanding,2,Lasso,None,48,0.9747622217091769,0.9747622217091769,0.8813625680635728,0.8813625680635728,
expanding,2,Lasso,POSNEG,48,0.9747622217091769,1.0798679007632253,0.8813625680635728,0.9724391626904473,-10.78269927918964
expanding,2,Lasso,ToneMean,48,0.9747622217091769,0.9974122124445126,0.8813625680635728,0.9020064645726699,-2.3236426516017956
expanding,2,OLS,NEG,48,0.9770168611297323,0.9800717823957922,0.8770121982201989,0.8816557311419491,-0.31267845905212477
expanding,2,OLS,None,48,0.9770168611297323,0.9770168611297323,0.8770121982201989,0.8770121982201989,
expanding,2,OLS,POSNEG,48,0.9770168611297323,1.086123571663463,0.8770121982201989,0.9723939313597153,-11.167331381320249
expanding,2,OLS,ToneMean,48,0.9770168611297323,1.0002766131676752,0.8770121982201989,0.898533050548764,-2.380690954611317
expanding,2,Ridge,NEG,48,0.9750924517908157,0.9780698728790137,0.8770738117109967,0.8816181001642175,-0.30534756809262265
expanding,2,Ridge,None,48,0.9750924517908157,0.9750924517908157,0.8770738117109967,0.8770738117109967,
expanding,2,Ridge,POSNEG,48,0.9750924517908157,1.0855428418754816,0.8770738117109967,0.972699737108468,-11.327171067914337
expanding,2,Ridge,ToneMean,48,0.9750924517908157,0.9992939744829793,0.8770738117109967,0.8991595867757606,-2.4819721091796
expanding,2,SVR,NEG,48,0.5980555569228665,0.6738302909997456,0.4574031959550488,0.5324428866536856,-12.670183095824328
expanding,2,SVR,None,48,0.5980555569228665,0.5980555569228665,0.4574031959550488,0.4574031959550488,
expanding,2,SVR,POSNEG,48,0.5980555569228665,0.7241155939692955,0.4574031959550488,0.5589675479006874,-21.078315482099505
expanding,2,SVR,ToneMean,48,0.5980555569228665,0.6581888567944334,0.4574031959550488,0.5027480341389543,-10.054801627622451
expanding,3,ElasticNet,NEG,48,0.916373760835955,0.9176364996975663,0.8073985800125856,0.8089083197417178,-0.13779736124912606
expanding,3,ElasticNet,None,48,0.916373760835955,0.916373760835955,0.8073985800125856,0.8073985800125856,
expanding,3,ElasticNet,POSNEG,48,0.916373760835955,1.0232961182096594,0.8073985800125856,0.8996869994052189,-11.667985481837155
expanding,3,ElasticNet,ToneMean,48,0.916373760835955,0.9430704243433371,0.8073985800125856,0.8322310573337091,-2.913294187191508
expanding,3,Lasso,NEG,48,0.9160581942405375,0.9167656999299123,0.8083910079541935,0.8091957687470122,-0.07723370565571909
expanding,3,Lasso,None,48,0.9160581942405375,0.9160581942405375,0.8083910079541935,0.8083910079541935,
expanding,3,Lasso,POSNEG,48,0.9160581942405375,1.0199781351669421,0.8083910079541935,0.8986515573045603,-11.344251007171003
expanding,3,Lasso,ToneMean,48,0.9160581942405375,0.9414095220675276,0.8083910079541935,0.832009525277079,-2.767436390655046
expanding,3,OLS,NEG,48,0.9186719504207222,0.920717457654979,0.8055469879579439,0.808174915143245,-0.22265915850810575
expanding,3,OLS,None,48,0.9186719504207222,0.9186719504207222,0.8055469879579439,0.8055469879579439,
expanding,3,OLS,POSNEG,48,0.9186719504207222,1.0263236633902078,0.8055469879579439,0.8992890654210068,-11.718188731046428
expanding,3,OLS,ToneMean,48,0.9186719504207222,0.9451435576498977,0.8055469879579439,0.8305272377509888,-2.8815081615425684
expanding,3,Ridge,NEG,48,0.9173932265829192,0.9193984701054745,0.8058372051038414,0.8083985935952672,-0.21858058948443973
expanding,3,Ridge,None,48,0.9173932265829192,0.9173932265829192,0.8058372051038414,0.8058372051038414,
expanding,3,Ridge,POSNEG,48,0.9173932265829192,1.026314052994374,0.8058372051038414,0.8998520711921287,-11.872861413764738
expanding,3,Ridge,ToneMean,48,0.9173932265829192,0.9447968779461526,0.8058372051038414,0.8313708115000941,-2.9871216147197615
expanding,3,SVR,NEG,48,0.5849162494099825,0.6745913176619966,0.43907196595291315,0.5301709603021362,-15.331266372317618
expanding,3,SVR,None,48,0.5849162494099825,0.5849162494099825,0.43907196595291315,0.43907196595291315,
expanding,3,SVR,POSNEG,48,0.5849162494099825,0.7220850308647754,0.43907196595291315,0.5407206091932704,-23.45101227622893
expanding,3,SVR,ToneMean,48,0.5849162494099825,0.6598703134293672,0.43907196595291315,0.4875135635993484,-12.81449508284176
expanding,4,ElasticNet,NEG,47,0.8742891628650902,0.8749790708163446,0.7474452832200555,0.7484810992426012,-0.07891072891645942
expanding,4,ElasticNet,None,47,0.8742891628650902,0.8742891628650902,0.7474452832200555,0.7474452832200555,
expanding,4,ElasticNet,POSNEG,47,0.8742891628650902,0.9889577954803602,0.7474452832200555,0.8509806189501803,-13.11564153894978
expanding,4,ElasticNet,ToneMean,47,0.8742891628650902,0.9086933174866281,0.7474452832200555,0.7834607581336377,-3.935100202865803
expanding,4,Lasso,NEG,47,0.8740494969736479,0.8748713122103008,0.7488617628321654,0.7498739069010193,-0.09402387845292706
expanding,4,Lasso,None,47,0.8740494969736479,0.8740494969736479,0.7488617628321654,0.7488617628321654,
expanding,4,Lasso,POSNEG,47,0.8740494969736479,0.9857442078220231,0.7488617628321654,0.850511126816462,-12.778991491341454
expanding,4,Lasso,ToneMean,47,0.8740494969736479,0.9067028150235579,0.7488617628321654,0.783516550300173,-3.7358660079286663
expanding,4,OLS,NEG,47,0.8771652593245618,0.8778068949810233,0.746829045117148,0.747619838307289,-0.07314877665761009
expanding,4,OLS,None,47,0.8771652593245618,0.8771652593245618,0.746829045117148,0.746829045117148,
expanding,4,OLS,POSNEG,47,0.8771652593245618,0.9921833346185782,0.746829045117148,0.8496854791621666,-13.112474995029224
expanding,4,OLS,ToneMean,47,0.8771652593245618,0.9111125651060353,0.746829045117148,0.7816828499671039,-3.8701151716398083
expanding,4,Ridge,NEG,47,0.8757623188098319,0.8763943212854306,0.7462189142977333,0.7471806085143855,-0.07216598179944399
expanding,4,Ridge,None,47,0.8757623188098319,0.8757623188098319,0.7462189142977333,0.7462189142977333,
expanding,4,Ridge,POSNEG,47,0.8757623188098319,0.9921272424023839,0.7462189142977333,0.850361110326416,-13.287272253354413
expanding,4,Ridge,ToneMean,47,0.8757623188098319,0.9107259377984013,0.7462189142977333,0.7826143138115563,-3.9923639368367905
expanding,4,SVR,NEG,47,0.571578922467833,0.6449610507369097,0.4467444512999295,0.49500049411641556,-12.838494455366552
expanding,4,SVR,None,47,0.571578922467833,0.571578922467833,0.4467444512999295,0.4467444512999295,
expanding,4,SVR,POSNEG,47,0.571578922467833,0.6874584504483399,0.4467444512999295,0.4944437001147563,-20.27358312657658
expanding,4,SVR,ToneMean,47,0.571578922467833,0.6385842460663022,0.4467444512999295,0.4607897956440468,-11.722847180782807
expanding,5,ElasticNet,NEG,46,0.8236221745927556,0.8241424731394207,0.6837346698458827,0.6845421697312,-0.06317199350811513
expanding,5,ElasticNet,None,46,0.8236221745927556,0.8236221745927556,0.6837346698458827,0.6837346698458827,
expanding,5,ElasticNet,POSNEG,46,0.8236221745927556,0.953868982023997,0.6837346698458827,0.7932743627518538,-15.813902472410074
expanding,5,ElasticNet,ToneMean,46,0.8236221745927556,0.8624783178573606,0.6837346698458827,0.7196498858497876,-4.717714561754933
expanding,5,Lasso,NEG,46,0.8237566220766507,0.8245048907561205,0.6852828213038736,0.6862263983560338,-0.09083613526329129
expanding,5,Lasso,None,46,0.8237566220766507,0.8237566220766507,0.6852828213038736,0.6852828213038736,
expanding,5,Lasso,POSNEG,46,0.8237566220766507,0.9511544196911639,0.6852828213038736,0.7922739590908747,-15.465465672779603
expanding,5,Lasso,ToneMean,46,0.8237566220766507,0.8611796670147454,0.6852828213038736,0.7188404896557078,-4.542973486969123
expanding,5,OLS,NEG,46,0.8261786477890061,0.8264473884478076,0.6814526335268986,0.6819943703989613,-0.032528153507810194
expanding,5,OLS,None,46,0.8261786477890061,0.8261786477890061,0.6814526335268986,0.6814526335268986,
expanding,5,OLS,POSNEG,46,0.8261786477890061,0.9557170545700783,0.6814526335268986,0.7916341926221504,-15.679224720674991
expanding,5,OLS,ToneMean,46,0.8261786477890061,0.8642577963210196,0.6814526335268986,0.7192073276461057,-4.609069555830303
expanding,5,Ridge,NEG,46,0.8248123473035109,0.825061372344334,0.6817438358452478,0.6822623562333776,-0.03019172077590035
expanding,5,Ridge,None,46,0.8248123473035109,0.8248123473035109,0.6817438358452478,0.6817438358452478,
expanding,5,Ridge,POSNEG,46,0.8248123473035109,0.9556583088850265,0.6817438358452478,0.7918830239307291,-15.863724883517943
expanding,5,Ridge,ToneMean,46,0.8248123473035109,0.8639498384397144,0.6817438358452478,0.7197613398012391,-4.745017610872623
expanding,5,SVR,NEG,46,0.5519264270630483,0.6215253324964386,0.42331410556563237,0.45668521023302117,-12.61017809995893
expanding,5,SVR,None,46,0.5519264270630483,0.5519264270630483,0.42331410556563237,0.42331410556563237,
expanding,5,SVR,POSNEG,46,0.5519264270630483,0.6791663828427655,0.42331410556563237,0.48339388937145283,-23.053789335074228
expanding,5,SVR,ToneMean,46,0.5519264270630483,0.6180870830989069,0.42331410556563237,0.44897014722949946,-11.987223802258864
expanding,6,ElasticNet,NEG,45,0.7738565725446882,0.7744824000058314,0.6082080289983645,0.6081442577691275,-0.08087124712079731
expanding,6,ElasticNet,None,45,0.7738565725446882,0.7738565725446882,0.6082080289983645,0.6082080289983645,
expanding,6,ElasticNet,POSNEG,45,0.7738565725446882,0.9146730618602668,0.6082080289983645,0.7290966886989434,-18.196716847997923
expanding,6,ElasticNet,ToneMean,45,0.7738565725446882,0.8104173601229848,0.6082080289983645,0.639326525524072,-4.724491446531628
expanding,6,Lasso,NEG,45,0.7740658120457085,0.7746153437093551,0.6086516481815856,0.6085890788346554,-0.07099288653433455
expanding,6,Lasso,None,45,0.7740658120457085,0.7740658120457085,0.6086516481815856,0.6086516481815856,
expanding,6,Lasso,POSNEG,45,0.7740658120457085,0.9111126560985785,0.6086516481815856,0.726433474981701,-17.704805188422075
expanding,6,Lasso,ToneMean,45,0.7740658120457085,0.8096633052569464,0.6086516481815856,0.6385985646090342,-4.5987683033256
expanding,6,OLS,NEG,45,0.7749433612848622,0.7757583053838552,0.6058077478753862,0.6062429139967349,-0.10516176274376762
expanding,6,OLS,None,45,0.7749433612848622,0.7749433612848622,0.6058077478753862,0.6058077478753862,
expanding,6,OLS,POSNEG,45,0.7749433612848622,0.9176487240318928,0.6058077478753862,0.7289878004530598,-18.414940997807115
expanding,6,OLS,ToneMean,45,0.7749433612848622,0.8111636741375382,0.6058077478753862,0.6364692168771245,-4.67393033635677
expanding,6,Ridge,NEG,45,0.7737953804666539,0.7745600515217089,0.6052213734013541,0.6053130756419106,-0.09882083485609787
expanding,6,Ridge,None,45,0.7737953804666539,0.7737953804666539,0.6052213734013541,0.6052213734013541,
expanding,6,Ridge,POSNEG,45,0.7737953804666539,0.9175960855588613,0.6052213734013541,0.7295116688092587,-18.583815401622758
expanding,6,Ridge,ToneMean,45,0.7737953804666539,0.8110061896974864,0.6052213734013541,0.6373018014197616,-4.808869394954485
expanding,6,SVR,NEG,45,0.5528137961198603,0.6233056394954114,0.4042402684832704,0.4512132759812013,-12.75146240385564
expanding,6,SVR,None,45,0.5528137961198603,0.5528137961198603,0.4042402684832704,0.4042402684832704,
expanding,6,SVR,POSNEG,45,0.5528137961198603,0.6799077499512416,0.4042402684832704,0.48729167821192193,-22.990373019530253
expanding,6,SVR,ToneMean,45,0.5528137961198603,0.6157417644183906,0.4042402684832704,0.4363121680732604,-11.3832123474875
rolling,1,ElasticNet,NEG,48,0.7102669546041376,0.7081037928397169,0.5725426291616355,0.5699800667904574,0.30455616024348
rolling,1,ElasticNet,None,48,0.7102669546041376,0.7102669546041376,0.5725426291616355,0.5725426291616355,
rolling,1,ElasticNet,POSNEG,48,0.7102669546041376,0.7081118105161673,0.5725426291616355,0.5672478386367278,0.3034273344691074
rolling,1,ElasticNet,ToneMean,48,0.7102669546041376,0.6937651105434763,0.5725426291616355,0.5620284541436079,2.3233298344646247
rolling,1,Lasso,NEG,48,0.716962553059112,0.7147966931461495,0.5764802911509336,0.5744982487792941,0.3020882895098729
rolling,1,Lasso,None,48,0.716962553059112,0.716962553059112,0.5764802911509336,0.5764802911509336,
rolling,1,Lasso,POSNEG,48,0.716962553059112,0.7151392368655551,0.5764802911509336,0.5720555067257999,0.2543112169216156
rolling,1,Lasso,ToneMean,48,0.716962553059112,0.7013892172510849,0.5764802911509336,0.5669074902986506,2.172126806564627
rolling,1,OLS,NEG,48,0.7016725121259377,0.6991292159498969,0.5691863552701598,0.5663768229045374,0.3624619936065559
rolling,1,OLS,None,48,0.7016725121259377,0.7016725121259377,0.5691863552701598,0.5691863552701598,
rolling,1,OLS,POSNEG,48,0.7016725121259377,0.7007053833946184,0.5691863552701598,0.56446691921378,0.13783192509410144
rolling,1,OLS,ToneMean,48,0.7016725121259377,0.6845191316030095,0.5691863552701598,0.5573793896666065,2.444641941431721
rolling,1,Ridge,NEG,48,0.7058460412822866,0.7028695645517914,0.5704677616766846,0.5663978390672909,0.4216892291536984
rolling,1,Ridge,None,48,0.7058460412822866,0.7058460412822866,0.5704677616766846,0.5704677616766846,
rolling,1,Ridge,POSNEG,48,0.7058460412822866,0.7036720817175769,0.5704677616766846,0.5638467534511461,0.3079934486506877
rolling,1,Ridge,ToneMean,48,0.7058460412822866,0.688082624337098,0.5704677616766846,0.5580388171834035,2.5166135256519078
rolling,1,SVR,NEG,48,0.685284148455213,0.7059022675530143,0.46768707920771657,0.4927696015576391,-3.0086963406755087
rolling,1,SVR,None,48,0.685284148455213,0.685284148455213,0.46768707920771657,0.46768707920771657,
rolling,1,SVR,POSNEG,48,0.685284148455213,0.7685450419980361,0.46768707920771657,0.5275302461436712,-12.14983503273965
rolling,1,SVR,ToneMean,48,0.685284148455213,0.7152704161598726,0.46768707920771657,0.49190442780487986,-4.375742204493642
rolling,2,ElasticNet,NEG,48,0.7034888324273659,0.701809150863777,0.5731018166055364,0.570587265183407,0.2387644957764572
rolling,2,ElasticNet,None,48,0.7034888324273659,0.7034888324273659,0.5731018166055364,0.5731018166055364,
rolling,2,ElasticNet,POSNEG,48,0.7034888324273659,0.7040918196614885,0.5731018166055364,0.5657716877596978,-0.08571383173802001
rolling,2,ElasticNet,ToneMean,48,0.7034888324273659,0.687818102556643,0.5731018166055364,0.5595001117718471,2.2275733669647
rolling,2,Lasso,NEG,48,0.7109102879078135,0.7092347398679152,0.5792976698314396,0.5771215212349962,0.2356905039072396
rolling,2,Lasso,None,48,0.7109102879078135,0.7109102879078135,0.5792976698314396,0.5792976698314396,
rolling,2,Lasso,POSNEG,48,0.7109102879078135,0.7127616162450522,0.5792976698314396,0.5739347136436203,-0.260416591056386
rolling,2,Lasso,ToneMean,48,0.7109102879078135,0.6969632644490419,0.5792976698314396,0.567463756301395,1.9618542164887336
rolling,2,OLS,NEG,48,0.6927819113522916,0.6903960821839261,0.5640722115414523,0.5606886837921484,0.34438387164416867
rolling,2,OLS,None,48,0.6927819113522916,0.6927819113522916,0.5640722115414523,0.5640722115414523,
rolling,2,OLS,POSNEG,48,0.6927819113522916,0.6929115222289266,0.5640722115414523,0.5553883222600603,-0.018708755888558366
rolling,2,OLS,ToneMean,48,0.6927819113522916,0.6757202887069571,0.5640722115414523,0.5495212689639716,2.4627696488250796
rolling,2,Ridge,NEG,48,0.6983612096065758,0.695646673340132,0.567811078431438,0.5639779893935367,0.3887008941938577
rolling,2,Ridge,None,48,0.6983612096065758,0.6983612096065758,0.567811078431438,0.567811078431438,
rolling,2,Ridge,POSNEG,48,0.6983612096065758,0.6973076419189633,0.567811078431438,0.5581000878738791,0.15086285909350197
rolling,2,Ridge,ToneMean,48,0.6983612096065758,0.6806562106392313,0.567811078431438,0.552598414727068,2.5352208461461694
rolling,2,SVR,NEG,48,0.6720358134411902,0.7086641157227264,0.45804802995590616,0.48860256174812067,-5.450349750555588
rolling,2,SVR,None,48,0.6720358134411902,0.6720358134411902,0.45804802995590616,0.45804802995590616,
rolling,2,SVR,POSNEG,48,0.6720358134411902,0.7682480586456432,0.45804802995590616,0.5134945861980583,-14.316535410783201
rolling,2,SVR,ToneMean,48,0.6720358134411902,0.7162450612930443,0.45804802995590616,0.4814425555005632,-6.578406532455258
rolling,3,ElasticNet,NEG,48,0.707722142484737,0.7067115463027557,0.5824996167454745,0.5802529430418466,0.14279561445303918
rolling,3,ElasticNet,None,48,0.707722142484737,0.707722142484737,0.5824996167454745,0.5824996167454745,
rolling,3,ElasticNet,POSNEG,48,0.707722142484737,0.7113121098860603,0.5824996167454745,0.5750315957443947,-0.5072566175080155
rolling,3,ElasticNet,ToneMean,48,0.707722142484737,0.6941284241225685,0.5824996167454745,0.569680083341132,1.9207705321247117
rolling,3,Lasso,NEG,48,0.7161983295159486,0.7149767131059203,0.5881214211737592,0.5861229787206509,0.17056956986398242
rolling,3,Lasso,None,48,0.7161983295159486,0.7161983295159486,0.5881214211737592,0.5881214211737592,
rolling,3,Lasso,POSNEG,48,0.7161983295159486,0.7211371924960227,0.5881214211737592,0.5832598513393256,-0.6895943171791613
rolling,3,Lasso,ToneMean,48,0.7161983295159486,0.7043093849418715,0.5881214211737592,0.5772060909399689,1.6600073030207254
rolling,3,OLS,NEG,48,0.6955083049717466,0.6938765862531476,0.5735400864565703,0.5706821117659491,0.23460808547286902
rolling,3,OLS,None,48,0.6955083049717466,0.6955083049717466,0.5735400864565703,0.5735400864565703,
rolling,3,OLS,POSNEG,48,0.6955083049717466,0.6983843047342493,0.5735400864565703,0.564310812727442,-0.4135104846259837
rolling,3,OLS,ToneMean,48,0.6955083049717466,0.6803135214773928,0.5735400864565703,0.559175585850726,2.184701949025775
rolling,3,Ridge,NEG,48,0.7020869821685066,0.70014481075304,0.5779592650419922,0.5746623390592092,0.2766283188256667
rolling,3,Ridge,None,48,0.7020869821685066,0.7020869821685066,0.5779592650419922,0.5779592650419922,
rolling,3,Ridge,POSNEG,48,0.7020869821685066,0.7036350002571902,0.5779592650419922,0.5675666426607814,-0.22048807740349297
rolling,3,Ridge,ToneMean,48,0.7020869821685066,0.6860285295257827,0.5779592650419922,0.5627508863702874,2.2872454625386736
rolling,3,SVR,NEG,48,0.67561467336991,0.7077258837541979,0.4640330140297882,0.4906380694466093,-4.75288824384465
rolling,3,SVR,None,48,0.67561467336991,0.67561467336991,0.4640330140297882,0.4640330140297882,
rolling,3,SVR,POSNEG,48,0.67561467336991,0.7644192202222581,0.4640330140297882,0.5122854909635023,-13.144259642763284
rolling,3,SVR,ToneMean,48,0.67561467336991,0.715042696146067,0.4640330140297882,0.4890009408556664,-5.835874253513955
rolling,4,ElasticNet,NEG,47,0.7006976838821517,0.7010561418016281,0.5759269939844239,0.5749335430101896,-0.05115728619087403
rolling,4,ElasticNet,None,47,0.7006976838821517,0.7006976838821517,0.5759269939844239,0.5759269939844239,
rolling,4,ElasticNet,POSNEG,47,0.7006976838821517,0.6990195358108022,0.5759269939844239,0.5646315098848533,0.2394967344621215
rolling,4,ElasticNet,ToneMean,47,0.7006976838821517,0.6827674966108662,0.5759269939844239,0.5578681101504754,2.55890488633342
rolling,4,Lasso,NEG,47,0.7103239720819382,0.7106483601554648,0.5828080641098471,0.582007634754139,-0.045667622982773104
rolling,4,Lasso,None,47,0.7103239720819382,0.7103239720819382,0.5828080641098471,0.5828080641098471,
rolling,4,Lasso,POSNEG,47,0.7103239720819382,0.7086879700014569,0.5828080641098471,0.5729884191396004,0.23031773455233964
rolling,4,Lasso,ToneMean,47,0.7103239720819382,0.6930452703344239,0.5828080641098471,0.5656114291109028,2.43251001326493
rolling,4,OLS,NEG,47,0.68727539213839,0.6877786843734388,0.5658847615598029,0.5652339214350262,-0.07323006771461922
rolling,4,OLS,None,47,0.68727539213839,0.68727539213839,0.5658847615598029,0.5658847615598029,
rolling,4,OLS,POSNEG,47,0.68727539213839,0.6863644310342724,0.5658847615598029,0.5541988736377838,0.1325467366557713
rolling,4,OLS,ToneMean,47,0.68727539213839,0.6689412645565649,0.5658847615598029,0.5472684014826005,2.66765372244454
rolling,4,Ridge,NEG,47,0.6951871631686506,0.6955345663940236,0.5713998246941754,0.5698503995223937,-0.04997261799103263
rolling,4,Ridge,None,47,0.6951871631686506,0.6951871631686506,0.5713998246941754,0.5713998246941754,
rolling,4,Ridge,POSNEG,47,0.6951871631686506,0.693127898619967,0.5713998246941754,0.5582544820411527,0.29621728619059323
rolling,4,Ridge,ToneMean,47,0.6951871631686506,0.6759143188894935,0.5713998246941754,0.5518526277910171,2.772324533628012
rolling,4,SVR,NEG,47,0.645846879554631,0.6830449168218047,0.4443657234398891,0.4813963122026362,-5.75957528707501
rolling,4,SVR,None,47,0.645846879554631,0.645846879554631,0.4443657234398891,0.4443657234398891,
rolling,4,SVR,POSNEG,47,0.645846879554631,0.7377390644422882,0.4443657234398891,0.5081291994475039,-14.228168904528113
rolling,4,SVR,ToneMean,47,0.645846879554631,0.6772063911165747,0.4443657234398891,0.470018837393657,-4.855564461899822
rolling,5,ElasticNet,NEG,46,0.6934066616739674,0.6946667176170561,0.5699639115487605,0.5693706834269342,-0.1817196189097504
rolling,5,ElasticNet,None,46,0.6934066616739674,0.6934066616739674,0.5699639115487605,0.5699639115487605,
rolling,5,ElasticNet,POSNEG,46,0.6934066616739674,0.6870957542292838,0.5699639115487605,0.5516187081622843,0.9101307780124657
rolling,5,ElasticNet,ToneMean,46,0.6934066616739674,0.6725683829615796,0.5699639115487605,0.5479372414629307,3.0052031317497914
rolling,5,Lasso,NEG,46,0.7057639913776265,0.7072156333097085,0.5792128897515011,0.5785978791557203,-0.20568376253490522
rolling,5,Lasso,None,46,0.7057639913776265,0.7057639913776265,0.5792128897515011,0.5792128897515011,
rolling,5,Lasso,POSNEG,46,0.7057639913776265,0.6989736847558017,0.5792128897515011,0.5611039701388169,0.9621214322043184
rolling,5,Lasso,ToneMean,46,0.7057639913776265,0.6863170407436798,0.5792128897515011,0.5578492884563397,2.7554467033642327
rolling,5,OLS,NEG,46,0.6758313653131245,0.6773477287516982,0.5551912168244459,0.5547873343544284,-0.2243700894040625
rolling,5,OLS,None,46,0.6758313653131245,0.6758313653131245,0.5551912168244459,0.5551912168244459,
rolling,5,OLS,POSNEG,46,0.6758313653131245,0.671643133468705,0.5551912168244459,0.5381483818988384,0.6197155177133633
rolling,5,OLS,ToneMean,46,0.6758313653131245,0.6544102439351933,0.5551912168244459,0.532971008117942,3.169595623607435
rolling,5,Ridge,NEG,46,0.6858186257102784,0.6873387136330579,0.5627982196606552,0.5632177913184406,-0.22164576256662105
rolling,5,Ridge,None,46,0.6858186257102784,0.6858186257102784,0.5627982196606552,0.5627982196606552,
rolling,5,Ridge,POSNEG,46,0.6858186257102784,0.6806317867983483,0.5627982196606552,0.5463561699446305,0.7562989276586402
rolling,5,Ridge,ToneMean,46,0.6858186257102784,0.663479687710156,0.5627982196606552,0.5405826234714751,3.2572661579417987
rolling,5,SVR,NEG,46,0.6228894480937619,0.6643482775041188,0.4503464105325815,0.4866020252845744,-6.655888863944321
rolling,5,SVR,None,46,0.6228894480937619,0.6228894480937619,0.4503464105325815,0.4503464105325815,
rolling,5,SVR,POSNEG,46,0.6228894480937619,0.7223920834433174,0.4503464105325815,0.5149021894029486,-15.974365219071368
rolling,5,SVR,ToneMean,46,0.6228894480937619,0.6595660886874201,0.4503464105325815,0.47897244662918903,-5.888146075664028
rolling,6,ElasticNet,NEG,45,0.6764824484159117,0.6779809240937098,0.5671157075513876,0.5658025935286158,-0.22150991223897423
rolling,6,ElasticNet,None,45,0.6764824484159117,0.6764824484159117,0.5671157075513876,0.5671157075513876,
rolling,6,ElasticNet,POSNEG,45,0.6764824484159117,0.6653473379247343,0.5671157075513876,0.5424395041256461,1.6460309527988362
rolling,6,ElasticNet,ToneMean,45,0.6764824484159117,0.6525472449827755,0.5671157075513876,0.537829641376187,3.5381854310018146
rolling,6,Lasso,NEG,45,0.6920884744856215,0.6938952977314518,0.5776437814011308,0.5763768624162254,-0.2610682466823533
rolling,6,Lasso,None,45,0.6920884744856215,0.6920884744856215,0.5776437814011308,0.5776437814011308,
rolling,6,Lasso,POSNEG,45,0.6920884744856215,0.6791767486407544,0.5776437814011308,0.5513820828781932,1.8656178105643855
rolling,6,Lasso,ToneMean,45,0.6920884744856215,0.6684249702466475,0.5776437814011308,0.5481718803697797,3.4191443885207526
rolling,6,OLS,NEG,45,0.6546648374197946,0.6559091867026463,0.5509076817598534,0.5500083694924359,-0.19007425047539905
rolling,6,OLS,None,45,0.6546648374197946,0.6546648374197946,0.5509076817598534,0.5509076817598534,
rolling,6,OLS,POSNEG,45,0.6546648374197946,0.6455151070174694,0.5509076817598534,0.5265929703563325,1.3976205654158442
rolling,6,OLS,ToneMean,45,0.6546648374197946,0.6308710676940855,0.5509076817598534,0.521889775155086,3.634496366031601
rolling,6,Ridge,NEG,45,0.6664589303618613,0.6677667952154591,0.5606666291819704,0.5596241102173376,-0.1962408775718071
rolling,6,Ridge,None,45,0.6664589303618613,0.6664589303618613,0.5606666291819704,0.5606666291819704,
rolling,6,Ridge,POSNEG,45,0.6664589303618613,0.6564121147985457,0.5606666291819704,0.536458387162871,1.5074920757473573
rolling,6,Ridge,ToneMean,45,0.6664589303618613,0.6417052987331467,0.5606666291819704,0.5308197582217307,3.7142021062384623
rolling,6,SVR,NEG,45,0.6084955961667695,0.6460348708350172,0.445922545307348,0.4795566483299233,-6.169194141211066
rolling,6,SVR,None,45,0.6084955961667695,0.6084955961667695,0.445922545307348,0.445922545307348,
rolling,6,SVR,POSNEG,45,0.6084955961667695,0.7103149922408442,0.445922545307348,0.5120565128715374,-16.732971728224165
rolling,6,SVR,ToneMean,45,0.6084955961667695,0.6575914735846451,0.445922545307348,0.480286987046703,-8.068403079193352
