window_scheme,horizon_h,model,tone_spec,n,rmse,mae,naive_rmse,naive_mae,pct_improve_vs_naive_rmse,rmse_ratio_vs_naive
expanding,1,ElasticNet,NEG,48,1.0236039693600747,0.9366507335969056,0.14175720402979905,0.08731906830239408,-622.0825046358144,7.2208250463581445
expanding,1,ElasticNet,None,48,1.0194235474748496,0.9305578378462561,0.14175720402979905,0.08731906830239408,-619.1335032684157,7.191335032684157
expanding,1,ElasticNet,POSNEG,48,1.1223440499432695,1.0203929976429933,0.14175720402979905,0.08731906830239408,-691.7368698294441,7.917368698294441
expanding,1,ElasticNet,ToneMean,48,1.036921772923052,0.9468376021730802,0.14175720402979905,0.08731906830239408,-631.4773030547913,7.314773030547912
expanding,1,Lasso,NEG,48,1.0234578318330985,0.9380872152799017,0.14175720402979905,0.08731906830239408,-621.9794146179374,7.219794146179375
expanding,1,Lasso,None,48,1.0192851609373528,0.9321950676769788,0.14175720402979905,0.08731906830239408,-619.0358810428336,7.190358810428336
expanding,1,Lasso,POSNEG,48,1.1197095710670377,1.02013990680815,0.14175720402979905,0.08731906830239408,-689.8784253896977,7.898784253896976
expanding,1,Lasso,ToneMean,48,1.0358131904213688,0.9476596307071751,0.14175720402979905,0.08731906830239408,-630.6952740148772,7.306952740148772
expanding,1,OLS,NEG,48,1.0271039221681617,0.9348609259025334,0.14175720402979905,0.08731906830239408,-624.5514816673813,7.245514816673812
expanding,1,OLS,None,48,1.022482310661472,0.9282431237157948,0.14175720402979905,0.08731906830239408,-621.2912512344234,7.212912512344234
expanding,1,OLS,POSNEG,48,1.1255982936410045,1.0195695468907406,0.14175720402979905,0.08731906830239408,-694.0325159096608,7.940325159096608
expanding,1,OLS,ToneMean,48,1.0393980649664774,0.9443374767548324,0.14175720402979905,0.08731906830239408,-633.2241575165262,7.332241575165263
expanding,1,Ridge,NEG,48,1.0252951324062791,0.9349726769917425,0.14175720402979905,0.08731906830239408,-623.2755043551437,7.232755043551436
expanding,1,Ridge,None,48,1.0208000020370676,0.9284822747869893,0.14175720402979905,0.08731906830239408,-620.1044977033289,7.201044977033289
expanding,1,Ridge,POSNEG,48,1.1251241942473849,1.0200234171280418,0.14175720402979905,0.08731906830239408,-693.6980712534865,7.936980712534866
expanding,1,Ridge,ToneMean,48,1.0385289761618872,0.9451205083321251,0.14175720402979905,0.08731906830239408,-632.6110748795356,7.326110748795356
expanding,1,SVR,NEG,48,0.7034794156174803,0.5489453402376631,0.14175720402979905,0.08731906830239408,-396.25655389591384,4.962565538959138
expanding,1,SVR,None,48,0.621673950196331,0.48373971107913594,0.14175720402979905,0.08731906830239408,-338.54840002744953,4.385484000274496
expanding,1,SVR,POSNEG,48,0.7519887238523492,0.6000273634139045,0.14175720402979905,0.08731906830239408,-430.47654896908955,5.304765489690896
expanding,1,SVR,ToneMean,48,0.695530276279823,0.5373019618081561,0.14175720402979905,0.08731906830239408,-390.64898044519435,4.906489804451944
expanding,2,ElasticNet,NEG,48,0.9767369372160175,0.8833546565799679,0.25687109030369215,0.17087008989231656,-280.2440111346303,3.802440111346303
expanding,2,ElasticNet,None,48,0.9740128865708534,0.879238685623418,0.25687109030369215,0.17087008989231656,-279.18353732189274,3.7918353732189276
expanding,2,ElasticNet,POSNEG,48,1.082456689975042,0.9727380013493977,0.25687109030369215,0.17087008989231656,-321.40074567958624,4.214007456795862
expanding,2,ElasticNet,ToneMean,48,0.9980377107130487,0.900935064486957,0.25687109030369215,0.17087008989231656,-288.5364092678137,3.885364092678137
expanding,2,Lasso,NEG,48,0.9773614052708054,0.8851207961424677,0.25687109030369215,0.17087008989231656,-280.48711675389234,3.8048711675389235
expanding,2,Lasso,None,48,0.9747622217091769,0.8813625680635728,0.25687109030369215,0.17087008989231656,-279.47525373787306,3.7947525373787308
expanding,2,Lasso,POSNEG,48,1.0798679007632253,0.9724391626904473,0.25687109030369215,0.17087008989231656,-320.39292918736976,4.203929291873698
expanding,2,Lasso,ToneMean,48,0.9974122124445126,0.9020064645726699,0.25687109030369215,0.17087008989231656,-288.2929025860005,3.8829290258600047
expanding,2,OLS,NEG,48,0.9800717823957922,0.8816557311419491,0.25687109030369215,0.17087008989231656,-281.5422674607245,3.8154226746072446
expanding,2,OLS,None,48,0.9770168611297323,0.8770121982201989,0.25687109030369215,0.17087008989231656,-280.3529856063717,3.803529856063717
expanding,2,OLS,POSNEG,48,1.086123571663463,0.9723939313597153,0.25687109030369215,0.17087008989231656,-322.82826392778054,4.228282639277806
expanding,2,OLS,ToneMean,48,1.0002766131676752,0.898533050548764,0.25687109030369215,0.17087008989231656,-289.4080147302967,3.894080147302967
expanding,2,Ridge,NEG,48,0.9780698728790137,0.8816181001642175,0.25687109030369215,0.17087008989231656,-280.76292342694796,3.8076292342694797
expanding,2,Ridge,None,48,0.9750924517908157,0.8770738117109967,0.25687109030369215,0.17087008989231656,-279.6038124173447,3.7960381241734473
expanding,2,Ridge,POSNEG,48,1.0855428418754816,0.972699737108468,0.25687109030369215,0.17087008989231656,-322.602185630182,4.22602185630182
expanding,2,Ridge,ToneMean,48,0.9992939744829793,0.8991595867757606,0.25687109030369215,0.17087008989231656,-289.0254731669257,3.890254731669257
expanding,2,SVR,NEG,48,0.6738302909997456,0.5324428866536856,0.25687109030369215,0.17087008989231656,-162.3223540660388,2.623223540660388
expanding,2,SVR,None,48,0.5980555569228665,0.4574031959550488,0.25687109030369215,0.17087008989231656,-132.8232251499383,2.328232251499383
expanding,2,SVR,POSNEG,48,0.7241155939692955,0.5589675479006874,0.25687109030369215,0.17087008989231656,-181.89843906264113,2.818984390626411
expanding,2,SVR,ToneMean,48,0.6581888567944334,0.5027480341389543,0.25687109030369215,0.17087008989231656,-156.23313858179736,2.562331385817974
expanding,3,ElasticNet,NEG,48,0.9176364996975663,0.8089083197417178,0.37262160625105367,0.2541171247972873,-146.26497344850932,2.4626497344850935
expanding,3,ElasticNet,None,48,0.916373760835955,0.8073985800125856,0.37262160625105367,0.2541171247972873,-145.92609378065654,2.4592609378065653
expanding,3,ElasticNet,POSNEG,48,1.0232961182096594,0.8996869994052189,0.37262160625105367,0.2541171247972873,-174.6207146990328,2.7462071469903275
expanding,3,ElasticNet,ToneMean,48,0.9430704243433371,0.8322310573337091,0.37262160625105367,0.2541171247972873,-153.09064437555554,2.5309064437555553
expanding,3,Lasso,NEG,48,0.9167656999299123,0.8091957687470122,0.37262160625105367,0.2541171247972873,-146.03127799096058,2.4603127799096054
expanding,3,Lasso,None,48,0.9160581942405375,0.8083910079541935,0.37262160625105367,0.2541171247972873,-145.84140556340785,2.458414055634078
expanding,3,Lasso,POSNEG,48,1.0199781351669421,0.8986515573045603,0.37262160625105367,0.2541171247972873,-173.73027169007807,2.7373027169007806
expanding,3,Lasso,ToneMean,48,0.9414095220675276,0.832009525277079,0.37262160625105367,0.2541171247972873,-152.64491008426745,2.526449100842674
expanding,3,OLS,NEG,48,0.920717457654979,0.808174915143245,0.37262160625105367,0.2541171247972873,-147.09180632822617,2.470918063282262
expanding,3,OLS,None,48,0.9186719504207222,0.8055469879579439,0.37262160625105367,0.2541171247972873,-146.54285607951766,2.4654285607951767
expanding,3,OLS,POSNEG,48,1.0263236633902078,0.8992890654210068,0.37262160625105367,0.2541171247972873,-175.43321325782773,2.754332132578277
expanding,3,OLS,ToneMean,48,0.9451435576498977,0.8305272377509888,0.37262160625105367,0.2541171247972873,-153.6470085991491,2.5364700859914913
expanding,3,Ridge,NEG,48,0.9193984701054745,0.8083985935952672,0.37262160625105367,0.2541171247972873,-146.73783126951315,2.4673783126951316
expanding,3,Ridge,None,48,0.9173932265829192,0.8058372051038414,0.37262160625105367,0.2541171247972873,-146.19968654335784,2.461996865433578
expanding,3,Ridge,POSNEG,48,1.026314052994374,0.8998520711921287,0.37262160625105367,0.2541171247972873,-175.4306341277739,2.754306341277739
expanding,3,Ridge,ToneMean,48,0.9447968779461526,0.8313708115000941,0.37262160625105367,0.2541171247972873,-153.55397059546678,2.5355397059546676
expanding,3,SVR,NEG,48,0.6745913176619966,0.5301709603021362,0.37262160625105367,0.2541171247972873,-81.0392382903022,1.810392382903022
expanding,3,SVR,None,48,0.5849162494099825,0.43907196595291315,0.37262160625105367,0.2541171247972873,-56.97325104006327,1.5697325104006326
expanding,3,SVR,POSNEG,48,0.7220850308647754,0.5407206091932704,0.37262160625105367,0.2541171247972873,-93.78506741186415,1.9378506741186416
expanding,3,SVR,ToneMean,48,0.6598703134293672,0.4875135635993484,0.37262160625105367,0.2541171247972873,-77.08858057596902,1.7708858057596901
expanding,4,ElasticNet,NEG,47,0.8749790708163446,0.7484810992426012,0.485940954651804,0.3363799508214157,-80.05872162870116,1.8005872162870116
expanding,4,ElasticNet,None,47,0.8742891628650902,0.7474452832200555,0.485940954651804,0.3363799508214157,-79.91674801140256,1.7991674801140256
expanding,4,ElasticNet,POSNEG,47,0.9889577954803602,0.8509806189501803,0.485940954651804,0.3363799508214157,-103.51398374911366,2.035139837491137
expanding,4,ElasticNet,ToneMean,47,0.9086933174866281,0.7834607581336377,0.485940954651804,0.3363799508214157,-86.99665232738883,1.8699665232738882
expanding,4,Lasso,NEG,47,0.8748713122103008,0.7498739069010193,0.485940954651804,0.3363799508214157,-80.03654638189137,1.8003654638189137
expanding,4,Lasso,None,47,0.8740494969736479,0.7488617628321654,0.485940954651804,0.3363799508214157,-79.86742804996526,1.7986742804996527
expanding,4,Lasso,POSNEG,47,0.9857442078220231,0.850511126816462,0.485940954651804,0.3363799508214157,-102.85267137616503,2.0285267137616505
expanding,4,Lasso,ToneMean,47,0.9067028150235579,0.783516550300173,0.485940954651804,0.3363799508214157,-86.58703415381946,1.8658703415381948
expanding,4,OLS,NEG,47,0.8778068949810233,0.747619838307289,0.485940954651804,0.3363799508214157,-80.64064915253064,1.8064064915253064
expanding,4,OLS,None,47,0.8771652593245618,0.746829045117148,0.485940954651804,0.3363799508214157,-80.50860931305648,1.8050860931305648
expanding,4,OLS,POSNEG,47,0.9921833346185782,0.8496854791621666,0.485940954651804,0.3363799508214157,-104.177755573106,2.04177755573106
expanding,4,OLS,ToneMean,47,0.9111125651060353,0.7816828499671039,0.485940954651804,0.3363799508214157,-87.49450038819711,1.874945003881971
expanding,4,Ridge,NEG,47,0.8763943212854306,0.7471806085143855,0.485940954651804,0.3363799508214157,-80.34996081229704,1.8034996081229704
expanding,4,Ridge,None,47,0.8757623188098319,0.7462189142977333,0.485940954651804,0.3363799508214157,-80.21990334964676,1.8021990334964675
expanding,4,Ridge,POSNEG,47,0.9921272424023839,0.850361110326416,0.485940954651804,0.3363799508214157,-104.16621256244652,2.041662125624465
expanding,4,Ridge,ToneMean,47,0.9107259377984013,0.7826143138115563,0.485940954651804,0.3363799508214157,-87.41493777798017,1.8741493777798017
expanding,4,SVR,NEG,47,0.6449610507369097,0.49500049411641556,0.485940954651804,0.3363799508214157,-32.72416011921653,1.3272416011921653
expanding,4,SVR,None,47,0.571578922467833,0.4467444512999295,0.485940954651804,0.3363799508214157,-17.62312210902085,1.1762312210902086
expanding,4,SVR,POSNEG,47,0.6874584504483399,0.4944437001147563,0.485940954651804,0.3363799508214157,-41.46954354586787,1.4146954354586787
expanding,4,SVR,ToneMean,47,0.6385842460663022,0.4607897956440468,0.485940954651804,0.3363799508214157,-31.41190096312692,1.3141190096312692
expanding,5,ElasticNet,NEG,46,0.8241424731394207,0.6845421697312,0.5931232427330431,0.41809499672285044,-38.94961683542662,1.3894961683542661
expanding,5,ElasticNet,None,46,0.8236221745927556,0.6837346698458827,0.5931232427330431,0.41809499672285044,-38.86189500812684,1.3886189500812685
expanding,5,ElasticNet,POSNEG,46,0.953868982023997,0.7932743627518538,0.5931232427330431,0.41809499672285044,-60.821379656052486,1.608213796560525
expanding,5,ElasticNet,ToneMean,46,0.8624783178573606,0.7196498858497876,0.5931232427330431,0.41809499672285044,-45.413002849654085,1.4541300284965408
expanding,5,Lasso,NEG,46,0.8245048907561205,0.6862263983560338,0.5931232427330431,0.41809499672285044,-39.01072009198252,1.3901072009198252
expanding,5,Lasso,None,46,0.8237566220766507,0.6852828213038736,0.5931232427330431,0.41809499672285044,-38.88456272272787,1.3888456272272787
expanding,5,Lasso,POSNEG,46,0.9511544196911639,0.7922739590908747,0.5931232427330431,0.41809499672285044,-60.36370709540141,1.603637070954014
expanding,5,Lasso,ToneMean,46,0.8611796670147454,0.7188404896557078,0.5931232427330431,0.41809499672285044,-45.1940515847144,1.451940515847144
expanding,5,OLS,NEG,46,0.8264473884478076,0.6819943703989613,0.5931232427330431,0.41809499672285044,-39.33822330745866,1.3933822330745866
expanding,5,OLS,None,46,0.8261786477890061,0.6814526335268986,0.5931232427330431,0.41809499672285044,-39.292913894601526,1.3929291389460152
expanding,5,OLS,POSNEG,46,0.9557170545700783,0.7916341926221504,0.5931232427330431,0.41809499672285044,-61.132962884112416,1.611329628841124
expanding,5,OLS,ToneMean,46,0.8642577963210196,0.7192073276461057,0.5931232427330431,0.41809499672285044,-45.71302118234652,1.4571302118234652
expanding,5,Ridge,NEG,46,0.825061372344334,0.6822623562333776,0.5931232427330431,0.41809499672285044,-39.104542344782665,1.3910454234478267
expanding,5,Ridge,None,46,0.8248123473035109,0.6817438358452478,0.5931232427330431,0.41809499672285044,-39.0625569658797,1.390625569658797
expanding,5,Ridge,POSNEG,46,0.9556583088850265,0.7918830239307291,0.5931232427330431,0.41809499672285044,-61.123058418932274,1.6112305841893226
expanding,5,Ridge,ToneMean,46,0.8639498384397144,0.7197613398012391,0.5931232427330431,0.41809499672285044,-45.661099784040466,1.4566109978404047
expanding,5,SVR,NEG,46,0.6215253324964386,0.45668521023302117,0.5931232427330431,0.41809499672285044,-4.788564621497886,1.0478856462149788
expanding,5,SVR,None,46,0.5519264270630483,0.42331410556563237,0.5931232427330431,0.41809499672285044,6.945742925224888,0.9305425707477512
expanding,5,SVR,POSNEG,46,0.6791663828427655,0.48339388937145283,0.5931232427330431,0.41809499672285044,-14.506789468112169,1.1450678946811217
expanding,5,SVR,ToneMean,46,0.6180870830989069,0.44897014722949946,0.5931232427330431,0.41809499672285044,-4.208879127857707,1.042088791278577
expanding,6,ElasticNet,NEG,45,0.7744824000058314,0.6081442577691275,0.6942245508375836,0.4950871162791631,-11.560790967622285,1.1156079096762228
expanding,6,ElasticNet,None,45,0.7738565725446882,0.6082080289983645,0.6942245508375836,0.4950871162791631,-11.470643268237685,1.1147064326823768
expanding,6,ElasticNet,POSNEG,45,0.9146730618602668,0.7290966886989434,0.6942245508375836,0.4950871162791631,-31.754640592400758,1.3175464059240076
expanding,6,ElasticNet,ToneMean,45,0.8104173601229848,0.639326525524072,0.6942245508375836,0.4950871162791631,-16.73706427483936,1.1673706427483936
expanding,6,Lasso,NEG,45,0.7746153437093551,0.6085890788346554,0.6942245508375836,0.4950871162791631,-11.579940924702223,1.1157994092470223
expanding,6,Lasso,None,45,0.7740658120457085,0.6086516481815856,0.6942245508375836,0.4950871162791631,-11.500783300129068,1.1150078330012907
expanding,6,Lasso,POSNEG,45,0.9111126560985785,0.726433474981701,0.6942245508375836,0.4950871162791631,-31.24177976698157,1.3124177976698157
expanding,6,Lasso,ToneMean,45,0.8096633052569464,0.6385985646090342,0.6942245508375836,0.4950871162791631,-16.628445980495165,1.1662844598049518
expanding,6,OLS,NEG,45,0.7757583053838552,0.6062429139967349,0.6942245508375836,0.4950871162791631,-11.74457953811931,1.1174457953811932
expanding,6,OLS,None,45,0.7749433612848622,0.6058077478753862,0.6942245508375836,0.4950871162791631,-11.627190416975477,1.1162719041697549
expanding,6,OLS,POSNEG,45,0.9176487240318928,0.7289878004530598,0.6942245508375836,0.4950871162791631,-32.183271669771315,1.321832716697713
expanding,6,OLS,ToneMean,45,0.8111636741375382,0.6364692168771245,0.6942245508375836,0.4950871162791631,-16.84456753349723,1.1684456753349723
expanding,6,Ridge,NEG,45,0.7745600515217089,0.6053130756419106,0.6942245508375836,0.4950871162791631,-11.571976327717067,1.1157197632771707
expanding,6,Ridge,None,45,0.7737953804666539,0.6052213734013541,0.6942245508375836,0.4950871162791631,-11.461828817933311,1.1146182881793332
expanding,6,Ridge,POSNEG,45,0.9175960855588613,0.7295116688092587,0.6942245508375836,0.4950871162791631,-32.1756893287308,1.321756893287308
expanding,6,Ridge,ToneMean,45,0.8110061896974864,0.6373018014197616,0.6942245508375836,0.4950871162791631,-16.821882591015463,1.1682188259101547
expanding,6,SVR,NEG,45,0.6233056394954114,0.4512132759812013,0.6942245508375836,0.4950871162791631,10.215557956947556,0.8978444204305245
expanding,6,SVR,None,45,0.5528137961198603,0.4042402684832704,0.6942245508375836,0.4950871162791631,20.369598647456495,0.796304013525435
expanding,6,SVR,POSNEG,45,0.6799077499512416,0.48729167821192193,0.6942245508375836,0.4950871162791631,2.062272339557678,0.9793772766044232
expanding,6,SVR,ToneMean,45,0.6157417644183906,0.4363121680732604,0.6942245508375836,0.4950871162791631,11.305100968339907,0.8869489903166009
rolling,1,ElasticNet,NEG,48,0.7081037928397169,0.5699800667904574,0.14175720402979905,0.08731906830239408,-399.5187353517956,4.995187353517957
rolling,1,ElasticNet,None,48,0.7102669546041376,0.5725426291616355,0.14175720402979905,0.08731906830239408,-401.0446978446549,5.010446978446549
rolling,1,ElasticNet,POSNEG,48,0.7081118105161673,0.5672478386367278,0.14175720402979905,0.08731906830239408,-399.52439127348606,4.9952439127348605
rolling,1,ElasticNet,ToneMean,48,0.6937651105434763,0.5620284541436079,0.14175720402979905,0.08731906830239408,-389.40377689562683,4.894037768956268
rolling,1,Lasso,NEG,48,0.7147966931461495,0.5744982487792941,0.14175720402979905,0.08731906830239408,-404.24011819243464,5.042401181924347
rolling,1,Lasso,None,48,0.716962553059112,0.5764802911509336,0.14175720402979905,0.08731906830239408,-405.7679840443227,5.057679840443227
rolling,1,Lasso,POSNEG,48,0.7151392368655551,0.5720555067257999,0.14175720402979905,0.08731906830239408,-404.4817593292996,5.044817593292997
rolling,1,Lasso,ToneMean,48,0.7013892172510849,0.5669074902986506,0.14175720402979905,0.08731906830239408,-394.78206208387445,4.947820620838745
rolling,1,OLS,NEG,48,0.6991292159498969,0.5663768229045374,0.14175720402979905,0.08731906830239408,-393.18778592933563,4.9318778592933565
rolling,1,OLS,None,48,0.7016725121259377,0.5691863552701598,0.14175720402979905,0.08731906830239408,-394.98190721823056,4.949819072182305
rolling,1,OLS,POSNEG,48,0.7007053833946184,0.56446691921378,0.14175720402979905,0.08731906830239408,-394.2996641266442,4.942996641266442
rolling,1,OLS,ToneMean,48,0.6845191316030095,0.5573793896666065,0.14175720402979905,0.08731906830239408,-382.881371911875,4.828813719118751
rolling,1,Ridge,NEG,48,0.7028695645517914,0.5663978390672909,0.14175720402979905,0.08731906830239408,-395.82634573128274,4.958263457312828
rolling,1,Ridge,None,48,0.7058460412822866,0.5704677616766846,0.14175720402979905,0.08731906830239408,-397.9260462374168,4.979260462374168
rolling,1,Ridge,POSNEG,48,0.7036720817175769,0.5638467534511461,0.14175720402979905,0.08731906830239408,-396.39246663588017,4.963924666358802
rolling,1,Ridge,ToneMean,48,0.688082624337098,0.5580388171834035,0.14175720402979905,0.08731906830239408,-385.3951720100622,4.853951720100622
rolling,1,SVR,NEG,48,0.7059022675530143,0.4927696015576391,0.14175720402979905,0.08731906830239408,-397.96571002107606,4.979657100210761
rolling,1,SVR,None,48,0.685284148455213,0.46768707920771657,0.14175720402979905,0.08731906830239408,-383.42103891323796,4.834210389132379
rolling,1,SVR,POSNEG,48,0.7685450419980361,0.5275302461436712,0.14175720402979905,0.08731906830239408,-442.15589765475255,5.421558976547526
rolling,1,SVR,ToneMean,48,0.7152704161598726,0.49190442780487986,0.14175720402979905,0.08731906830239408,-404.57429733836614,5.045742973383661
rolling,2,ElasticNet,NEG,48,0.701809150863777,0.570587265183407,0.25687109030369215,0.17087008989231656,-173.21453341987453,2.732145334198745
rolling,2,ElasticNet,None,48,0.7034888324273659,0.5731018166055364,0.25687109030369215,0.17087008989231656,-173.86843400541844,2.7386843400541845
rolling,2,ElasticNet,POSNEG,48,0.7040918196614885,0.5657716877596978,0.25687109030369215,0.17087008989231656,-174.1031771341254,2.741031771341254
rolling,2,ElasticNet,ToneMean,48,0.687818102556643,0.5595001117718471,0.25687109030369215,0.17087008989231656,-167.76781370899045,2.6776781370899045
rolling,2,Lasso,NEG,48,0.7092347398679152,0.5771215212349962,0.25687109030369215,0.17087008989231656,-176.10531766319247,2.7610531766319246
rolling,2,Lasso,None,48,0.7109102879078135,0.5792976698314396,0.25687109030369215,0.17087008989231656,-176.75760906660315,2.7675760906660316
rolling,2,Lasso,POSNEG,48,0.7127616162450522,0.5739347136436203,0.25687109030369215,0.17087008989231656,-177.47833179762358,2.774783317976236
rolling,2,Lasso,ToneMean,48,0.6969632644490419,0.567463756301395,0.25687109030369215,0.17087008989231656,-171.3280282436766,2.713280282436766
rolling,2,OLS,NEG,48,0.6903960821839261,0.5606886837921484,0.25687109030369215,0.17087008989231656,-168.77142202639013,2.687714220263901
rolling,2,OLS,None,48,0.6927819113522916,0.5640722115414523,0.25687109030369215,0.17087008989231656,-169.7002261068901,2.697002261068901
rolling,2,OLS,POSNEG,48,0.6929115222289266,0.5553883222600603,0.25687109030369215,0.17087008989231656,-169.75068366382334,2.6975068366382335
rolling,2,OLS,ToneMean,48,0.6757202887069571,0.5495212689639716,0.25687109030369215,0.17087008989231656,-163.058130795517,2.63058130795517
rolling,2,Ridge,NEG,48,0.695646673340132,0.5639779893935367,0.25687109030369215,0.17087008989231656,-170.8154788916443,2.708154788916443
rolling,2,Ridge,None,48,0.6983612096065758,0.567811078431438,0.25687109030369215,0.17087008989231656,-171.87224875361454,2.7187224875361453
rolling,2,Ridge,POSNEG,48,0.6973076419189633,0.5581000878738791,0.25687109030369215,0.17087008989231656,-171.46209450606304,2.7146209450606302
rolling,2,Ridge,ToneMean,48,0.6806562106392313,0.552598414727068,0.25687109030369215,0.17087008989231656,-164.97968682832652,2.6497968682832655
rolling,2,SVR,NEG,48,0.7086641157227264,0.48860256174812067,0.25687109030369215,0.17087008989231656,-175.88317349565915,2.758831734956592
rolling,2,SVR,None,48,0.6720358134411902,0.45804802995590616,0.25687109030369215,0.17087008989231656,-161.62376336187128,2.616237633618713
rolling,2,SVR,POSNEG,48,0.7682480586456432,0.5134945861980583,0.25687109030369215,0.17087008989231656,-199.07922208659724,2.990792220865972
rolling,2,SVR,ToneMean,48,0.7162450612930443,0.4814425555005632,0.25687109030369215,0.17087008989231656,-178.8344381013239,2.788344381013239
rolling,3,ElasticNet,NEG,48,0.7067115463027557,0.5802529430418466,0.37262160625105367,0.2541171247972873,-89.65930435783936,1.8965930435783938
rolling,3,ElasticNet,None,48,0.707722142484737,0.5824996167454745,0.37262160625105367,0.2541171247972873,-89.93051680634682,1.8993051680634683
rolling,3,ElasticNet,POSNEG,48,0.7113121098860603,0.5750315957443947,0.37262160625105367,0.2541171247972873,-90.89395192151419,1.908939519215142
rolling,3,ElasticNet,ToneMean,48,0.6941284241225685,0.569680083341132,0.37262160625105367,0.2541171247972873,-86.28238740801834,1.8628238740801835
rolling,3,Lasso,NEG,48,0.7149767131059203,0.5861229787206509,0.37262160625105367,0.2541171247972873,-91.87741695907053,1.9187741695907052
rolling,3,Lasso,None,48,0.7161983295159486,0.5881214211737592,0.37262160625105367,0.2541171247972873,-92.20526064540935,1.9220526064540935
rolling,3,Lasso,POSNEG,48,0.7211371924960227,0.5832598513393256,0.37262160625105367,0.2541171247972873,-93.53069720013949,1.935306972001395
rolling,3,Lasso,ToneMean,48,0.7043093849418715,0.5772060909399689,0.37262160625105367,0.2541171247972873,-89.01463928190553,1.8901463928190554
rolling,3,OLS,NEG,48,0.6938765862531476,0.5706821117659491,0.37262160625105367,0.2541171247972873,-86.21480199021217,1.8621480199021216
rolling,3,OLS,None,48,0.6955083049717466,0.5735400864565703,0.37262160625105367,0.2541171247972873,-86.65270432631547,1.8665270432631547
rolling,3,OLS,POSNEG,48,0.6983843047342493,0.564310812727442,0.37262160625105367,0.2541171247972873,-87.42453282854272,1.8742453282854272
rolling,3,OLS,ToneMean,48,0.6803135214773928,0.559175585850726,0.37262160625105367,0.2541171247972873,-82.57489905698914,1.8257489905698914
rolling,3,Ridge,NEG,48,0.70014481075304,0.5746623390592092,0.37262160625105367,0.2541171247972873,-87.89699765324872,1.8789699765324872
rolling,3,Ridge,None,48,0.7020869821685066,0.5779592650419922,0.37262160625105367,0.2541171247972873,-88.41821579596643,1.8841821579596643
rolling,3,Ridge,POSNEG,48,0.7036350002571902,0.5675666426607814,0.37262160625105367,0.2541171247972873,-88.83365549745291,1.8883365549745292
rolling,3,Ridge,ToneMean,48,0.6860285295257827,0.5627508863702874,0.37262160625105367,0.2541171247972873,-84.10862870457686,1.8410862870457685
rolling,3,SVR,NEG,48,0.7077258837541979,0.4906380694466093,0.37262160625105367,0.2541171247972873,-89.93152084620874,1.8993152084620875
rolling,3,SVR,None,48,0.67561467336991,0.4640330140297882,0.37262160625105367,0.2541171247972873,-81.31387499701637,1.8131387499701637
rolling,3,SVR,POSNEG,48,0.7644192202222581,0.5122854909635023,0.37262160625105367,0.2541171247972873,-105.14624149497946,2.0514624149497944
rolling,3,SVR,ToneMean,48,0.715042696146067,0.4890009408556664,0.37262160625105367,0.2541171247972873,-91.89512474601572,1.9189512474601573
rolling,4,ElasticNet,NEG,47,0.7010561418016281,0.5749335430101896,0.485940954651804,0.3363799508214157,-44.26776238770876,1.4426776238770875
rolling,4,ElasticNet,None,47,0.7006976838821517,0.5759269939844239,0.485940954651804,0.3363799508214157,-44.19399665217135,1.4419399665217134
rolling,4,ElasticNet,POSNEG,47,0.6990195358108022,0.5646315098848533,0.485940954651804,0.3363799508214157,-43.848656738898974,1.4384865673889897
rolling,4,ElasticNet,ToneMean,47,0.6827674966108662,0.5578681101504754,0.485940954651804,0.3363799508214157,-40.50420942603948,1.4050420942603947
rolling,4,Lasso,NEG,47,0.7106483601554648,0.582007634754139,0.485940954651804,0.3363799508214157,-46.24170968768678,1.4624170968768677
rolling,4,Lasso,None,47,0.7103239720819382,0.5828080641098471,0.485940954651804,0.3363799508214157,-46.1749550603146,1.461749550603146
rolling,4,Lasso,POSNEG,47,0.7086879700014569,0.5729884191396004,0.485940954651804,0.3363799508214157,-45.83828821533678,1.4583828821533678
rolling,4,Lasso,ToneMean,47,0.6930452703344239,0.5656114291109028,0.485940954651804,0.3363799508214157,-42.619234641586935,1.4261923464158692
rolling,4,OLS,NEG,47,0.6877786843734388,0.5652339214350262,0.485940954651804,0.3363799508214157,-41.53544330632918,1.415354433063292
rolling,4,OLS,None,47,0.68727539213839,0.5658847615598029,0.485940954651804,0.3363799508214157,-41.43187265021737,1.4143187265021737
rolling,4,OLS,POSNEG,47,0.6863644310342724,0.5541988736377838,0.485940954651804,0.3363799508214157,-41.24440931842836,1.4124440931842837
rolling,4,OLS,ToneMean,47,0.6689412645565649,0.5472684014826005,0.485940954651804,0.3363799508214157,-37.65896003474083,1.3765896003474083
rolling,4,Ridge,NEG,47,0.6955345663940236,0.5698503995223937,0.485940954651804,0.3363799508214157,-43.131497713009544,1.4313149771300955
rolling,4,Ridge,None,47,0.6951871631686506,0.5713998246941754,0.485940954651804,0.3363799508214157,-43.060006882272326,1.4306000688227232
rolling,4,Ridge,POSNEG,47,0.693127898619967,0.5582544820411527,0.485940954651804,0.3363799508214157,-42.63623841226158,1.4263623841226158
rolling,4,Ridge,ToneMean,47,0.6759143188894935,0.5518526277910171,0.485940954651804,0.3363799508214157,-39.09391921366516,1.3909391921366516
rolling,4,SVR,NEG,47,0.6830449168218047,0.4813963122026362,0.485940954651804,0.3363799508214157,-40.56129870988823,1.4056129870988823
rolling,4,SVR,None,47,0.645846879554631,0.4443657234398891,0.485940954651804,0.3363799508214157,-32.906451570315994,1.32906451570316
rolling,4,SVR,POSNEG,47,0.7377390644422882,0.5081291994475039,0.485940954651804,0.3363799508214157,-51.816605984755405,1.5181660598475542
rolling,4,SVR,ToneMean,47,0.6772063911165747,0.470018837393657,0.485940954651804,0.3363799508214157,-39.35981000033635,1.3935981000033635
rolling,5,ElasticNet,NEG,46,0.6946667176170561,0.5693706834269342,0.5931232427330431,0.41809499672285044,-17.120130787003475,1.1712013078700347
rolling,5,ElasticNet,None,46,0.6934066616739674,0.5699639115487605,0.5931232427330431,0.41809499672285044,-16.907686584465978,1.1690768658446598
rolling,5,ElasticNet,POSNEG,46,0.6870957542292838,0.5516187081622843,0.5931232427330431,0.41809499672285044,-15.843673746998402,1.158436737469984
rolling,5,ElasticNet,ToneMean,46,0.6725683829615796,0.5479372414629307,0.5931232427330431,0.41809499672285044,-13.394373125973374,1.1339437312597338
rolling,5,Lasso,NEG,46,0.7072156333097085,0.5785978791557203,0.5931232427330431,0.41809499672285044,-19.235865728502045,1.1923586572850204
rolling,5,Lasso,None,46,0.7057639913776265,0.5792128897515011,0.5931232427330431,0.41809499672285044,-18.991120315155396,1.189911203151554
rolling,5,Lasso,POSNEG,46,0.6989736847558017,0.5611039701388169,0.5931232427330431,0.41809499672285044,-17.84628124418326,1.1784628124418326
rolling,5,Lasso,ToneMean,46,0.6863170407436798,0.5578492884563397,0.5931232427330431,0.41809499672285044,-15.712383413135282,1.1571238341313528
rolling,5,OLS,NEG,46,0.6773477287516982,0.5547873343544284,0.5931232427330431,0.41809499672285044,-14.200166162863306,1.142001661628633
rolling,5,OLS,None,46,0.6758313653131245,0.5551912168244459,0.5931232427330431,0.41809499672285044,-13.944508766672502,1.139445087666725
rolling,5,OLS,POSNEG,46,0.671643133468705,0.5381483818988384,0.5931232427330431,0.41809499672285044,-13.238376964263171,1.1323837696426318
rolling,5,OLS,ToneMean,46,0.6544102439351933,0.532971008117942,0.5931232427330431,0.41809499672285044,-10.332928603463062,1.1033292860346307
rolling,5,Ridge,NEG,46,0.6873387136330579,0.5632177913184406,0.5931232427330431,0.41809499672285044,-15.884636465413301,1.158846364654133
rolling,5,Ridge,None,46,0.6858186257102784,0.5627982196606552,0.5931232427330431,0.41809499672285044,-15.628351124819485,1.1562835112481948
rolling,5,Ridge,POSNEG,46,0.6806317867983483,0.5463561699446305,0.5931232427330431,0.41809499672285044,-14.753855145193109,1.1475385514519312
rolling,5,Ridge,ToneMean,46,0.663479687710156,0.5405826234714751,0.5931232427330431,0.41809499672285044,-11.862027974644624,1.1186202797464462
rolling,5,SVR,NEG,46,0.6643482775041188,0.4866020252845744,0.5931232427330431,0.41809499672285044,-12.008471366402551,1.1200847136640255
rolling,5,SVR,None,46,0.6228894480937619,0.4503464105325815,0.5931232427330431,0.41809499672285044,-5.018553180205789,1.0501855318020579
rolling,5,SVR,POSNEG,46,0.7223920834433174,0.5149021894029486,0.5931232427330431,0.41809499672285044,-21.79460041299655,1.2179460041299655
rolling,5,SVR,ToneMean,46,0.6595660886874201,0.47897244662918903,0.5931232427330431,0.41809499672285044,-11.202198998005215,1.112021989980052
rolling,6,ElasticNet,NEG,45,0.6779809240937098,0.5658025935286158,0.6942245508375836,0.4950871162791631,2.339823148616083,0.9766017685138392
rolling,6,ElasticNet,None,45,0.6764824484159117,0.5671157075513876,0.6942245508375836,0.4950871162791631,2.5556719940638897,0.9744432800593611
rolling,6,ElasticNet,POSNEG,45,0.6653473379247343,0.5424395041256461,0.6942245508375836,0.4950871162791631,4.159635794788423,0.9584036420521158
rolling,6,ElasticNet,ToneMean,45,0.6525472449827755,0.537829641376187,0.6942245508375836,0.4950871162791631,6.003433010907543,0.9399656698909246
rolling,6,Lasso,NEG,45,0.6938952977314518,0.5763768624162254,0.6942245508375836,0.4950871162791631,0.04742746503773314,0.9995257253496227
rolling,6,Lasso,None,45,0.6920884744856215,0.5776437814011308,0.6942245508375836,0.4950871162791631,0.3076924245022639,0.9969230757549774
rolling,6,Lasso,POSNEG,45,0.6791767486407544,0.5513820828781932,0.6942245508375836,0.4950871162791631,2.1675698703933777,0.9783243012960662
rolling,6,Lasso,ToneMean,45,0.6684249702466475,0.5481718803697797,0.6942245508375836,0.4950871162791631,3.7163163647567443,0.9628368363524326
rolling,6,OLS,NEG,45,0.6559091867026463,0.5500083694924359,0.6942245508375836,0.4950871162791631,5.519160059768806,0.944808399402312
rolling,6,OLS,None,45,0.6546648374197946,0.5509076817598534,0.6942245508375836,0.4950871162791631,5.698403113237652,0.9430159688676235
rolling,6,OLS,POSNEG,45,0.6455151070174694,0.5265929703563325,0.6942245508375836,0.4950871162791631,7.016381624842589,0.9298361837515741
rolling,6,OLS,ToneMean,45,0.6308710676940855,0.521889775155086,0.6942245508375836,0.4950871162791631,9.125791225196798,0.908742087748032
rolling,6,Ridge,NEG,45,0.6677667952154591,0.5596241102173376,0.6942245508375836,0.4950871162791631,3.8111235896516686,0.9618887641034833
rolling,6,Ridge,None,45,0.6664589303618613,0.5606666291819704,0.6942245508375836,0.4950871162791631,3.9995157823535625,0.9600048421764644
rolling,6,Ridge,POSNEG,45,0.6564121147985457,0.536458387162871,0.6942245508375836,0.4950871162791631,5.446715474613675,0.9455328452538633
rolling,6,Ridge,ToneMean,45,0.6417052987331467,0.5308197582217307,0.6942245508375836,0.4950871162791631,7.5651677891645095,0.9243483221083549
rolling,6,SVR,NEG,45,0.6460348708350172,0.4795566483299233,0.6942245508375836,0.4950871162791631,6.941511927866198,0.930584880721338
rolling,6,SVR,None,45,0.6084955961667695,0.445922545307348,0.6942245508375836,0.4950871162791631,12.348879705764066,0.8765112029423594
rolling,6,SVR,POSNEG,45,0.7103149922408442,0.5120565128715374,0.6942245508375836,0.4950871162791631,-2.31775747254219,1.023177574725422
rolling,6,SVR,ToneMean,45,0.6575914735846451,0.480286987046703,0.6942245508375836,0.4950871162791631,5.276834016996463,0.9472316598300353
