window_scheme,horizon_h,model,tone_spec,rmse,naive_rmse,pct_dRMSE_vs_naive
expanding,1,ElasticNet,NEG,1.0236039693600747,0.14175720402979905,-622.0825046358144
expanding,1,ElasticNet,None,1.0194235474748496,0.14175720402979905,-619.1335032684157
expanding,1,ElasticNet,POSNEG,1.1223440499432695,0.14175720402979905,-691.7368698294441
expanding,1,ElasticNet,ToneMean,1.036921772923052,0.14175720402979905,-631.4773030547913
expanding,1,Lasso,NEG,1.0234578318330985,0.14175720402979905,-621.9794146179374
expanding,1,Lasso,None,1.0192851609373528,0.14175720402979905,-619.0358810428336
expanding,1,Lasso,POSNEG,1.1197095710670377,0.14175720402979905,-689.8784253896977
expanding,1,Lasso,ToneMean,1.0358131904213688,0.14175720402979905,-630.6952740148772
expanding,1,OLS,NEG,1.0271039221681617,0.14175720402979905,-624.5514816673813
expanding,1,OLS,None,1.022482310661472,0.14175720402979905,-621.2912512344234
expanding,1,OLS,POSNEG,1.1255982936410045,0.14175720402979905,-694.0325159096608
expanding,1,OLS,ToneMean,1.0393980649664774,0.14175720402979905,-633.2241575165262
expanding,1,Ridge,NEG,1.0252951324062791,0.14175720402979905,-623.2755043551437
expanding,1,Ridge,None,1.0208000020370676,0.14175720402979905,-620.1044977033289
expanding,1,Ridge,POSNEG,1.1251241942473849,0.14175720402979905,-693.6980712534865
expanding,1,Ridge,ToneMean,1.0385289761618872,0.14175720402979905,-632.6110748795356
expanding,1,SVR,NEG,0.7034794156174803,0.14175720402979905,-396.25655389591384
expanding,1,SVR,None,0.621673950196331,0.14175720402979905,-338.54840002744953
expanding,1,SVR,POSNEG,0.7519887238523492,0.14175720402979905,-430.47654896908955
expanding,1,SVR,ToneMean,0.695530276279823,0.14175720402979905,-390.64898044519435
expanding,2,ElasticNet,NEG,0.9767369372160175,0.25687109030369215,-280.2440111346303
expanding,2,ElasticNet,None,0.9740128865708534,0.25687109030369215,-279.18353732189274
expanding,2,ElasticNet,POSNEG,1.082456689975042,0.25687109030369215,-321.40074567958624
expanding,2,ElasticNet,ToneMean,0.9980377107130487,0.25687109030369215,-288.5364092678137
expanding,2,Lasso,NEG,0.9773614052708054,0.25687109030369215,-280.48711675389234
expanding,2,Lasso,None,0.9747622217091769,0.25687109030369215,-279.47525373787306
expanding,2,Lasso,POSNEG,1.0798679007632253,0.25687109030369215,-320.39292918736976
expanding,2,Lasso,ToneMean,0.9974122124445126,0.25687109030369215,-288.2929025860005
expanding,2,OLS,NEG,0.9800717823957922,0.25687109030369215,-281.5422674607245
expanding,2,OLS,None,0.9770168611297323,0.25687109030369215,-280.3529856063717
expanding,2,OLS,POSNEG,1.086123571663463,0.25687109030369215,-322.82826392778054
expanding,2,OLS,ToneMean,1.0002766131676752,0.25687109030369215,-289.4080147302967
expanding,2,Ridge,NEG,0.9780698728790137,0.25687109030369215,-280.76292342694796
expanding,2,Ridge,None,0.9750924517908157,0.25687109030369215,-279.6038124173447
expanding,2,Ridge,POSNEG,1.0855428418754816,0.25687109030369215,-322.602185630182
expanding,2,Ridge,ToneMean,0.9992939744829793,0.25687109030369215,-289.0254731669257
expanding,2,SVR,NEG,0.6738302909997456,0.25687109030369215,-162.3223540660388
expanding,2,SVR,None,0.5980555569228665,0.25687109030369215,-132.8232251499383
expanding,2,SVR,POSNEG,0.7241155939692955,0.25687109030369215,-181.89843906264113
expanding,2,SVR,ToneMean,0.6581888567944334,0.25687109030369215,-156.23313858179736
expanding,3,ElasticNet,NEG,0.9176364996975663,0.37262160625105367,-146.26497344850932
expanding,3,ElasticNet,None,0.916373760835955,0.37262160625105367,-145.92609378065654
expanding,3,ElasticNet,POSNEG,1.0232961182096594,0.37262160625105367,-174.6207146990328
expanding,3,ElasticNet,ToneMean,0.9430704243433371,0.37262160625105367,-153.09064437555554
expanding,3,Lasso,NEG,0.9167656999299123,0.37262160625105367,-146.03127799096058
expanding,3,Lasso,None,0.9160581942405375,0.37262160625105367,-145.84140556340785
expanding,3,Lasso,POSNEG,1.0199781351669421,0.37262160625105367,-173.73027169007807
expanding,3,Lasso,ToneMean,0.9414095220675276,0.37262160625105367,-152.64491008426745
expanding,3,OLS,NEG,0.920717457654979,0.37262160625105367,-147.09180632822617
expanding,3,OLS,None,0.9186719504207222,0.37262160625105367,-146.54285607951766
expanding,3,OLS,POSNEG,1.0263236633902078,0.37262160625105367,-175.43321325782773
expanding,3,OLS,ToneMean,0.9451435576498977,0.37262160625105367,-153.6470085991491
expanding,3,Ridge,NEG,0.9193984701054745,0.37262160625105367,-146.73783126951315
expanding,3,Ridge,None,0.9173932265829192,0.37262160625105367,-146.19968654335784
expanding,3,Ridge,POSNEG,1.026314052994374,0.37262160625105367,-175.4306341277739
expanding,3,Ridge,ToneMean,0.9447968779461526,0.37262160625105367,-153.55397059546678
expanding,3,SVR,NEG,0.6745913176619966,0.37262160625105367,-81.0392382903022
expanding,3,SVR,None,0.5849162494099825,0.37262160625105367,-56.97325104006327
expanding,3,SVR,POSNEG,0.7220850308647754,0.37262160625105367,-93.78506741186415
expanding,3,SVR,ToneMean,0.6598703134293672,0.37262160625105367,-77.08858057596902
expanding,4,ElasticNet,NEG,0.8749790708163446,0.485940954651804,-80.05872162870116
expanding,4,ElasticNet,None,0.8742891628650902,0.485940954651804,-79.91674801140256
expanding,4,ElasticNet,POSNEG,0.9889577954803602,0.485940954651804,-103.51398374911366
expanding,4,ElasticNet,ToneMean,0.9086933174866281,0.485940954651804,-86.99665232738883
expanding,4,Lasso,NEG,0.8748713122103008,0.485940954651804,-80.03654638189137
expanding,4,Lasso,None,0.8740494969736479,0.485940954651804,-79.86742804996526
expanding,4,Lasso,POSNEG,0.9857442078220231,0.485940954651804,-102.85267137616503
expanding,4,Lasso,ToneMean,0.9067028150235579,0.485940954651804,-86.58703415381946
expanding,4,OLS,NEG,0.8778068949810233,0.485940954651804,-80.64064915253064
expanding,4,OLS,None,0.8771652593245618,0.485940954651804,-80.50860931305648
expanding,4,OLS,POSNEG,0.9921833346185782,0.485940954651804,-104.177755573106
expanding,4,OLS,ToneMean,0.9111125651060353,0.485940954651804,-87.49450038819711
expanding,4,Ridge,NEG,0.8763943212854306,0.485940954651804,-80.34996081229704
expanding,4,Ridge,None,0.8757623188098319,0.485940954651804,-80.21990334964676
expanding,4,Ridge,POSNEG,0.9921272424023839,0.485940954651804,-104.16621256244652
expanding,4,Ridge,ToneMean,0.9107259377984013,0.485940954651804,-87.41493777798017
expanding,4,SVR,NEG,0.6449610507369097,0.485940954651804,-32.72416011921653
expanding,4,SVR,None,0.571578922467833,0.485940954651804,-17.62312210902085
expanding,4,SVR,POSNEG,0.6874584504483399,0.485940954651804,-41.46954354586787
expanding,4,SVR,ToneMean,0.6385842460663022,0.485940954651804,-31.41190096312692
expanding,5,ElasticNet,NEG,0.8241424731394207,0.5931232427330431,-38.94961683542662
expanding,5,ElasticNet,None,0.8236221745927556,0.5931232427330431,-38.86189500812684
expanding,5,ElasticNet,POSNEG,0.953868982023997,0.5931232427330431,-60.821379656052486
expanding,5,ElasticNet,ToneMean,0.8624783178573606,0.5931232427330431,-45.413002849654085
expanding,5,Lasso,NEG,0.8245048907561205,0.5931232427330431,-39.01072009198252
expanding,5,Lasso,None,0.8237566220766507,0.5931232427330431,-38.88456272272787
expanding,5,Lasso,POSNEG,0.9511544196911639,0.5931232427330431,-60.36370709540141
expanding,5,Lasso,ToneMean,0.8611796670147454,0.5931232427330431,-45.1940515847144
expanding,5,OLS,NEG,0.8264473884478076,0.5931232427330431,-39.33822330745866
expanding,5,OLS,None,0.8261786477890061,0.5931232427330431,-39.292913894601526
expanding,5,OLS,POSNEG,0.9557170545700783,0.5931232427330431,-61.132962884112416
expanding,5,OLS,ToneMean,0.8642577963210196,0.5931232427330431,-45.71302118234652
expanding,5,Ridge,NEG,0.825061372344334,0.5931232427330431,-39.104542344782665
expanding,5,Ridge,None,0.8248123473035109,0.5931232427330431,-39.0625569658797
expanding,5,Ridge,POSNEG,0.9556583088850265,0.5931232427330431,-61.123058418932274
expanding,5,Ridge,ToneMean,0.8639498384397144,0.5931232427330431,-45.661099784040466
expanding,5,SVR,NEG,0.6215253324964386,0.5931232427330431,-4.788564621497886
expanding,5,SVR,None,0.5519264270630483,0.5931232427330431,6.945742925224888
expanding,5,SVR,POSNEG,0.6791663828427655,0.5931232427330431,-14.506789468112169
expanding,5,SVR,ToneMean,0.6180870830989069,0.5931232427330431,-4.208879127857707
expanding,6,ElasticNet,NEG,0.7744824000058314,0.6942245508375836,-11.560790967622285
expanding,6,ElasticNet,None,0.7738565725446882,0.6942245508375836,-11.470643268237685
expanding,6,ElasticNet,POSNEG,0.9146730618602668,0.6942245508375836,-31.754640592400758
expanding,6,ElasticNet,ToneMean,0.8104173601229848,0.6942245508375836,-16.73706427483936
expanding,6,Lasso,NEG,0.7746153437093551,0.6942245508375836,-11.579940924702223
expanding,6,Lasso,None,0.7740658120457085,0.6942245508375836,-11.500783300129068
expanding,6,Lasso,POSNEG,0.9111126560985785,0.6942245508375836,-31.24177976698157
expanding,6,Lasso,ToneMean,0.8096633052569464,0.6942245508375836,-16.628445980495165
expanding,6,OLS,NEG,0.7757583053838552,0.6942245508375836,-11.74457953811931
expanding,6,OLS,None,0.7749433612848622,0.6942245508375836,-11.627190416975477
expanding,6,OLS,POSNEG,0.9176487240318928,0.6942245508375836,-32.183271669771315
expanding,6,OLS,ToneMean,0.8111636741375382,0.6942245508375836,-16.84456753349723
expanding,6,Ridge,NEG,0.7745600515217089,0.6942245508375836,-11.571976327717067
expanding,6,Ridge,None,0.7737953804666539,0.6942245508375836,-11.461828817933311
expanding,6,Ridge,POSNEG,0.9175960855588613,0.6942245508375836,-32.1756893287308
expanding,6,Ridge,ToneMean,0.8110061896974864,0.6942245508375836,-16.821882591015463
expanding,6,SVR,NEG,0.6233056394954114,0.6942245508375836,10.215557956947556
expanding,6,SVR,None,0.5528137961198603,0.6942245508375836,20.369598647456495
expanding,6,SVR,POSNEG,0.6799077499512416,0.6942245508375836,2.062272339557678
expanding,6,SVR,ToneMean,0.6157417644183906,0.6942245508375836,11.305100968339907
rolling,1,ElasticNet,NEG,0.7081037928397169,0.14175720402979905,-399.5187353517956
rolling,1,ElasticNet,None,0.7102669546041376,0.14175720402979905,-401.0446978446549
rolling,1,ElasticNet,POSNEG,0.7081118105161673,0.14175720402979905,-399.52439127348606
rolling,1,ElasticNet,ToneMean,0.6937651105434763,0.14175720402979905,-389.40377689562683
rolling,1,Lasso,NEG,0.7147966931461495,0.14175720402979905,-404.24011819243464
rolling,1,Lasso,None,0.716962553059112,0.14175720402979905,-405.7679840443227
rolling,1,Lasso,POSNEG,0.7151392368655551,0.14175720402979905,-404.4817593292996
rolling,1,Lasso,ToneMean,0.7013892172510849,0.14175720402979905,-394.78206208387445
rolling,1,OLS,NEG,0.6991292159498969,0.14175720402979905,-393.18778592933563
rolling,1,OLS,None,0.7016725121259377,0.14175720402979905,-394.98190721823056
rolling,1,OLS,POSNEG,0.7007053833946184,0.14175720402979905,-394.2996641266442
rolling,1,OLS,ToneMean,0.6845191316030095,0.14175720402979905,-382.881371911875
rolling,1,Ridge,NEG,0.7028695645517914,0.14175720402979905,-395.82634573128274
rolling,1,Ridge,None,0.7058460412822866,0.14175720402979905,-397.9260462374168
rolling,1,Ridge,POSNEG,0.7036720817175769,0.14175720402979905,-396.39246663588017
rolling,1,Ridge,ToneMean,0.688082624337098,0.14175720402979905,-385.3951720100622
rolling,1,SVR,NEG,0.7059022675530143,0.14175720402979905,-397.96571002107606
rolling,1,SVR,None,0.685284148455213,0.14175720402979905,-383.42103891323796
rolling,1,SVR,POSNEG,0.7685450419980361,0.14175720402979905,-442.15589765475255
rolling,1,SVR,ToneMean,0.7152704161598726,0.14175720402979905,-404.57429733836614
rolling,2,ElasticNet,NEG,0.701809150863777,0.25687109030369215,-173.21453341987453
rolling,2,ElasticNet,None,0.7034888324273659,0.25687109030369215,-173.86843400541844
rolling,2,ElasticNet,POSNEG,0.7040918196614885,0.25687109030369215,-174.1031771341254
rolling,2,ElasticNet,ToneMean,0.687818102556643,0.25687109030369215,-167.76781370899045
rolling,2,Lasso,NEG,0.7092347398679152,0.25687109030369215,-176.10531766319247
rolling,2,Lasso,None,0.7109102879078135,0.25687109030369215,-176.75760906660315
rolling,2,Lasso,POSNEG,0.7127616162450522,0.25687109030369215,-177.47833179762358
rolling,2,Lasso,ToneMean,0.6969632644490419,0.25687109030369215,-171.3280282436766
rolling,2,OLS,NEG,0.6903960821839261,0.25687109030369215,-168.77142202639013
rolling,2,OLS,None,0.6927819113522916,0.25687109030369215,-169.7002261068901
rolling,2,OLS,POSNEG,0.6929115222289266,0.25687109030369215,-169.75068366382334
rolling,2,OLS,ToneMean,0.6757202887069571,0.25687109030369215,-163.058130795517
rolling,2,Ridge,NEG,0.695646673340132,0.25687109030369215,-170.8154788916443
rolling,2,Ridge,None,0.6983612096065758,0.25687109030369215,-171.87224875361454
rolling,2,Ridge,POSNEG,0.6973076419189633,0.25687109030369215,-171.46209450606304
rolling,2,Ridge,ToneMean,0.6806562106392313,0.25687109030369215,-164.97968682832652
rolling,2,SVR,NEG,0.7086641157227264,0.25687109030369215,-175.88317349565915
rolling,2,SVR,None,0.6720358134411902,0.25687109030369215,-161.62376336187128
rolling,2,SVR,POSNEG,0.7682480586456432,0.25687109030369215,-199.07922208659724
rolling,2,SVR,ToneMean,0.7162450612930443,0.25687109030369215,-178.8344381013239
rolling,3,ElasticNet,NEG,0.7067115463027557,0.37262160625105367,-89.65930435783936
rolling,3,ElasticNet,None,0.707722142484737,0.37262160625105367,-89.93051680634682
rolling,3,ElasticNet,POSNEG,0.7113121098860603,0.37262160625105367,-90.89395192151419
rolling,3,ElasticNet,ToneMean,0.6941284241225685,0.37262160625105367,-86.28238740801834
rolling,3,Lasso,NEG,0.7149767131059203,0.37262160625105367,-91.87741695907053
rolling,3,Lasso,None,0.7161983295159486,0.37262160625105367,-92.20526064540935
rolling,3,Lasso,POSNEG,0.7211371924960227,0.37262160625105367,-93.53069720013949
rolling,3,Lasso,ToneMean,0.7043093849418715,0.37262160625105367,-89.01463928190553
rolling,3,OLS,NEG,0.6938765862531476,0.37262160625105367,-86.21480199021217
rolling,3,OLS,None,0.6955083049717466,0.37262160625105367,-86.65270432631547
rolling,3,OLS,POSNEG,0.6983843047342493,0.37262160625105367,-87.42453282854272
rolling,3,OLS,ToneMean,0.6803135214773928,0.37262160625105367,-82.57489905698914
rolling,3,Ridge,NEG,0.70014481075304,0.37262160625105367,-87.89699765324872
rolling,3,Ridge,None,0.7020869821685066,0.37262160625105367,-88.41821579596643
rolling,3,Ridge,POSNEG,0.7036350002571902,0.37262160625105367,-88.83365549745291
rolling,3,Ridge,ToneMean,0.6860285295257827,0.37262160625105367,-84.10862870457686
rolling,3,SVR,NEG,0.7077258837541979,0.37262160625105367,-89.93152084620874
rolling,3,SVR,None,0.67561467336991,0.37262160625105367,-81.31387499701637
rolling,3,SVR,POSNEG,0.7644192202222581,0.37262160625105367,-105.14624149497946
rolling,3,SVR,ToneMean,0.715042696146067,0.37262160625105367,-91.89512474601572
rolling,4,ElasticNet,NEG,0.7010561418016281,0.485940954651804,-44.26776238770876
rolling,4,ElasticNet,None,0.7006976838821517,0.485940954651804,-44.19399665217135
rolling,4,ElasticNet,POSNEG,0.6990195358108022,0.485940954651804,-43.848656738898974
rolling,4,ElasticNet,ToneMean,0.6827674966108662,0.485940954651804,-40.50420942603948
rolling,4,Lasso,NEG,0.7106483601554648,0.485940954651804,-46.24170968768678
rolling,4,Lasso,None,0.7103239720819382,0.485940954651804,-46.1749550603146
rolling,4,Lasso,POSNEG,0.7086879700014569,0.485940954651804,-45.83828821533678
rolling,4,Lasso,ToneMean,0.6930452703344239,0.485940954651804,-42.619234641586935
rolling,4,OLS,NEG,0.6877786843734388,0.485940954651804,-41.53544330632918
rolling,4,OLS,None,0.68727539213839,0.485940954651804,-41.43187265021737
rolling,4,OLS,POSNEG,0.6863644310342724,0.485940954651804,-41.24440931842836
rolling,4,OLS,ToneMean,0.6689412645565649,0.485940954651804,-37.65896003474083
rolling,4,Ridge,NEG,0.6955345663940236,0.485940954651804,-43.131497713009544
rolling,4,Ridge,None,0.6951871631686506,0.485940954651804,-43.060006882272326
rolling,4,Ridge,POSNEG,0.693127898619967,0.485940954651804,-42.63623841226158
rolling,4,Ridge,ToneMean,0.6759143188894935,0.485940954651804,-39.09391921366516
rolling,4,SVR,NEG,0.6830449168218047,0.485940954651804,-40.56129870988823
rolling,4,SVR,None,0.645846879554631,0.485940954651804,-32.906451570315994
rolling,4,SVR,POSNEG,0.7377390644422882,0.485940954651804,-51.816605984755405
rolling,4,SVR,ToneMean,0.6772063911165747,0.485940954651804,-39.35981000033635
rolling,5,ElasticNet,NEG,0.6946667176170561,0.5931232427330431,-17.120130787003475
rolling,5,ElasticNet,None,0.6934066616739674,0.5931232427330431,-16.907686584465978
rolling,5,ElasticNet,POSNEG,0.6870957542292838,0.5931232427330431,-15.843673746998402
rolling,5,ElasticNet,ToneMean,0.6725683829615796,0.5931232427330431,-13.394373125973374
rolling,5,Lasso,NEG,0.7072156333097085,0.5931232427330431,-19.235865728502045
rolling,5,Lasso,None,0.7057639913776265,0.5931232427330431,-18.991120315155396
rolling,5,Lasso,POSNEG,0.6989736847558017,0.5931232427330431,-17.84628124418326
rolling,5,Lasso,ToneMean,0.6863170407436798,0.5931232427330431,-15.712383413135282
rolling,5,OLS,NEG,0.6773477287516982,0.5931232427330431,-14.200166162863306
rolling,5,OLS,None,0.6758313653131245,0.5931232427330431,-13.944508766672502
rolling,5,OLS,POSNEG,0.671643133468705,0.5931232427330431,-13.238376964263171
rolling,5,OLS,ToneMean,0.6544102439351933,0.5931232427330431,-10.332928603463062
rolling,5,Ridge,NEG,0.6873387136330579,0.5931232427330431,-15.884636465413301
rolling,5,Ridge,None,0.6858186257102784,0.5931232427330431,-15.628351124819485
rolling,5,Ridge,POSNEG,0.6806317867983483,0.5931232427330431,-14.753855145193109
rolling,5,Ridge,ToneMean,0.663479687710156,0.5931232427330431,-11.862027974644624
rolling,5,SVR,NEG,0.6643482775041188,0.5931232427330431,-12.008471366402551
rolling,5,SVR,None,0.6228894480937619,0.5931232427330431,-5.018553180205789
rolling,5,SVR,POSNEG,0.7223920834433174,0.5931232427330431,-21.79460041299655
rolling,5,SVR,ToneMean,0.6595660886874201,0.5931232427330431,-11.202198998005215
rolling,6,ElasticNet,NEG,0.6779809240937098,0.6942245508375836,2.339823148616083
rolling,6,ElasticNet,None,0.6764824484159117,0.6942245508375836,2.5556719940638897
rolling,6,ElasticNet,POSNEG,0.6653473379247343,0.6942245508375836,4.159635794788423
rolling,6,ElasticNet,ToneMean,0.6525472449827755,0.6942245508375836,6.003433010907543
rolling,6,Lasso,NEG,0.6938952977314518,0.6942245508375836,0.04742746503773314
rolling,6,Lasso,None,0.6920884744856215,0.6942245508375836,0.3076924245022639
rolling,6,Lasso,POSNEG,0.6791767486407544,0.6942245508375836,2.1675698703933777
rolling,6,Lasso,ToneMean,0.6684249702466475,0.6942245508375836,3.7163163647567443
rolling,6,OLS,NEG,0.6559091867026463,0.6942245508375836,5.519160059768806
rolling,6,OLS,None,0.6546648374197946,0.6942245508375836,5.698403113237652
rolling,6,OLS,POSNEG,0.6455151070174694,0.6942245508375836,7.016381624842589
rolling,6,OLS,ToneMean,0.6308710676940855,0.6942245508375836,9.125791225196798
rolling,6,Ridge,NEG,0.6677667952154591,0.6942245508375836,3.8111235896516686
rolling,6,Ridge,None,0.6664589303618613,0.6942245508375836,3.9995157823535625
rolling,6,Ridge,POSNEG,0.6564121147985457,0.6942245508375836,5.446715474613675
rolling,6,Ridge,ToneMean,0.6417052987331467,0.6942245508375836,7.5651677891645095
rolling,6,SVR,NEG,0.6460348708350172,0.6942245508375836,6.941511927866198
rolling,6,SVR,None,0.6084955961667695,0.6942245508375836,12.348879705764066
rolling,6,SVR,POSNEG,0.7103149922408442,0.6942245508375836,-2.31775747254219
rolling,6,SVR,ToneMean,0.6575914735846451,0.6942245508375836,5.276834016996463
