window_scheme,horizon_h,model,tone_spec,n_common,MSFE_none,MSFE_tone,MSFE_gain,CW_stat,CW_p_one_sided,DM_stat,DM_p_two_sided
expanding,1,ElasticNet,NEG,48,1.039224369146207,1.0477650860897005,-0.008540716943493454,-0.6412464719743862,0.7393187196323942,-0.749289304646157,0.4536828527614136
expanding,1,ElasticNet,POSNEG,48,1.039224369146207,1.2596561664430603,-0.22043179729685325,-2.7141889606618665,0.9966780871198636,-3.1036118752916977,0.0019117394145848898
expanding,1,ElasticNet,ToneMean,48,1.039224369146207,1.0752067631618856,-0.03598239401567849,-2.279072590832646,0.9886686247347276,-2.365163842753861,0.018022095947652694
expanding,1,Lasso,NEG,48,1.038942239307085,1.0474659335405068,-0.008523694233421697,-0.7222558026582718,0.7649313896728647,-0.8182301014091268,0.413225810065315
expanding,1,Lasso,POSNEG,48,1.038942239307085,1.2537495235391296,-0.21480728423204454,-2.7024526676958915,0.9965585008194029,-3.0867679186209074,0.0020234550913673655
expanding,1,Lasso,ToneMean,48,1.038942239307085,1.072908965450895,-0.03396672614380991,-2.257042985352925,0.9879973055380239,-2.338888179627686,0.019341221409238774
expanding,1,OLS,NEG,48,1.0454700756156228,1.0549424669332212,-0.009472391317598472,-0.6068812347212539,0.7280351338306041,-0.7307730917405862,0.4649177619161349
expanding,1,OLS,POSNEG,48,1.0454700756156228,1.266971518647541,-0.2215014430319182,-2.6329477140640103,0.9957676311381762,-3.039887959548584,0.002366661725867747
expanding,1,OLS,ToneMean,48,1.0454700756156228,1.0803483374560574,-0.03487826184043463,-2.220804408956648,0.9868178940801904,-2.3073884366357573,0.02103317528815607
expanding,1,Ridge,NEG,48,1.0420326441588772,1.0512301085360096,-0.009197464377132425,-0.6024981858483235,0.7265787147941951,-0.7241531321847415,0.46897172831088363
expanding,1,Ridge,POSNEG,48,1.0420326441588772,1.265904452480827,-0.22387180832194975,-2.6834071616931836,0.996356189714209,-3.0834857873410297,0.0020459088246138624
expanding,1,Ridge,ToneMean,48,1.0420326441588772,1.0785424343278576,-0.03650979016898037,-2.255832589423123,0.9879594412358847,-2.3446349178345764,0.019045718421907942
expanding,1,SVR,NEG,48,0.38647850035271025,0.49488328819751154,-0.10840478784480129,-1.4959556191847143,0.9326673895775414,-2.429105991739059,0.015136106671034266
expanding,1,SVR,POSNEG,48,0.38647850035271025,0.5654870408010847,-0.17900854044837444,-0.004458551558499829,0.501778698833002,-2.599447562429677,0.009337394314786085
expanding,1,SVR,ToneMean,48,0.38647850035271025,0.483762365221887,-0.09728386486917673,-0.44073635812951745,0.6702980640858724,-2.2238383781647797,0.026159320255601637
expanding,2,ElasticNet,NEG,48,0.9487011032060861,0.9540150445221265,-0.005313941316040349,-0.8008031400917915,0.7883771895635232,-0.854118828408181,0.39303915248901644
expanding,2,ElasticNet,POSNEG,48,0.9487011032060861,1.1717124856717243,-0.22301138246563812,-2.5077169755713267,0.9939243023679144,-2.974929838682282,0.002930555662874701
expanding,2,ElasticNet,ToneMean,48,0.9487011032060861,0.9960792720053431,-0.04737816879925694,-2.2832617791618466,0.9887925235164275,-2.4418923642945316,0.014610501998224779
expanding,2,Lasso,NEG,48,0.9501613888714106,0.9552353165129235,-0.005073927641512932,-0.9370555417768481,0.8256350057032205,-0.979024359382747,0.32756794361281827
expanding,2,Lasso,POSNEG,48,0.9501613888714106,1.1661146830987748,-0.2159532942273642,-2.5073832170420705,0.9939185617002936,-2.9770802809452706,0.0029100779747992522
expanding,2,Lasso,ToneMean,48,0.9501613888714106,0.9948311215334575,-0.04466973266204699,-2.250270842234635,0.9877841211642986,-2.408045722059869,0.01603817229260729
expanding,2,OLS,NEG,48,0.9545619469317946,0.9605406986484649,-0.005978751716670283,-0.6931462620761403,0.7558911160418332,-0.7608179443029993,0.44676581490110534
expanding,2,OLS,POSNEG,48,0.9545619469317946,1.1796644129229974,-0.22510246599120276,-2.41462415160822,0.9921242730559665,-2.886922249029435,0.003890303524313854
expanding,2,OLS,ToneMean,48,0.9545619469317946,1.000553302850195,-0.04599135591840031,-2.224187738288185,0.9869320921574098,-2.383795428461034,0.017135124725978557
expanding,2,Ridge,NEG,48,0.9508052895394243,0.95662067623357,-0.005815386694145719,-0.6994076616521034,0.7578513494578203,-0.7651981183949221,0.4441535799552643
expanding,2,Ridge,POSNEG,48,0.9508052895394243,1.1784032615470965,-0.22759797200767218,-2.4640110790684893,0.9931304067732989,-2.9320798274008597,0.0033670018877569596
expanding,2,Ridge,ToneMean,48,0.9508052895394243,0.9985884474379892,-0.04778315789856491,-2.261184378979412,0.9881260789958686,-2.422613864299958,0.015409295869333706
expanding,2,SVR,NEG,48,0.35767044916632,0.4540472610688018,-0.09637681190248176,-1.1565850118475598,0.8762790256389558,-2.1454153057733385,0.03191965641993977
expanding,2,SVR,POSNEG,48,0.35767044916632,0.5243433934295055,-0.16667294426318552,0.1840488304765897,0.42698757399656806,-2.415479035181045,0.015714527109928822
expanding,2,SVR,ToneMean,48,0.35767044916632,0.43321257120836315,-0.07554212204204314,0.05723426014536581,0.4771792936150482,-1.760244111418333,0.0783664257097696
expanding,3,ElasticNet,NEG,48,0.8397408695486321,0.8420567455772016,-0.002315876028569419,-1.5200567206105695,0.9357516396487331,-1.5302375416439054,0.12595794197892896
expanding,3,ElasticNet,POSNEG,48,0.8397408695486321,1.047134945542957,-0.2073940759943249,-2.347137897043502,0.9905408741476801,-2.9236808551095077,0.003459192092855945
expanding,3,ElasticNet,ToneMean,48,0.8397408695486321,0.889381825271122,-0.04964095572248983,-2.207648130645499,0.9863655943915346,-2.4651807592565853,0.013694414672017263
expanding,3,Lasso,NEG,48,0.8391626152352343,0.840459348567982,-0.0012967333327477126,-1.5595743647289857,0.940569750794036,-1.5628531338390075,0.11808714320119007
expanding,3,Lasso,POSNEG,48,0.8391626152352343,1.040355396218633,-0.20119278098339866,-2.3405146172968263,0.9903714077142249,-2.921110891739543,0.003487856575756565
expanding,3,Lasso,ToneMean,48,0.8391626152352343,0.8862518882394107,-0.047089273004176424,-2.162831424539343,0.98472292615839,-2.418120428843866,0.0156009125641694
expanding,3,OLS,NEG,48,0.843958152489814,0.8477206368306481,-0.003762484340834149,-1.4098117503182004,0.9207023619564709,-1.4318840036684901,0.15217702093175545
expanding,3,OLS,POSNEG,48,0.843958152489814,1.0533402620346963,-0.20938210954488234,-2.2495271087316646,0.987760509953426,-2.822419771373157,0.004766274578173135
expanding,3,OLS,ToneMean,48,0.843958152489814,0.8932963445671055,-0.04933819207729151,-2.174988502557614,0.9851845110085043,-2.4272311134601066,0.015214560251868736
expanding,3,Ridge,NEG,48,0.8416103321802194,0.845293546832287,-0.003683214652067557,-1.4816314129946309,0.9307808020674815,-1.5023489773617404,0.1330070059953854
expanding,3,Ridge,POSNEG,48,0.8416103321802194,1.0533205353737385,-0.21171020319351908,-2.2967896664454504,0.9891846143306865,-2.868293289937875,0.004126927734645625
expanding,3,Ridge,ToneMean,48,0.8416103321802194,0.8926411405767972,-0.05103080839657781,-2.2147872441599494,0.9866126644134522,-2.468325559215357,0.013574679700525394
expanding,3,SVR,NEG,48,0.34212701882384094,0.4550734458649488,-0.11294642704110786,-1.3771190987786999,0.915762285604979,-2.3702656151746804,0.01777531023114287
expanding,3,SVR,POSNEG,48,0.34212701882384094,0.5214067917989836,-0.1792797729751427,0.06923486550828807,0.4724013355095509,-2.371376514496644,0.017721967496239666
expanding,3,SVR,ToneMean,48,0.34212701882384094,0.43542883054537124,-0.09330181172153029,-0.13420054873206883,0.5533780039936966,-2.0655314315673703,0.03887274469936197
expanding,4,ElasticNet,NEG,47,0.7643815403033402,0.7655883743666337,-0.0012068340632935826,-0.38990037121484855,0.651694890300403,-0.426161341464127,0.6699902847810213
expanding,4,ElasticNet,POSNEG,47,0.7643815403033402,0.9780375212413741,-0.21365598093803395,-2.235536358941343,0.9873089213038513,-2.974339203243885,0.0029362029906117026
expanding,4,ElasticNet,ToneMean,47,0.7643815403033402,0.8257235452448539,-0.06134200494151376,-2.0450320715986425,0.9795741518359607,-2.4209393965383073,0.015480457859608832
expanding,4,Lasso,NEG,47,0.7639625231598869,0.7653998129285736,-0.0014372897686867336,-0.6935594131262165,0.7560207228933518,-0.7192826050612059,0.471966811487456
expanding,4,Lasso,POSNEG,47,0.7639625231598869,0.971691643254668,-0.20772912009478106,-2.256498571708727,0.9879802876729799,-2.997414480574177,0.0027228024076793034
expanding,4,Lasso,ToneMean,47,0.7639625231598869,0.8221099947716443,-0.05814747161175737,-1.980395469113145,0.9761704456585447,-2.3564499064967817,0.018450555979405037
expanding,4,OLS,NEG,47,0.7694188921659257,0.7705449448762252,-0.0011260527102994189,-0.2874066412951746,0.6130995116985951,-0.3341620130004317,0.7382573071964353
expanding,4,OLS,POSNEG,47,0.7694188921659257,0.9844277694948416,-0.21500887732891583,-2.1276801472234514,0.9833181939843527,-2.8581147401204983,0.004261662605655525
expanding,4,OLS,ToneMean,47,0.7694188921659257,0.8301261062940996,-0.060707214128173814,-1.9979050365995858,0.9771365217453032,-2.3736562268739227,0.01761294031189453
expanding,4,Ridge,NEG,47,0.7669596390471737,0.7680670063813505,-0.001107367334176823,-0.26286838014297903,0.6036739857832577,-0.31123269286556726,0.7556237310483385
expanding,4,Ridge,POSNEG,47,0.7669596390471737,0.9843164651169587,-0.21735682606978501,-2.174618330412831,0.9851706352310401,-2.906316120978241,0.0036571177319979498
expanding,4,Ridge,ToneMean,47,0.7669596390471737,0.8294217337787775,-0.0624620947316038,-2.0393145657714427,0.9792906785757367,-2.4152302214715644,0.015725266777447233
expanding,4,SVR,NEG,47,0.32670246460948904,0.41597475696765857,-0.08927229235816952,-1.2828345711505673,0.9002249802707343,-2.286493344492726,0.022225413045813713
expanding,4,SVR,POSNEG,47,0.32670246460948904,0.47259912109283253,-0.1458966564833435,0.30554576091873203,0.37997526148589966,-2.21725863115407,0.026605423084120394
expanding,4,SVR,ToneMean,47,0.32670246460948904,0.40778983932406754,-0.0810873747145785,0.1891887635896756,0.42497243699688325,-1.8366462473601552,0.06626213530829594
expanding,5,ElasticNet,NEG,46,0.6783534864808995,0.6792108160323607,-0.0008573295514611168,-0.21189233292500134,0.5839044838851368,-0.26591783273533004,0.7903024908725689
expanding,5,ElasticNet,POSNEG,46,0.6783534864808995,0.9098660348674962,-0.23151254838659663,-2.123152145269181,0.9831294477144633,-2.9940967242974286,0.002752586680701441
expanding,5,ElasticNet,ToneMean,46,0.6783534864808995,0.7438688487740623,-0.0655153622931628,-2.0614882266928265,0.9803717572356039,-2.589226869705679,0.009619169753589674
expanding,5,Lasso,NEG,46,0.678574972415134,0.6798083148807622,-0.0012333424656282288,-0.4684154578911576,0.6802562420576355,-0.5108452741337937,0.6094594041612247
expanding,5,Lasso,POSNEG,46,0.678574972415134,0.9046947300980347,-0.2261197576829007,-2.1533433256681147,0.984354146930005,-3.0280527044504395,0.002461351557745184
expanding,5,Lasso,ToneMean,46,0.678574972415134,0.7416304188796277,-0.06305544646449368,-2.031237584645543,0.9788845502772127,-2.562158863255461,0.010402372424013873
expanding,5,OLS,NEG,46,0.6825711580624706,0.6830152858722014,-0.0004441278097307988,-0.06283154368010624,0.5250496763694616,-0.12401036411174333,0.9013070690351241
expanding,5,OLS,POSNEG,46,0.6825711580624706,0.9133950883961061,-0.23082393033363546,-1.9540094266541188,0.9746499488099687,-2.824043185987636,0.004742199470781694
expanding,5,OLS,ToneMean,46,0.6825711580624706,0.7469415385016651,-0.06437038043919452,-1.9839356913302724,0.976368495273523,-2.5189390966825886,0.011770901478145968
expanding,5,Ridge,NEG,46,0.6803154082643276,0.6807262681347157,-0.0004108598703881361,-0.046242690938934544,0.5184415917992475,-0.10874860389007694,0.9134018900971013
expanding,5,Ridge,POSNEG,46,0.6803154082643276,0.9132828033409887,-0.2329673950766611,-1.9991868857271764,0.977205931515443,-2.8725418805725913,0.004071841044614555
expanding,5,Ridge,ToneMean,46,0.6803154082643276,0.7464093233400086,-0.06609391507568108,-2.0292378535906783,0.9787829651268278,-2.563531213178465,0.010361338400637132
expanding,5,SVR,NEG,46,0.3046227808905823,0.3862937389348086,-0.0816709580442263,-1.2781857165089974,0.8994080243970521,-2.2753791741016482,0.022883193587971418
expanding,5,SVR,POSNEG,46,0.3046227808905823,0.461266975583726,-0.15664419469314367,0.3042326020004927,0.38047534424182283,-2.3494459760287034,0.018801372263116845
expanding,5,SVR,ToneMean,46,0.3046227808905823,0.3820316422937151,-0.0774088614031328,0.24728094220995905,0.4023454034000168,-2.0129170460374586,0.044123356980462436
expanding,6,ElasticNet,NEG,45,0.5988539948706123,0.5998229879187926,-0.0009689930481803222,-0.8083951427075283,0.7905684263708402,-0.843002767746335,0.39922689586760196
expanding,6,ElasticNet,POSNEG,45,0.5988539948706123,0.8366268100928355,-0.23777281522222316,-1.8364201184109294,0.9668522268156524,-2.8263480890615416,0.004708207005120757
expanding,6,ElasticNet,ToneMean,45,0.5988539948706123,0.6567762975887076,-0.057922302718095287,-2.0701468460612698,0.9807807024471218,-2.775337780043856,0.005514440170011126
expanding,6,Lasso,NEG,45,0.5991778813779821,0.6000289307099624,-0.0008510493319803247,-1.0447113202977696,0.8519217943839115,-1.0630829969151268,0.2877443144929259
expanding,6,Lasso,POSNEG,45,0.5991778813779821,0.8301262721030066,-0.2309483907250245,-1.8386437150232073,0.9670161964810238,-2.824569486902772,0.004734418129551221
expanding,6,Lasso,ToneMean,45,0.5991778813779821,0.6555546678796031,-0.056376786501621035,-2.024581882907188,0.9785448419331337,-2.727292714267188,0.006385636443085652
expanding,6,OLS,NEG,45,0.6005372131994804,0.6018009483720307,-0.0012637351725502954,-0.9405854527892257,0.8265413301788564,-0.9852906395487807,0.3244813292454012
expanding,6,OLS,POSNEG,45,0.6005372131994804,0.8420791807173609,-0.24154196751788048,-1.7617001598482958,0.9609400145799548,-2.7452713626025016,0.006046088061006705
expanding,6,OLS,ToneMean,45,0.6005372131994804,0.6579865062403102,-0.057449293040829796,-2.027542202737522,0.9786965034980999,-2.7400613629386923,0.006142771459333396
expanding,6,Ridge,NEG,45,0.5987592908315337,0.5999432734133124,-0.0011839825817787641,-0.7895137236862295,0.7850940940427651,-0.8361995723894976,0.40304263894333525
expanding,6,Ridge,POSNEG,45,0.5987592908315337,0.841982576232945,-0.24322328540141136,-1.800272085367868,0.9640911568102885,-2.78924275723431,0.005283144809469231
expanding,6,Ridge,ToneMean,45,0.5987592908315337,0.6577310397276352,-0.05897174889610157,-2.081166476059705,0.9812906645552593,-2.7945227506680053,0.005197638341905009
expanding,6,SVR,NEG,45,0.3056030931804504,0.3885099202267838,-0.0829068270463334,-0.8889610763203161,0.8129880004890329,-1.7874579190129802,0.07386350764200933
expanding,6,SVR,POSNEG,45,0.3056030931804504,0.46227454844376004,-0.1566714552633096,0.303536816656668,0.38074039721079456,-2.0278559014569737,0.042574957013416626
expanding,6,SVR,ToneMean,45,0.3056030931804504,0.3791379204490728,-0.07353482726862237,0.2572613753735961,0.3984885035838902,-1.3972609329939707,0.1623351192330884
rolling,1,ElasticNet,NEG,48,0.5044791468026361,0.5014109814339928,0.003068165368643294,0.80917323608444,0.20920775365000055,0.6211321197839634,0.5345126972731766
rolling,1,ElasticNet,POSNEG,48,0.5044791468026361,0.5014223361924844,0.003056810610151617,0.3783255128365798,0.3525943974632515,0.07608146546483963,0.9393542858128621
rolling,1,ElasticNet,ToneMean,48,0.5044791468026361,0.48131002860740196,0.023169118195234095,1.3202929536898838,0.09336861362631566,1.162512322773382,0.24502742213798867
rolling,1,Lasso,NEG,48,0.5140353024890401,0.5109343125326705,0.0031009899563695376,0.8541137973348234,0.19652096991022383,0.6893602020567917,0.49059662159895123
rolling,1,Lasso,POSNEG,48,0.5140353024890401,0.5114241281046485,0.0026111743843915125,0.34181309438777085,0.366245777304824,0.06860917851790979,0.9453007126846289
rolling,1,Lasso,ToneMean,48,0.5140353024890401,0.4919468340760897,0.02208846841295037,1.2644858823556298,0.10302784237233364,1.1183441973563406,0.26342001734833165
rolling,1,OLS,NEG,48,0.49234431427312425,0.48878166059471756,0.003562653678406691,0.8831240176073711,0.18858463440500306,0.6699829763154346,0.5028686424135185
rolling,1,OLS,POSNEG,48,0.49234431427312425,0.49098803431819915,0.0013562799549250992,0.36589690564604826,0.3572210027174145,0.032343826176213064,0.9741978592376677
rolling,1,OLS,ToneMean,48,0.49234431427312425,0.4685664415305382,0.023777872742586026,1.372092859629777,0.08501726601128179,1.1953503675442383,0.23195016860862916
rolling,1,Ridge,NEG,48,0.4982186339938754,0.4940256247732249,0.004193009220650468,0.9708112133174779,0.1658211488181781,0.7674168724897092,0.4428336999944582
rolling,1,Ridge,POSNEG,48,0.4982186339938754,0.49515439858874827,0.0030642354051271248,0.4042898210095651,0.342999804891847,0.07208383841336644,0.9425351878416743
rolling,1,Ridge,ToneMean,48,0.4982186339938754,0.47345769791462794,0.024760936079247453,1.3912704743737832,0.082071711812433,1.2148655766441032,0.22441736477676422
rolling,1,SVR,NEG,48,0.4696143641239865,0.49829801133648743,-0.02868364721250094,-0.5941010985361486,0.7237777519058538,-1.1592130383504087,0.246369358110464
rolling,1,SVR,POSNEG,48,0.4696143641239865,0.5906614815797631,-0.12104711745577657,-1.4170970471764186,0.9217727221196176,-1.6622614679110672,0.0964603601049987
rolling,1,SVR,ToneMean,48,0.4696143641239865,0.5116117682335174,-0.0419974041095309,-1.2255008362508693,0.8898067123999676,-1.596050701049024,0.1104774740673573
rolling,2,ElasticNet,NEG,48,0.4948965373500185,0.49253608423613576,0.002360453113882721,0.6229857291166652,0.2666469499359818,0.48920390144961395,0.6246973476960507
rolling,2,ElasticNet,POSNEG,48,0.4948965373500185,0.49574529051422606,-0.0008487531642075719,0.28237263437545407,0.38882889808130217,-0.02025549620815846,0.9838395573765397
rolling,2,ElasticNet,ToneMean,48,0.4948965373500185,0.4730937422046207,0.02180279514539779,1.1014994691365425,0.13533966770607764,0.9523685870186519,0.340910084816199
rolling,2,Lasso,NEG,48,0.5053934374531703,0.5030139162355093,0.0023795212176610514,0.690409971462543,0.2449682039026675,0.57523660129004,0.565131292081585
rolling,2,Lasso,POSNEG,48,0.5053934374531703,0.508029121592259,-0.0026356841390886565,0.2001902241590942,0.42066590620869326,-0.06481356497352736,0.9483224408736712
rolling,2,Lasso,ToneMean,48,0.5053934374531703,0.48575779199146507,0.019635645461705264,1.0155972418763926,0.1549106094119851,0.874976828044521,0.38158651392545906
rolling,2,OLS,NEG,48,0.47994677669693436,0.4766467502949145,0.0033000264020198733,0.7883435604223687,0.21524788717062426,0.6314083086760629,0.5277735847480054
rolling,2,OLS,POSNEG,48,0.47994677669693436,0.4801263776376083,-0.00017960094067392962,0.3468036021508231,0.3643694353860242,-0.004258220739517134,0.9966024416831245
rolling,2,OLS,ToneMean,48,0.47994677669693436,0.45659790857021343,0.023348868126720934,1.2082844204188006,0.11346893951729686,1.053783704562483,0.2919819557532275
rolling,2,Ridge,NEG,48,0.4877083790831597,0.4839242941291923,0.003784084953967426,0.8549499287060728,0.19628943403042243,0.7031947159295484,0.4819344117926516
rolling,2,Ridge,POSNEG,48,0.4877083790831597,0.4862379474785851,0.0014704316045746069,0.38491771094677313,0.35014919179389326,0.034269397918332,0.9726623274533079
rolling,2,Ridge,ToneMean,48,0.4877083790831597,0.46329287708175765,0.02441550200140208,1.2266434351652704,0.1099783181877898,1.072280808866947,0.2835939239264702
rolling,2,SVR,NEG,48,0.4516321345475623,0.5022048289130737,-0.05057269436551143,-1.6184611487011786,0.9472183734426557,-2.1256045515645714,0.03353620031489646
rolling,2,SVR,POSNEG,48,0.4516321345475623,0.5902050796127996,-0.13857294506523726,-1.579493370901815,0.9428885320765058,-1.7247748659250435,0.08456805296644121
rolling,2,SVR,ToneMean,48,0.4516321345475623,0.5130069878266768,-0.06137485327911446,-1.4292632796729614,0.9235357120438903,-1.661986750086668,0.09651543119267192
rolling,3,ElasticNet,NEG,48,0.5008706309631864,0.499441209677632,0.0014294212855543997,0.43782764821425213,0.3307556134898548,0.3178012947673397,0.7506356685013378
rolling,3,ElasticNet,POSNEG,48,0.5008706309631864,0.5059649176705587,-0.005094286707372331,0.20613478921076903,0.4183428122072085,-0.12892963132737553,0.8974133299338409
rolling,3,ElasticNet,ToneMean,48,0.5008706309631864,0.4818142691748803,0.01905636178830611,1.190562671817002,0.11691265649439864,1.02292625673477,0.30634271388622336
rolling,3,Lasso,NEG,48,0.5129400472014354,0.5111917002837454,0.0017483469176899913,0.517769890286054,0.30230941424351554,0.43072412884653155,0.6666689722172712
rolling,3,Lasso,POSNEG,48,0.5129400472014354,0.5200388504010457,-0.007098803199610315,0.10453205706246835,0.4583735648826627,-0.18446450004564097,0.8536490741003981
rolling,3,Lasso,ToneMean,48,0.5129400472014354,0.4960517097171973,0.01688833748423807,1.1022322509225548,0.13518035718784627,0.9435878781257886,0.3453802890656865
rolling,3,OLS,NEG,48,0.48373180228467216,0.4814647169503219,0.0022670853343502717,0.596027108524469,0.2755785585717989,0.45066943579793384,0.652227814000645
rolling,3,OLS,POSNEG,48,0.48373180228467216,0.4877406370991408,-0.00400883481446862,0.2869870564994656,0.38706111549074973,-0.1008065738803927,0.9197040082257748
rolling,3,OLS,ToneMean,48,0.48373180228467216,0.46282648750497096,0.0209053147797012,1.2591632254226646,0.10398569070098218,1.0815180596794527,0.27946673169088543
rolling,3,Ridge,NEG,48,0.492926130530481,0.49020275602441027,0.0027233745060707415,0.6618806839761461,0.25402384597004635,0.5213483290794491,0.6021241395730079
rolling,3,Ridge,POSNEG,48,0.492926130530481,0.49510221358693607,-0.002176083056455058,0.3378801340043073,0.36772675941651733,-0.053747337105798286,0.9571364677241783
rolling,3,Ridge,ToneMean,48,0.492926130530481,0.47063514332330775,0.022290987207173263,1.2915009141793488,0.09826501915805008,1.1164290929584566,0.26423850609168853
rolling,3,SVR,NEG,48,0.45645518687273023,0.5008759265356604,-0.04442073966293014,-1.3388490437997398,0.9096900894784115,-1.8139681798987597,0.0696826247977338
rolling,3,SVR,POSNEG,48,0.45645518687273023,0.5843367442452051,-0.12788155737247486,-1.3181032161207877,0.9062654509772838,-1.4926747182859865,0.1355223542884214
rolling,3,SVR,ToneMean,48,0.45645518687273023,0.5112860573118366,-0.054830870439106394,-1.0471427231581891,0.852483121315267,-1.29088865630359,0.19674228946336747
rolling,4,ElasticNet,NEG,47,0.49097724419781186,0.49147971395778445,-0.0005024697599725902,-0.045227458153226506,0.5180369959013087,-0.14287690073148548,0.8863874019305276
rolling,4,ElasticNet,POSNEG,47,0.49097724419781186,0.48862831144514945,0.0023489327526624026,0.6318236856169706,0.2637510473261997,0.07804693176328657,0.9377907206709999
rolling,4,ElasticNet,ToneMean,47,0.49097724419781186,0.4661714544282692,0.024805789769542674,1.7668212656674875,0.03862908306110302,1.5840170184468787,0.1131898463467722
rolling,4,Lasso,NEG,47,0.5045601453142622,0.5050210917916512,-0.0004609464773890348,-0.09102818774203297,0.5362649032741189,-0.15246678780728007,0.8788187836444223
rolling,4,Lasso,POSNEG,47,0.5045601453142622,0.5022386388247858,0.002321506489476377,0.588333881745667,0.27815410392345896,0.07908255433050934,0.9369669596765096
rolling,4,Lasso,ToneMean,47,0.5045601453142622,0.48031174673291466,0.02424839858134753,1.7667338553289307,0.03863640535431412,1.5923792644584451,0.11129951247085779
rolling,4,OLS,NEG,47,0.47234746463897764,0.47303951867845834,-0.000692054039480694,-0.03492233375027316,0.5139291641420303,-0.17676021198241057,0.8596967430999822
rolling,4,OLS,POSNEG,47,0.47234746463897764,0.47109613218900037,0.0012513324499772716,0.6403656455198897,0.26096745604099236,0.04094981591820887,0.9673359033683098
rolling,4,OLS,ToneMean,47,0.47234746463897764,0.44748241542653616,0.02486504921244148,1.7583711328353753,0.03934219078466383,1.5645693233679523,0.1176839264975682
rolling,4,Ridge,NEG,47,0.48328519183447605,0.4837683330489223,-0.0004831412144462588,0.02106655747459833,0.4915962811203275,-0.11761984354416567,0.9063688812123163
rolling,4,Ridge,POSNEG,47,0.48328519183447605,0.48042628384533137,0.0028589079891446767,0.6904484545946256,0.24495610717185623,0.09124478768410002,0.9272980879307737
rolling,4,Ridge,ToneMean,47,0.48328519183447605,0.45686016647984784,0.026425025354628207,1.7883150619543622,0.03686259558323246,1.6026349844431673,0.10901526521870775
rolling,4,SVR,NEG,47,0.4171181918304541,0.46655035839610615,-0.049432166565652025,-1.2131066942363913,0.8874554845318688,-1.6607344199540486,0.0967667972988433
rolling,4,SVR,POSNEG,47,0.4171181918304541,0.5442589272041827,-0.12714073537372855,-1.255236332680768,0.8953035101217517,-1.4664540560538444,0.1425246290104487
rolling,4,SVR,ToneMean,47,0.4171181918304541,0.4586084961691351,-0.041490304338681006,-0.6787726874319921,0.7513590490042374,-0.9809426923047255,0.3266210027883514
rolling,5,ElasticNet,NEG,46,0.4808127984538359,0.48256184856485473,-0.001749050111018835,-0.16763328370479652,0.5665641074522433,-0.27072080183851543,0.7866057765019376
rolling,5,ElasticNet,POSNEG,46,0.4808127984538359,0.4721005754799084,0.008712222973927486,1.2801502480040308,0.10024614976954571,0.389721880694157,0.6967422148929394
rolling,5,ElasticNet,ToneMean,46,0.4808127984538359,0.452348229759554,0.028464568694281878,2.380105673532264,0.008653836962258299,2.2625785559603857,0.023661681266958112
rolling,5,Lasso,NEG,46,0.49810281152527836,0.5001539519976521,-0.002051140472373758,-0.28908919597121097,0.6137434394195298,-0.36614812082040443,0.7142545516666641
rolling,5,Lasso,POSNEG,46,0.49810281152527836,0.4885642119811028,0.009538599544175574,1.2554043422435415,0.10466600691968897,0.43297284974580796,0.6650344942252242
rolling,5,Lasso,ToneMean,46,0.49810281152527836,0.47103108041516195,0.027071731110116404,2.3090846532117317,0.01046944209910905,2.1807848564434003,0.02919933317274337
rolling,5,OLS,NEG,46,0.45674803434100186,0.45879994564508425,-0.0020519113040823878,-0.13459225501324962,0.5535328672546763,-0.27701191298885847,0.7817709587259187
rolling,5,OLS,POSNEG,46,0.45674803434100186,0.45110449873566066,0.005643535605341199,1.2101402148817855,0.11311254707709084,0.25469476429267224,0.7989588604100981
rolling,5,OLS,ToneMean,46,0.45674803434100186,0.4282527673673192,0.028495266973682654,2.407278007903776,0.008035964994091538,2.284258490969659,0.022356343847289795
rolling,5,Ridge,NEG,46,0.470347187371135,0.4724345072587468,-0.0020873198876117938,-0.143078626725242,0.5568859576707246,-0.2872316052815071,0.7739349879198645
rolling,5,Ridge,POSNEG,46,0.470347187371135,0.4632596292003124,0.007087558170822628,1.2513530431635036,0.10540285051583409,0.3088151090223489,0.7574621752055308
rolling,5,Ridge,ToneMean,46,0.470347187371135,0.4402052960039661,0.030141891367168938,2.421268797698896,0.007733218035241518,2.309672015690405,0.02090631924343156
rolling,5,SVR,NEG,46,0.3879912645465513,0.44135863382268975,-0.05336736927613844,-1.2209376272494594,0.8889451817469753,-1.5485688574719834,0.12148539712581363
rolling,5,SVR,POSNEG,46,0.3879912645465513,0.5218503222215769,-0.1338590576750256,-1.38298492205861,0.9166652554067903,-1.490971750753053,0.13596891176982195
rolling,5,SVR,ToneMean,46,0.3879912645465513,0.43502742534642164,-0.04703616079987033,-0.8539068525547233,0.8034216987942919,-1.0957664692968385,0.2731809857676337
rolling,6,ElasticNet,NEG,45,0.4576285030147865,0.4596581334349607,-0.0020296304201741777,-0.09273132401617233,0.5369414943723849,-0.24030128356581662,0.8100967000201056
rolling,6,ElasticNet,POSNEG,45,0.4576285030147865,0.44268708008353064,0.014941422931255888,2.093853053217735,0.01813653621436384,0.716872034564419,0.47345305893495904
rolling,6,ElasticNet,ToneMean,45,0.4576285030147865,0.4258179069346104,0.03181059608017611,2.946704557939339,0.001605899536186839,2.7880732866038076,0.005302254751499147
rolling,6,Lasso,NEG,45,0.4789864565158347,0.48149068421382013,-0.0025042276979854172,-0.2118498135319376,0.5838878975848596,-0.3165894137408829,0.7515551695134459
rolling,6,Lasso,POSNEG,45,0.4789864565158347,0.4612810558942265,0.01770540062160819,2.1302268189052254,0.016576445967162456,0.8477707025642329,0.39656568223917144
rolling,6,Lasso,ToneMean,45,0.4789864565158347,0.4467919408492316,0.03219451566660314,2.9428386231442287,0.0016260894906580114,2.7769864698758937,0.005486546283447469
rolling,6,OLS,NEG,45,0.4285860493538861,0.43021686120092695,-0.0016308118470408361,0.01477554884377114,0.49410562332448205,-0.1782468086705778,0.858529150274157
rolling,6,OLS,POSNEG,45,0.4285860493538861,0.416689753387775,0.011896295966111137,2.089981218670674,0.018309743427346037,0.6029247837656889,0.5465587277717336
rolling,6,OLS,ToneMean,45,0.4285860493538861,0.39799830405347547,0.03058774530041064,2.9725431288204316,0.0014767185644750658,2.760319504636052,0.0057744856779158305
rolling,6,Ridge,NEG,45,0.4441675058590764,0.44591249279232487,-0.0017449869332484824,-0.005227697604314566,0.5020855401042843,-0.1949709522967809,0.845415687914844
rolling,6,Ridge,POSNEG,45,0.4441675058590764,0.43087686445429907,0.013290641404777315,2.0893467471863847,0.018338260589492505,0.649610913276577,0.5159435819037161
rolling,6,Ridge,ToneMean,45,0.4441675058590764,0.4117856904221971,0.03238181543687929,2.978486619926436,0.001448378383768767,2.806400202741379,0.005009842819394317
rolling,6,SVR,NEG,45,0.3702668905543523,0.4173610543348174,-0.047094163780465104,-1.2395791044810487,0.8924344433387688,-1.5736039691706223,0.11557903506785872
rolling,6,SVR,POSNEG,45,0.3702668905543523,0.5045473882021104,-0.13428049764775812,-1.5197649475834571,0.9357149691275329,-1.5927926732742805,0.11120670931963139
rolling,6,SVR,ToneMean,45,0.3702668905543523,0.43242654613122494,-0.06215965557687264,-1.2775906211474388,0.899303095384105,-1.453701199545875,0.14602916548140676
